GGP,SO,TAXON,CHEBI,GO,CL,DNA,CELL_TYPE,CELL_LINE,RNA,PROTEIN,DISEASE,CHEMICAL,AMINO_ACID,ANATOMICAL_SYSTEM,CANCER,CELL,CELLULAR_COMPONENT,DEVELOPING_ANATOMICAL_STRUCTURE,GENE_OR_GENE_PRODUCT,IMMATERIAL_ANATOMICAL_ENTITY,MULTI_TISSUE_STRUCTURE,ORGAN,ORGANISM,ORGANISM_SUBDIVISION,ORGANISM_SUBSTANCE,PATHOLOGICAL_FORMATION,SIMPLE_CHEMICAL,TISSUE,Pathogen,MedicalCondition,Medicine,label_fake
0,0,1,5,0,0,0,0,0,0,0,0,0,0,0,0,0,0,0,0,0,0,0,0,0,0,0,0,0,0,0,0,1
0,0,0,1,0,0,0,0,0,0,0,0,1,0,0,0,0,0,0,0,0,0,0,1,0,0,0,1,0,0,0,1,1
0,0,0,1,0,0,0,0,0,0,0,0,1,0,0,0,0,0,0,0,0,0,0,1,0,0,0,1,0,0,0,1,1
0,0,3,0,0,0,0,1,0,0,0,0,0,0,0,0,0,0,0,0,0,0,0,1,0,0,0,0,0,1,0,0,1
0,0,1,0,0,0,0,1,0,0,0,0,0,0,0,0,0,0,0,1,0,0,0,1,0,0,0,0,0,0,0,0,1
0,0,2,4,1,0,0,0,0,0,1,7,1,0,0,0,0,1,0,0,0,0,0,1,1,0,0,3,0,0,1,1,1
1,0,3,6,1,0,0,0,0,0,1,11,1,0,0,0,0,1,0,0,0,0,0,1,1,0,0,3,0,1,2,2,1
0,0,2,3,0,0,0,0,0,0,3,1,0,0,0,2,0,0,0,1,0,0,2,0,0,0,0,0,0,0,1,0,1
0,0,7,2,0,0,0,0,0,0,0,11,0,0,0,0,0,2,0,0,0,0,4,4,0,0,2,2,2,1,5,4,0
0,0,1,0,0,0,0,0,0,0,0,7,0,0,0,0,0,0,0,0,0,0,2,0,0,0,0,0,0,0,4,0,1
0,0,1,0,0,0,0,0,0,0,0,0,0,0,0,0,0,0,0,0,0,0,0,1,0,0,0,0,0,0,0,1,1
0,1,0,0,0,0,0,0,0,0,0,0,0,0,0,0,0,0,0,1,0,1,0,0,0,0,0,0,0,0,0,0,1
0,0,1,3,0,0,0,0,0,0,0,3,0,0,0,0,0,0,0,0,0,0,1,1,1,0,0,0,0,1,0,0,1
0,0,0,0,0,0,0,0,0,0,0,0,0,0,0,0,0,0,0,0,0,0,1,0,0,0,0,0,0,1,0,2,0
0,0,1,0,0,0,0,0,0,0,1,6,0,0,0,0,1,0,0,0,0,1,0,1,0,0,0,0,0,0,2,0,0
0,0,0,1,0,0,0,0,0,0,0,0,1,0,0,0,0,0,0,0,0,0,0,0,0,0,0,1,0,0,0,0,0
0,0,2,0,0,0,0,0,0,0,0,3,0,0,0,1,0,0,0,0,0,0,1,0,0,0,1,0,0,0,1,3,0
0,0,3,1,0,0,0,0,0,0,1,0,0,0,0,0,0,0,0,0,0,0,0,1,0,0,0,1,0,1,0,0,0
0,0,1,1,0,0,0,0,0,0,1,2,0,0,0,0,0,0,0,0,0,0,1,0,0,0,0,0,0,0,1,1,0
0,0,2,1,0,0,0,0,0,0,0,3,0,0,0,0,0,0,0,0,0,0,0,1,0,0,0,3,0,2,1,0,0
0,0,0,1,0,0,0,0,0,0,0,0,0,0,0,0,0,0,0,0,0,0,0,0,0,0,0,1,0,1,0,0,0
0,0,0,0,0,0,0,0,0,0,0,1,0,0,0,0,0,0,0,0,0,0,2,0,0,0,0,0,0,0,0,0,0
0,0,0,0,0,0,0,0,0,0,0,5,0,0,0,0,0,0,0,0,0,0,0,3,0,0,0,0,0,0,0,1,0
0,0,1,5,0,0,0,0,0,0,0,1,3,0,0,0,0,1,0,0,0,0,1,0,0,0,0,4,0,0,0,3,0
0,0,4,0,0,0,0,0,0,0,0,2,0,0,0,0,0,0,0,1,0,0,0,0,0,0,0,0,0,1,0,7,0
0,0,0,0,0,0,0,0,0,0,0,2,0,0,0,0,0,0,0,0,0,0,1,2,0,0,1,2,0,1,0,1,0
0,0,0,3,0,0,0,0,0,0,0,0,0,0,0,0,0,0,0,0,0,0,0,2,0,0,0,0,0,2,0,0,0
0,0,1,0,0,0,0,1,0,0,0,2,0,0,0,0,0,0,0,0,0,0,2,3,0,0,0,0,0,2,2,0,0
0,0,4,3,0,0,0,0,0,0,0,1,0,0,0,0,0,0,0,0,0,0,0,0,0,0,0,0,0,2,0,0,0
0,0,2,0,0,0,0,0,0,0,0,0,0,0,0,0,0,0,0,0,0,0,0,0,0,0,0,0,0,2,0,0,0
0,0,8,0,0,0,0,0,0,0,0,4,0,0,0,0,0,1,0,0,0,0,1,0,0,0,0,0,0,1,1,0,0
0,0,4,4,0,0,0,0,0,0,1,10,1,0,0,0,1,3,0,0,0,2,2,2,1,0,1,1,0,4,3,1,1
0,0,0,5,0,0,0,0,0,0,0,0,1,0,0,0,0,0,0,0,0,0,0,0,0,0,0,2,0,0,0,1,1
0,0,2,2,0,0,0,0,0,0,0,1,2,0,0,0,0,0,0,0,0,1,0,2,1,0,0,3,0,0,0,1,1
0,0,1,0,0,0,0,0,0,0,0,0,0,0,0,0,0,0,0,0,0,0,0,0,0,0,0,0,0,1,0,0,1
0,0,0,0,0,0,0,0,0,0,0,0,0,0,0,0,0,0,0,0,0,0,0,0,0,0,0,0,0,1,1,0,1
0,0,7,0,0,0,0,0,0,0,0,2,0,0,0,0,0,0,0,0,0,0,0,5,0,0,0,0,0,4,0,0,1
0,0,0,0,0,0,0,0,0,0,0,0,0,0,0,0,0,0,0,0,0,0,0,2,0,0,0,0,0,0,0,0,1
0,1,15,0,0,1,1,0,0,0,2,3,1,0,0,1,0,0,0,0,0,0,2,11,0,0,0,0,0,10,3,0,1
1,14,57,8,0,3,7,3,0,0,6,7,1,0,0,2,4,0,0,3,0,2,1,30,0,0,0,0,0,27,7,2,0
0,0,1,0,0,0,0,0,0,0,0,2,0,0,0,0,0,0,0,0,0,0,0,1,0,0,0,1,0,0,0,0,1
0,0,3,0,0,0,0,0,1,0,0,3,0,0,0,0,0,0,0,0,0,0,0,3,0,0,0,0,0,0,1,0,1
0,0,11,1,0,1,0,1,0,0,0,6,0,0,0,0,2,1,0,1,0,0,0,12,0,0,1,0,0,12,5,2,1
0,0,1,0,0,0,0,0,0,0,0,0,0,0,0,2,0,0,0,0,0,0,0,0,0,0,0,0,0,2,0,0,1
0,0,2,0,0,0,0,0,0,0,1,0,0,0,0,0,0,0,0,0,0,0,0,1,0,0,0,0,0,1,0,0,1
0,0,2,0,0,0,0,0,0,0,0,0,0,0,0,0,0,0,0,0,0,0,0,2,0,0,0,0,0,0,1,1,1
0,0,2,0,0,0,0,0,0,0,0,0,0,0,0,0,0,0,0,0,0,0,0,0,0,0,0,0,0,0,0,0,1
0,0,0,0,0,0,0,0,0,0,0,0,0,0,0,0,0,0,0,0,0,0,0,0,0,0,0,0,0,0,0,0,1
0,0,2,0,0,0,0,0,0,0,0,0,0,0,0,0,0,0,0,0,0,0,0,1,0,0,0,0,0,1,0,0,1
0,1,2,0,0,0,0,0,0,0,0,1,0,0,0,0,0,0,0,0,0,0,0,1,0,0,0,0,0,1,1,0,1
0,0,1,3,0,0,6,0,0,0,0,4,0,0,0,1,2,2,0,0,0,0,0,7,0,0,1,0,0,5,7,5,1
0,0,3,0,0,0,0,0,0,0,0,5,0,0,0,0,0,0,0,0,0,0,0,4,0,0,0,0,0,3,4,2,0
0,2,3,4,0,0,0,0,2,0,1,2,2,0,0,0,0,1,0,4,0,2,1,9,1,0,0,2,0,2,10,3,1
0,0,0,0,0,0,0,0,0,0,0,1,0,0,0,0,0,0,0,1,0,0,0,0,0,0,0,0,0,0,0,2,0
1,2,1,1,0,0,0,0,0,0,1,7,0,0,0,1,0,0,0,2,0,1,0,0,0,0,2,0,0,1,1,2,0
0,0,1,0,0,0,0,0,0,0,1,0,1,0,0,0,0,0,0,0,0,0,0,2,0,0,0,0,0,3,0,0,1
0,0,3,0,0,0,0,0,0,0,0,0,0,0,0,2,0,0,0,0,0,0,0,1,0,0,0,0,0,1,1,2,0
0,0,0,0,0,0,0,0,0,0,0,1,0,0,0,0,0,0,0,0,0,1,0,0,0,0,1,0,0,0,2,0,0
0,0,0,0,0,0,0,0,0,0,0,0,0,1,0,0,0,0,0,0,0,0,0,0,0,0,1,0,0,0,1,1,0
0,0,0,0,0,0,0,0,0,0,1,1,0,0,0,0,1,1,0,0,0,0,0,2,0,0,0,0,0,1,1,0,0
0,0,3,0,0,0,0,0,0,0,0,2,0,0,0,0,0,0,0,0,0,0,0,5,0,0,0,2,0,3,1,0,0
0,0,2,0,0,0,0,0,0,0,0,0,0,0,0,0,1,0,0,0,0,0,0,1,0,0,0,0,0,1,0,1,0
0,0,0,0,0,0,0,0,0,0,0,1,0,0,0,1,0,0,0,0,0,0,0,2,0,0,0,0,0,1,0,2,0
0,0,0,0,0,0,0,0,0,0,0,0,1,0,0,0,0,0,0,1,0,0,0,1,0,0,0,0,0,1,0,0,0
0,0,2,0,0,0,0,0,0,0,0,1,0,0,0,0,0,0,0,0,0,0,0,2,0,0,0,1,0,1,1,0,0
1,1,8,1,0,0,0,0,0,0,0,3,0,0,0,0,0,0,0,2,0,3,3,12,0,0,0,1,0,5,8,3,0
0,1,14,1,0,1,1,0,1,0,2,3,0,0,0,3,1,2,0,2,0,1,1,10,0,0,0,8,2,10,1,3,0
0,1,2,1,0,0,0,0,0,0,0,1,0,0,0,0,1,0,0,0,0,0,0,2,0,0,1,0,0,4,1,2,0
0,1,7,2,0,0,0,0,0,1,0,4,0,0,0,0,2,1,0,2,0,0,1,12,0,0,0,0,0,8,2,6,0
0,0,0,0,0,0,0,0,0,0,1,0,0,0,0,0,0,0,0,1,0,0,0,0,0,0,0,0,0,2,0,0,1
0,0,1,0,0,0,0,0,0,0,0,0,0,0,0,0,0,0,0,0,0,0,0,3,0,0,0,0,0,0,0,0,1
0,1,5,0,0,0,0,0,3,0,1,4,0,0,0,1,0,0,0,0,0,0,0,13,0,0,0,0,0,2,1,5,1
0,0,0,0,0,0,0,0,0,0,0,2,0,0,0,0,0,0,0,0,0,0,0,1,0,0,0,0,0,1,0,0,1
0,0,0,0,0,0,0,0,0,0,0,0,0,0,0,0,0,0,0,0,0,0,0,1,0,0,0,0,0,2,0,0,1
0,0,3,0,0,0,0,0,0,0,0,3,0,0,0,0,0,0,0,0,0,0,0,6,2,0,0,0,0,0,1,0,0
0,0,4,0,0,0,0,0,0,0,1,4,0,0,0,0,0,1,0,0,0,0,0,13,2,0,0,0,0,4,2,3,0
0,0,1,0,0,0,0,0,0,0,0,0,0,0,0,0,0,0,0,0,0,0,0,1,0,0,0,0,0,0,0,0,1
0,0,1,0,0,0,0,0,0,0,0,0,0,0,0,0,0,0,0,1,0,0,0,3,0,0,0,0,0,2,0,0,1
0,0,2,5,0,0,1,0,0,0,1,4,2,0,0,0,1,0,0,3,0,0,0,7,3,0,0,0,0,5,4,4,1
2,3,22,2,0,0,2,0,0,0,3,8,1,0,0,0,0,0,0,3,0,1,0,17,0,0,0,0,1,15,1,9,1
0,0,1,0,0,0,0,0,0,0,0,1,0,0,0,0,0,0,0,0,0,0,0,1,0,0,0,0,0,2,0,0,1
0,0,2,0,0,0,1,0,0,0,0,0,0,0,0,0,0,0,0,0,0,0,0,1,0,0,0,0,0,0,0,0,1
0,0,0,0,0,0,0,0,0,0,0,0,0,0,0,0,0,0,0,0,0,0,0,1,0,0,0,0,0,0,0,0,1
0,0,1,0,0,0,0,0,0,0,1,0,0,0,0,0,0,0,0,1,0,0,0,0,0,0,0,0,0,0,0,2,1
0,0,13,0,0,0,0,0,0,0,0,17,2,0,0,2,2,0,0,0,0,0,3,14,0,0,0,0,0,9,9,1,0
0,3,28,3,0,0,0,0,0,0,0,25,1,0,0,1,0,1,0,0,0,0,2,13,0,0,0,0,0,9,9,5,0
0,0,21,1,0,0,1,0,0,0,2,16,1,0,0,4,0,0,0,6,0,0,1,13,0,0,0,1,0,20,7,2,0
0,0,0,0,0,0,0,0,0,0,0,13,1,0,0,1,1,0,0,0,0,1,5,7,1,0,1,1,0,1,5,0,0
0,0,0,0,0,0,0,0,0,0,0,1,0,0,0,0,0,0,0,0,0,0,0,1,0,0,0,0,0,0,1,0,0
0,0,1,0,0,0,0,0,0,0,0,9,0,0,0,0,0,0,0,0,0,0,0,2,0,0,1,0,0,1,2,0,0
0,1,3,16,0,0,0,0,0,0,1,7,6,0,0,0,0,2,0,1,3,0,2,9,0,0,1,11,2,1,6,2,0
0,0,9,1,0,0,0,0,0,0,0,6,0,0,0,0,0,2,0,1,0,0,2,6,1,0,2,0,0,2,1,0,0
0,0,4,0,0,0,0,0,0,0,0,0,0,0,0,0,0,1,0,0,0,0,0,4,0,0,0,0,0,7,1,3,1
0,0,18,2,1,5,1,2,0,0,3,26,2,0,0,2,7,1,0,2,0,4,7,16,4,0,3,1,3,2,2,1,1
0,4,12,2,0,0,0,0,0,0,3,38,1,0,0,3,0,0,0,3,1,0,1,10,2,0,0,2,1,14,11,6,1
0,2,30,1,0,0,3,0,1,0,3,16,7,0,0,4,0,1,0,0,0,0,1,15,0,0,1,1,0,15,11,4,1
0,0,3,4,0,0,0,0,0,0,1,9,4,0,0,2,0,0,0,0,0,2,5,5,0,0,1,3,0,3,0,3,1
4,102,154,15,1,6,22,6,0,0,16,40,3,3,0,0,10,0,0,17,0,3,5,84,0,0,0,7,2,67,24,23,1
0,6,14,2,0,0,1,0,0,0,5,3,0,0,0,0,0,0,0,1,0,0,0,9,0,0,0,0,0,10,2,3,1
0,14,23,5,0,0,6,0,1,0,4,7,1,0,0,0,2,0,0,4,0,0,0,23,0,0,0,0,0,11,3,11,1
0,0,15,0,0,0,0,0,0,0,0,5,0,1,0,0,0,0,0,0,0,0,1,7,0,0,0,0,0,5,0,2,1
3,11,44,15,7,6,4,1,2,0,17,64,11,1,0,4,6,3,1,22,0,2,4,71,6,0,2,12,1,19,27,43,1
0,0,8,1,0,0,2,0,0,0,0,5,2,0,0,0,1,0,0,1,0,0,0,6,0,0,2,0,0,1,1,2,1
0,0,4,0,0,0,0,0,0,0,2,4,1,0,0,0,0,0,0,0,0,0,0,1,0,0,0,0,0,5,0,0,1
0,0,2,0,0,0,0,0,0,0,0,2,0,0,0,0,0,0,0,1,0,0,0,1,0,0,0,0,0,2,1,0,1
0,0,5,0,0,0,0,0,0,0,0,2,0,0,0,0,0,2,0,0,0,0,0,6,0,0,0,0,0,13,3,5,1
0,0,7,18,0,0,0,0,0,0,0,4,21,0,0,0,0,0,0,0,0,0,2,5,1,0,0,16,0,7,3,2,1
0,2,82,14,0,2,9,1,1,0,11,51,6,2,0,5,3,3,0,3,0,0,5,58,0,0,1,6,1,27,24,18,1
0,1,35,15,0,1,0,0,0,0,1,26,17,1,0,4,1,0,0,0,0,3,5,55,2,0,1,11,5,21,8,4,1
0,0,13,0,0,0,0,0,0,0,0,10,0,0,0,1,0,0,0,1,0,1,1,10,1,0,3,0,0,5,5,4,0
0,1,3,10,0,0,0,0,0,0,1,3,8,0,0,3,0,0,0,0,1,1,0,4,1,0,0,8,0,2,8,13,0
0,0,12,0,0,0,0,0,0,0,2,3,0,1,0,0,1,0,0,0,0,0,0,9,0,0,0,1,0,9,9,4,1
1,25,56,5,0,7,8,1,3,0,9,26,0,2,0,4,14,23,0,13,0,0,6,48,1,0,1,12,2,27,10,17,1
0,0,0,1,0,0,0,0,0,0,0,0,1,0,0,0,0,0,0,0,0,0,0,0,0,0,0,0,0,0,0,1,1
0,6,8,5,0,0,0,0,0,0,6,4,8,0,0,1,8,0,0,1,0,0,0,8,0,0,2,13,0,7,6,7,0
0,0,6,11,0,0,0,0,0,0,0,7,0,0,0,5,1,0,0,6,0,0,2,6,0,0,0,3,0,11,2,0,1
0,0,8,3,0,0,0,0,0,0,0,0,5,0,0,0,0,0,0,0,0,0,0,0,0,0,1,0,0,2,2,1,1
2,2,30,3,0,0,2,0,0,0,2,15,7,0,0,0,0,0,0,7,0,0,0,19,0,0,0,0,0,19,3,3,1
0,3,7,8,0,2,0,0,0,0,1,1,0,0,0,1,2,0,0,1,0,0,0,2,0,0,0,0,0,2,0,1,1
0,1,1,0,0,0,0,0,0,0,3,6,2,0,0,0,0,0,0,0,0,0,2,3,0,0,1,0,0,4,1,2,1
0,0,3,3,0,0,0,0,0,0,2,3,0,0,0,0,0,0,0,0,0,2,0,1,1,0,1,0,2,5,1,2,1
0,0,2,0,0,0,0,0,0,0,4,1,1,0,0,0,0,0,0,0,0,0,2,2,0,0,0,0,1,4,1,0,1
0,6,13,10,0,1,0,0,0,0,6,4,3,1,0,2,11,1,0,3,0,1,0,12,0,0,3,13,0,3,4,6,0
0,2,6,13,0,0,0,0,0,0,1,2,5,0,0,1,0,0,0,0,0,0,0,6,1,0,1,2,1,8,4,4,0
1,2,5,9,0,0,1,0,1,0,8,5,8,0,0,4,3,0,0,1,0,2,2,11,0,0,0,4,0,8,8,4,0
1,3,41,2,0,0,0,1,0,0,0,36,2,1,1,2,2,0,0,1,0,0,2,38,3,0,0,3,0,15,16,9,0
3,9,36,14,4,15,0,3,0,0,8,29,7,0,0,0,17,4,0,3,0,3,2,14,1,0,0,6,1,9,7,8,0
0,6,46,6,1,0,2,0,2,0,2,50,3,2,0,2,2,2,0,5,0,1,8,47,0,0,0,4,0,24,15,15,0
0,1,3,22,0,0,0,0,1,0,0,14,35,0,0,1,0,1,0,1,0,0,2,17,0,0,0,32,1,6,8,29,0
0,2,4,2,0,0,8,0,0,0,2,17,2,0,0,3,0,0,0,3,0,2,0,14,0,0,0,4,0,12,9,12,1
0,1,2,0,0,1,0,0,0,0,2,3,0,0,0,0,0,0,0,2,0,1,1,16,0,0,1,2,0,7,3,2,1
0,0,0,0,0,0,0,0,0,0,0,0,0,0,0,1,1,0,0,0,0,0,0,0,0,0,0,0,0,1,0,0,1
0,1,3,0,0,0,1,0,0,0,0,1,0,0,0,0,0,1,0,0,0,0,0,2,0,0,0,0,0,3,0,0,1
0,0,5,0,0,0,0,0,0,0,0,1,0,0,0,1,0,0,0,0,0,0,0,4,0,0,1,0,0,2,0,1,1
0,0,1,0,0,0,0,0,0,0,0,1,1,0,0,1,2,0,0,0,0,0,0,0,0,0,0,0,0,0,0,2,1
0,0,0,0,0,0,0,0,0,0,0,0,0,0,0,1,0,1,0,1,0,0,1,1,0,0,0,0,0,0,1,0,1
0,1,1,15,0,0,0,0,1,0,0,8,12,0,0,0,0,0,0,1,0,0,1,11,0,0,0,12,0,3,0,9,0
0,18,23,10,4,10,0,4,2,2,11,7,1,1,0,2,10,3,0,5,0,1,0,17,2,0,0,3,0,13,6,20,0
1,0,8,4,0,0,0,1,0,0,1,1,0,1,0,0,1,0,0,1,0,0,0,9,0,0,0,1,0,2,0,4,0
0,8,9,2,3,0,1,0,0,0,0,2,2,0,0,1,0,0,0,2,0,0,1,19,0,0,0,1,0,4,4,9,0
0,5,43,13,0,2,0,0,5,1,3,14,2,7,0,2,8,1,1,3,0,0,1,33,0,0,1,2,0,26,18,39,0
4,9,32,23,18,3,3,2,3,2,30,20,16,2,0,1,6,3,0,15,1,1,5,33,0,0,4,12,0,21,5,29,0
0,3,17,1,0,10,1,3,1,0,2,22,2,1,0,2,9,2,0,5,0,6,6,23,2,0,0,11,2,18,9,5,1
6,3,26,54,2,17,3,15,2,0,24,19,32,0,0,6,24,2,0,9,1,0,0,12,1,0,3,23,0,7,6,10,1
1,15,23,4,0,0,3,0,0,0,9,13,3,1,0,4,3,10,0,13,1,1,1,25,0,0,1,6,0,34,14,15,1
0,3,35,2,2,0,0,0,0,0,4,22,0,0,0,7,4,2,0,9,0,0,1,27,0,0,2,1,2,13,5,4,1
0,3,29,6,0,0,2,0,1,0,9,18,8,0,0,6,6,0,0,7,0,3,4,34,2,0,1,7,1,33,12,17,1
1,1,19,8,0,2,1,0,0,0,8,15,2,2,0,4,6,1,0,5,1,1,4,24,1,0,2,10,0,12,10,10,1
12,13,21,78,2,14,5,2,2,0,24,53,87,0,0,7,27,3,0,34,2,9,12,25,2,0,0,80,2,27,15,32,1
0,3,20,5,2,0,0,0,0,0,3,22,5,0,0,1,3,0,0,5,0,0,5,25,1,0,0,5,0,20,5,13,1
0,0,0,0,0,0,0,0,0,0,1,0,1,0,0,0,0,0,0,0,0,0,0,2,0,0,0,1,0,1,0,0,1
0,3,15,1,0,0,0,0,0,0,3,9,0,0,0,0,3,0,0,0,0,0,0,8,0,0,0,0,0,5,3,3,1
10,9,33,7,0,0,7,2,5,0,44,20,1,0,0,5,6,1,0,4,0,0,0,30,0,0,2,4,0,34,10,13,1
0,3,42,44,10,6,1,0,0,0,8,67,45,0,0,6,6,2,0,3,0,7,4,42,0,0,10,51,0,15,7,34,0
1,1,44,15,0,0,0,0,0,0,8,117,7,0,0,13,0,3,0,10,0,6,13,41,9,0,10,5,1,23,33,7,0
1,3,52,32,1,1,1,0,0,0,13,40,11,0,1,4,4,9,0,3,2,6,11,34,0,0,6,21,4,22,13,28,0
2,2,8,12,1,1,0,1,0,0,16,51,8,0,0,4,5,1,0,9,0,3,19,14,1,0,1,6,0,6,12,7,0
0,0,33,27,10,1,0,0,1,0,14,67,8,1,0,2,0,2,0,6,2,9,8,31,5,0,9,27,3,8,31,21,0
0,0,6,0,0,0,0,0,0,0,4,15,1,0,0,3,0,0,0,0,0,0,2,31,0,0,2,0,1,6,13,6,0
0,0,7,12,0,3,0,0,0,0,0,11,17,0,0,1,3,0,0,1,0,1,1,2,0,0,1,18,0,1,0,17,0
0,0,1,0,0,0,0,0,0,0,0,1,0,0,0,1,0,0,0,1,0,0,0,1,0,0,0,0,0,0,0,0,0
0,0,5,0,0,0,0,0,0,0,1,2,0,0,0,1,0,0,0,0,0,0,0,1,0,0,2,0,0,2,2,1,0
0,0,3,0,0,0,0,0,0,0,0,31,0,0,0,1,0,0,0,2,0,1,4,6,3,0,1,0,0,1,11,0,0
0,0,1,0,3,0,0,0,0,0,0,3,0,0,0,0,0,0,0,1,0,1,1,8,0,0,0,1,0,0,2,1,0
0,0,0,0,1,0,0,0,0,0,0,1,0,0,0,0,0,1,0,0,0,0,0,2,0,0,0,0,0,1,0,0,0
0,0,1,2,0,0,0,0,0,0,1,14,2,0,0,1,0,0,0,0,0,0,3,8,0,0,0,2,0,2,2,0,0
0,0,6,2,0,0,0,0,0,0,0,1,0,0,0,0,0,2,0,0,0,0,1,1,0,0,1,2,0,2,0,1,0
0,0,2,4,0,0,0,0,0,0,0,0,0,0,0,0,0,1,0,0,0,0,0,0,0,0,1,2,0,0,0,0,0
0,0,7,0,4,0,0,0,0,0,2,3,0,0,0,0,0,1,0,0,0,1,0,8,0,0,2,0,0,2,0,4,0
0,1,2,9,0,0,0,0,0,0,2,7,8,0,0,0,0,0,0,0,0,0,3,10,0,0,0,9,1,11,1,2,0
0,7,30,13,0,0,8,0,0,0,49,40,17,1,0,3,3,11,0,5,1,6,3,28,1,0,4,25,0,30,13,35,1
1,2,84,14,0,2,7,2,1,0,11,53,6,1,0,5,7,3,0,3,0,0,5,56,0,0,1,7,1,28,26,18,1
1,0,1,21,0,0,0,0,0,0,6,3,21,0,0,1,1,0,0,2,0,0,0,6,0,0,0,23,0,2,2,2,0
0,1,0,36,0,0,0,0,0,0,1,13,20,0,0,3,0,1,0,1,0,1,3,7,2,0,1,20,1,10,6,2,1
0,2,19,3,0,0,1,0,0,0,4,7,0,0,0,3,1,1,0,0,0,1,2,14,1,0,0,1,0,11,4,6,1
0,1,10,0,0,0,1,0,0,0,1,4,0,0,0,1,0,0,0,1,0,0,0,3,0,0,1,0,0,9,3,1,1
0,0,9,17,0,0,0,0,1,0,1,5,22,0,0,0,0,0,0,0,0,0,2,6,1,0,0,18,0,8,3,3,1
0,1,15,2,2,0,9,0,0,0,20,5,4,5,0,2,3,2,0,11,0,8,0,28,4,0,2,2,0,22,8,15,1
0,1,8,3,0,0,1,0,0,0,3,2,0,0,0,2,0,0,0,1,0,0,0,13,0,0,2,1,0,14,8,2,1
0,7,56,1,0,0,2,0,2,0,1,21,0,0,0,1,0,0,0,1,0,0,3,30,1,0,0,0,0,13,9,6,0
2,1,25,2,0,0,0,0,0,0,4,3,2,0,0,0,0,1,0,1,1,1,0,14,0,0,0,1,0,10,2,2,1
2,9,42,28,1,1,1,1,0,0,6,18,9,0,0,4,1,1,0,7,1,2,2,23,3,0,4,10,1,23,12,33,1
0,0,0,2,0,0,0,0,0,0,0,0,2,0,0,0,0,0,0,0,0,0,0,0,0,0,0,2,0,0,1,0,1
0,0,18,2,0,0,1,0,0,0,2,12,0,1,1,1,0,0,0,0,0,0,3,14,0,0,0,0,0,13,5,6,1
0,1,7,2,0,0,0,0,0,0,3,9,1,1,0,0,1,0,0,1,0,0,0,8,1,0,2,1,0,8,1,2,1
0,0,2,0,0,0,0,0,0,0,1,5,0,0,0,0,0,0,0,0,0,0,0,3,0,0,0,0,0,1,5,0,1
0,0,1,0,0,0,0,0,0,0,0,0,0,0,0,0,0,0,0,0,0,0,0,0,0,0,0,0,0,1,0,0,1
3,0,38,75,0,1,0,0,0,0,8,49,82,0,0,6,10,0,0,2,3,1,10,25,4,0,0,72,1,24,26,33,1
0,0,15,0,0,0,1,0,0,0,6,8,0,0,0,1,0,0,0,2,0,0,2,13,1,0,0,0,0,10,7,5,1
0,0,6,0,0,0,1,0,0,0,0,4,0,0,0,0,0,0,0,0,0,0,0,2,0,0,0,0,0,2,2,0,1
0,5,41,4,0,2,3,1,1,0,4,32,2,0,0,0,3,2,0,2,0,1,7,20,2,0,0,2,0,34,11,11,1
0,0,3,0,0,0,0,0,0,0,0,2,0,0,0,0,0,0,0,0,0,0,0,0,0,0,0,0,0,1,2,0,1
1,14,55,8,0,3,7,3,0,0,7,6,1,0,0,2,4,0,0,3,0,2,1,30,0,0,0,0,0,27,7,2,0
1,1,19,1,0,0,1,0,0,0,32,7,12,1,0,0,3,0,0,16,0,0,0,35,2,0,0,12,0,22,3,4,1
0,0,3,0,2,0,0,0,0,0,2,0,0,0,0,0,2,4,0,0,0,0,0,3,0,0,1,0,0,4,3,0,1
2,4,26,0,0,0,0,0,0,0,2,7,0,2,0,0,0,0,0,3,0,0,0,24,0,0,0,2,0,28,8,16,1
0,0,6,14,0,0,1,0,0,0,1,2,16,0,0,0,2,0,0,0,2,0,0,15,1,0,1,16,0,7,6,4,1
2,1,45,79,5,19,0,8,0,0,27,34,73,0,0,2,21,9,0,4,5,0,0,45,1,0,0,77,4,38,11,8,1
3,9,36,14,4,15,1,2,0,0,7,28,7,0,0,0,17,4,0,3,0,3,2,14,1,0,0,6,1,9,7,8,0
0,4,53,3,1,0,2,0,4,0,6,61,0,0,0,3,2,4,0,5,1,4,5,47,1,0,3,2,0,43,29,20,0
0,0,16,0,0,0,0,0,0,0,1,19,0,0,0,2,0,0,0,0,0,1,2,18,0,0,0,0,0,10,11,3,1
0,1,13,0,0,0,0,0,0,0,1,15,0,0,0,1,0,0,0,3,0,5,3,14,0,0,0,0,0,13,6,3,1
0,0,8,0,1,0,3,0,0,0,1,4,1,1,0,1,0,1,0,1,0,0,0,11,0,0,0,1,0,10,0,3,1
0,0,9,1,0,0,0,0,0,0,0,4,1,0,0,0,0,0,0,1,0,0,2,13,0,0,0,0,0,8,2,4,1
0,0,2,14,0,0,1,0,0,0,0,6,12,0,0,0,0,0,0,3,0,0,0,10,0,0,1,10,0,2,4,7,1
0,1,5,12,0,2,0,2,2,0,2,7,12,1,0,0,4,0,0,3,0,0,2,8,1,0,0,10,1,5,1,7,1
0,0,6,19,0,4,1,0,0,0,3,3,18,0,0,0,5,0,0,1,0,0,1,10,0,0,0,12,0,2,0,12,1
0,0,4,7,0,0,0,0,0,0,1,8,13,0,0,0,0,1,0,0,0,0,0,14,0,0,3,14,0,9,2,9,1
0,0,2,6,0,0,0,0,0,0,0,2,7,0,0,0,0,0,0,1,0,0,0,8,0,0,0,7,0,5,1,8,1
0,0,5,8,0,0,0,0,0,0,0,4,7,0,0,0,0,0,0,2,0,0,0,6,1,0,0,6,0,2,1,8,1
1,0,3,2,0,0,0,0,0,0,7,8,1,1,0,0,1,0,0,4,0,0,0,5,0,0,0,3,0,2,3,5,0
0,0,27,0,0,0,0,0,0,0,0,7,0,0,0,1,0,0,0,0,0,0,0,15,0,0,0,0,0,16,1,2,1
0,1,28,1,0,0,0,1,2,0,3,36,2,0,0,3,1,1,0,5,0,2,1,32,0,0,0,0,0,27,9,4,1
0,1,7,1,0,0,0,0,0,0,5,6,1,0,0,1,0,0,0,4,0,0,1,9,0,0,0,3,0,5,5,2,1
0,1,3,0,0,0,0,0,0,0,3,4,0,0,0,0,0,0,0,1,0,0,1,2,0,0,0,0,0,3,2,0,1
0,0,0,0,0,0,0,0,0,0,0,0,0,0,0,0,0,0,0,0,0,0,0,1,0,0,0,0,0,0,1,1,1
13,43,57,19,1,17,11,12,0,0,59,37,12,9,0,3,20,5,0,22,0,1,4,58,0,0,1,3,5,53,21,11,1
0,19,11,3,0,0,8,0,0,0,5,8,1,0,0,1,0,2,0,0,0,0,0,7,0,0,0,0,0,19,4,6,0
0,1,1,0,0,0,0,0,0,0,0,0,0,0,0,0,0,0,0,0,0,0,0,1,0,0,0,0,0,2,0,0,1
2,36,66,7,1,0,11,0,0,0,13,26,2,0,0,1,1,0,0,3,1,0,4,45,0,0,1,5,0,38,5,23,1
0,19,46,15,0,1,4,0,0,0,6,16,12,6,0,1,1,0,0,0,0,0,1,28,0,0,0,6,0,30,7,8,1
0,13,9,4,0,0,4,0,0,0,5,7,1,0,0,1,0,2,0,0,0,0,0,6,0,0,0,0,0,20,4,4,0
4,3,79,43,0,3,0,0,0,0,6,42,43,1,0,2,8,1,0,12,4,3,8,33,3,0,0,36,0,51,24,20,1
0,0,2,4,0,0,0,0,0,0,2,2,1,0,0,0,0,0,0,0,0,0,0,3,1,0,0,1,0,1,0,0,1
0,3,15,1,0,0,0,0,0,0,3,8,0,0,0,0,3,0,0,0,0,0,0,8,0,0,0,0,0,6,3,2,1
0,4,56,9,0,0,2,0,0,0,7,30,5,1,0,4,0,1,0,2,0,1,2,44,0,0,0,2,0,36,19,15,1
1,4,1,65,1,11,0,4,1,0,11,49,18,0,0,41,22,3,0,5,0,1,7,19,3,0,3,13,2,12,12,8,1
1,4,33,5,0,0,2,0,3,0,13,34,1,0,0,11,10,2,0,3,0,1,3,49,2,0,0,3,0,18,10,12,1
1,5,31,5,0,0,4,0,0,0,12,21,11,0,0,8,6,4,0,10,0,2,0,28,0,0,0,7,1,16,7,17,1
2,3,36,61,1,1,1,1,0,0,24,76,56,0,0,14,7,5,0,6,3,2,13,40,2,0,3,56,2,35,12,17,1
0,1,7,17,0,1,2,1,0,0,7,19,15,0,0,4,3,1,0,8,1,3,6,19,0,0,1,20,0,12,12,10,1
4,5,82,50,0,4,0,0,0,0,6,43,56,1,0,2,10,3,0,3,4,1,10,27,4,0,0,40,2,47,20,22,1
1,24,52,4,0,6,9,1,3,0,9,24,0,2,0,2,13,23,0,11,0,0,6,46,1,0,1,11,2,28,10,20,1
0,0,10,19,0,1,0,0,1,0,1,9,16,0,0,6,0,2,0,1,0,0,7,12,3,0,0,14,2,6,1,3,1
0,0,10,0,0,0,0,0,0,0,0,5,1,1,0,0,3,0,0,2,0,0,4,4,0,0,0,0,0,5,3,4,1
0,0,7,1,1,0,0,0,0,0,1,14,0,0,0,0,1,1,0,1,0,0,1,9,0,0,0,0,0,9,8,3,1
0,0,12,19,1,1,0,0,0,0,1,10,10,0,0,0,2,0,0,0,0,2,3,15,0,0,0,5,3,3,7,9,1
1,1,5,21,0,0,0,0,0,0,3,18,23,1,0,5,5,2,0,2,4,0,1,11,0,0,1,22,0,1,4,4,1
1,2,27,37,1,0,1,0,0,0,2,37,32,0,0,3,1,2,0,3,2,1,12,13,2,0,2,32,3,6,20,7,1
1,0,1,0,0,0,0,0,0,0,1,2,0,0,0,0,0,0,0,1,0,0,0,1,1,0,0,0,0,2,0,1,1
0,0,0,0,0,0,0,0,0,0,0,0,0,0,0,0,0,0,0,0,0,0,0,0,0,0,0,0,0,0,0,0,1
0,0,0,0,0,0,0,0,0,0,0,0,0,0,0,0,0,0,0,1,0,0,0,0,0,0,0,1,0,0,0,3,1
0,0,5,3,0,0,2,0,0,0,1,5,0,0,0,0,5,0,0,4,0,0,1,4,0,0,1,1,0,8,3,6,1
0,2,18,2,0,0,0,0,1,0,0,12,0,0,0,2,1,1,0,0,0,1,1,18,2,0,0,0,0,13,10,4,1
0,0,4,0,0,0,0,0,0,0,1,1,1,0,0,2,0,0,0,2,0,0,0,4,0,0,0,1,0,5,2,4,1
0,0,4,0,1,0,0,0,0,0,0,1,0,0,0,0,0,1,0,0,0,0,0,2,0,0,0,1,0,1,0,0,1
1,0,6,4,1,0,0,0,1,0,3,4,1,0,0,2,1,0,0,1,0,0,0,4,0,0,0,2,0,3,2,1,1
2,11,24,10,0,4,3,0,0,0,25,7,1,0,0,1,7,1,0,9,0,0,1,20,0,0,0,0,0,21,1,4,1
2,11,24,10,0,4,3,0,0,0,25,7,1,0,0,1,7,1,0,9,0,0,1,20,0,0,0,0,0,21,1,4,1
1,0,6,4,1,0,0,0,1,0,3,4,1,0,0,2,1,0,0,1,0,0,0,4,0,0,0,2,0,3,2,1,1
0,0,4,0,1,0,0,0,0,0,0,1,0,0,0,0,0,1,0,0,0,0,0,2,0,0,0,1,0,1,0,0,1
0,0,4,0,0,0,0,0,0,0,1,1,1,0,0,2,0,0,0,2,0,0,0,4,0,0,0,1,0,5,2,4,1
0,2,18,2,0,0,0,0,1,0,0,12,0,0,0,2,1,1,0,0,0,1,1,18,2,0,0,0,0,13,10,4,1
0,0,5,3,0,0,2,0,0,0,1,5,0,0,0,0,5,0,0,4,0,0,1,4,0,0,1,1,0,8,3,6,1
0,0,5,3,0,0,2,0,0,0,1,5,0,0,0,0,5,0,0,4,0,0,1,4,0,0,1,1,0,8,3,6,1
0,2,18,2,0,0,0,0,1,0,0,12,0,0,0,2,1,1,0,0,0,1,1,18,2,0,0,0,0,13,10,4,1
1,0,6,4,1,0,0,0,1,0,3,4,1,0,0,2,1,0,0,1,0,0,0,4,0,0,0,2,0,3,2,1,1
1,0,6,4,1,0,0,0,1,0,3,4,1,0,0,2,1,0,0,1,0,0,0,4,0,0,0,2,0,3,2,1,1
0,2,18,2,0,0,0,0,1,0,0,12,0,0,0,2,1,1,0,0,0,1,1,18,2,0,0,0,0,13,10,4,1
2,11,24,10,0,4,3,0,0,0,25,7,1,0,0,1,7,1,0,9,0,0,1,20,0,0,0,0,0,21,1,4,1
0,0,5,3,0,0,2,0,0,0,1,5,0,0,0,0,5,0,0,4,0,0,1,4,0,0,1,1,0,8,3,6,1
0,2,18,2,0,0,0,0,1,0,0,12,0,0,0,2,1,1,0,0,0,1,1,18,2,0,0,0,0,13,10,4,1
0,0,4,0,0,0,0,0,0,0,1,1,1,0,0,2,0,0,0,2,0,0,0,4,0,0,0,1,0,5,2,4,1
0,2,18,2,0,0,0,0,1,0,0,12,0,0,0,2,1,1,0,0,0,1,1,18,2,0,0,0,0,13,10,4,1
0,6,18,2,0,0,1,0,0,0,6,4,0,0,0,0,0,0,0,2,0,0,0,12,0,0,0,0,0,11,3,6,1
0,7,2,1,0,1,3,0,0,0,0,7,2,0,0,0,2,0,0,3,0,0,1,5,0,0,0,0,0,5,2,5,1
0,1,15,4,2,0,0,0,1,0,2,5,0,0,0,0,0,1,0,1,0,1,0,11,0,0,0,0,0,14,4,6,1
0,22,50,6,0,0,8,0,1,0,10,33,1,2,0,0,2,0,0,4,0,0,1,44,0,0,0,1,0,26,5,24,1
0,3,13,3,0,0,0,0,0,0,1,3,0,0,0,0,0,0,0,0,0,0,0,8,1,0,0,0,0,16,5,2,1
0,0,9,0,0,0,1,0,0,0,3,1,1,0,0,1,1,0,0,1,0,2,1,7,0,0,0,1,0,11,1,5,1
2,7,13,1,1,0,3,0,0,0,6,8,1,0,0,1,1,2,0,1,0,0,0,11,0,0,0,4,0,12,3,7,1
0,0,3,0,0,0,0,0,0,0,2,1,0,0,0,0,0,0,0,1,0,4,0,4,0,0,3,1,1,2,0,0,1
1,24,52,5,0,7,8,1,3,0,9,26,0,2,0,4,14,21,0,12,0,0,6,47,1,0,1,11,2,26,10,19,1
2,2,30,5,0,0,4,0,0,0,21,37,6,2,0,2,3,1,0,17,0,1,6,32,1,0,3,9,0,11,18,18,1
0,4,30,11,0,0,0,0,0,0,2,26,4,0,0,3,3,0,0,2,0,1,1,27,1,0,0,2,1,19,6,6,1
0,0,2,0,0,0,0,0,3,0,2,18,1,0,0,0,0,0,0,0,0,1,1,5,0,0,0,0,1,1,1,1,1
0,5,10,0,1,1,6,0,0,0,20,22,4,0,1,8,1,4,0,7,0,2,6,30,0,0,1,1,0,4,7,3,1
0,7,23,5,0,0,2,0,0,0,2,32,3,0,1,2,0,1,0,9,0,1,6,23,2,0,0,2,0,18,9,14,1
0,0,3,8,0,2,0,0,0,0,2,7,9,0,0,0,3,0,0,1,0,0,0,13,1,0,0,6,0,4,2,8,1
0,0,3,5,0,0,0,0,0,0,2,2,2,0,0,0,0,0,0,1,0,0,0,3,1,0,0,2,0,1,0,3,1
0,4,28,0,1,0,0,1,0,0,0,5,1,0,0,1,1,2,0,0,0,0,0,16,0,0,0,1,0,10,5,8,1
0,4,24,2,0,0,3,0,0,0,4,8,5,1,0,1,2,0,0,7,0,1,0,12,1,0,0,0,0,17,5,11,1
0,1,7,2,0,0,0,0,0,0,3,10,1,1,0,0,0,0,0,1,0,0,0,8,1,0,2,1,0,8,1,2,1
2,1,20,3,0,0,0,0,4,0,12,18,2,2,0,3,7,3,0,6,0,0,0,18,0,0,0,4,0,26,7,29,1
0,1,13,0,0,0,1,0,0,0,0,2,2,0,0,0,0,0,0,1,0,0,1,13,0,0,1,0,0,4,2,13,1
3,0,19,7,1,0,1,0,0,0,5,24,1,0,0,4,0,2,0,2,0,0,0,10,1,0,1,1,0,10,4,10,1
0,0,9,1,1,0,0,0,0,0,2,3,0,1,0,0,2,0,0,3,0,1,0,6,0,0,0,0,0,6,4,4,1
1,4,16,13,0,0,1,0,3,0,5,24,16,1,0,5,5,0,0,5,0,1,5,8,0,0,1,11,0,16,10,17,1
0,2,14,0,0,0,1,0,1,0,0,13,1,0,0,3,0,1,0,3,0,2,1,14,0,0,0,3,0,13,8,7,1
0,0,1,2,0,0,0,0,0,0,0,0,2,0,0,0,0,0,0,0,0,0,0,1,0,0,1,2,0,0,0,0,1
0,0,1,0,0,0,0,0,0,0,0,0,0,0,0,0,0,0,0,0,0,0,0,0,0,0,0,0,0,0,0,0,1
0,0,1,1,0,0,0,0,0,0,1,1,0,0,0,0,1,0,0,0,0,0,0,3,0,0,0,0,0,2,0,5,1
4,8,78,12,0,0,3,1,2,0,16,41,3,2,0,1,5,4,0,15,0,3,7,38,2,0,0,1,0,48,24,15,1
0,0,0,1,0,0,0,0,0,0,0,0,1,0,0,0,0,0,0,0,1,0,0,0,0,0,1,0,0,1,0,1,1
3,7,54,10,9,4,1,0,1,0,5,24,3,15,0,0,6,2,0,5,0,0,4,41,1,0,2,3,0,33,16,44,0
0,4,34,5,1,1,1,0,1,0,1,13,5,5,0,2,6,1,0,1,0,0,1,40,0,0,0,3,0,19,14,37,0
0,0,0,1,0,0,0,0,0,0,0,2,2,0,0,0,1,0,0,0,0,0,0,1,0,0,0,2,0,1,0,0,1
0,0,1,0,0,0,0,0,0,0,0,0,0,0,0,0,0,0,0,0,0,0,0,0,0,0,1,0,0,0,0,0,1
0,0,2,0,0,0,0,0,0,0,2,0,0,0,0,0,0,0,0,0,0,0,0,1,0,0,0,0,0,1,1,0,1
0,4,11,2,0,0,0,0,0,0,1,2,2,2,0,3,1,0,0,4,0,1,0,4,0,0,1,3,0,4,1,2,1
0,0,0,0,0,1,0,0,0,0,0,1,0,0,0,0,1,0,0,0,0,0,0,0,0,0,0,2,0,2,0,0,1
0,1,15,0,0,0,0,0,1,0,2,10,0,0,0,1,0,0,0,1,0,1,1,8,0,0,0,0,0,17,3,2,1
0,5,42,4,0,2,2,1,1,0,4,35,1,0,1,0,3,2,0,2,0,1,7,21,2,0,0,3,0,38,12,11,1
0,3,28,2,1,0,2,0,0,0,4,2,0,0,0,1,1,1,0,3,0,0,0,13,0,0,0,4,0,23,2,9,1
1,0,24,1,0,0,0,0,2,0,0,7,0,0,0,2,2,1,0,0,0,0,1,17,0,0,0,0,0,19,3,9,1
0,1,19,0,0,1,0,0,0,0,2,3,0,0,0,1,0,0,0,0,0,0,1,14,0,0,0,0,0,15,3,3,1
3,6,20,15,0,0,2,0,3,1,3,25,13,0,0,6,5,2,0,6,1,1,6,9,1,0,3,10,0,9,5,17,1
4,6,37,16,0,0,3,0,5,1,8,47,16,0,1,8,9,1,0,8,1,2,6,31,2,0,6,14,1,26,23,34,1
0,0,1,0,0,0,0,0,0,0,0,1,0,0,0,0,0,0,0,0,0,0,0,3,0,0,0,0,0,1,0,1,1
0,0,2,0,0,0,0,0,0,0,0,0,0,0,0,0,0,0,0,0,0,0,0,1,0,0,0,2,0,1,0,0,1
0,3,37,5,4,14,0,0,2,0,9,14,1,3,0,0,15,4,0,1,0,0,6,19,1,0,0,4,0,5,11,11,0
0,2,14,0,3,0,0,0,0,0,2,13,0,0,0,5,1,0,0,0,0,2,1,18,0,0,3,2,1,12,5,5,0
1,21,35,0,0,1,2,0,0,0,6,6,3,0,0,2,4,1,0,5,0,0,0,21,1,0,0,0,0,19,15,4,0
0,1,8,0,1,0,1,0,1,0,4,9,0,0,0,0,0,3,0,0,0,1,0,13,1,0,0,2,1,17,6,3,0
0,14,13,3,0,0,0,0,2,0,8,13,2,0,0,1,2,1,0,7,0,2,0,16,0,0,0,2,0,12,5,4,0
1,4,12,19,3,1,0,0,0,0,1,10,10,0,0,1,4,1,0,3,0,1,2,31,0,0,4,12,0,10,5,24,0
0,23,194,5,0,3,4,4,7,0,4,4,0,0,0,5,6,0,0,2,0,0,3,79,0,0,0,0,0,52,10,6,0
0,11,29,2,0,0,3,0,0,0,2,1,0,0,0,0,1,0,0,0,0,0,0,14,1,0,1,3,0,10,6,1,0
1,0,8,1,0,1,0,0,0,0,1,24,0,0,0,1,2,0,0,4,0,3,2,8,1,0,2,0,0,5,7,3,0
0,3,44,0,0,1,0,1,0,0,3,12,1,0,0,2,1,0,0,1,0,0,2,14,0,0,4,0,0,26,14,8,0
0,8,74,2,0,0,4,2,1,0,3,17,2,0,0,4,3,2,0,2,0,0,2,20,0,0,0,1,1,35,13,15,0
0,0,34,6,0,2,0,0,1,0,4,10,3,0,0,2,2,5,0,0,1,0,3,27,2,0,0,2,2,10,11,3,0
0,5,9,10,4,0,0,0,0,0,5,9,5,0,0,0,1,6,0,5,0,0,4,18,0,0,0,2,0,17,2,5,0
0,0,23,4,1,2,0,0,0,0,2,13,1,1,0,0,2,0,0,1,0,0,1,24,1,0,0,0,0,12,15,5,0
0,0,2,2,0,0,0,0,0,0,0,1,2,0,0,0,0,0,0,0,0,1,0,2,1,0,0,3,0,0,0,1,1
1,0,1,6,0,0,0,0,0,0,0,1,3,0,0,0,1,0,0,0,0,0,1,2,0,0,0,4,0,2,1,1,0
1,3,40,2,0,0,1,1,0,0,1,36,2,1,0,2,2,0,0,1,0,0,3,39,3,0,0,3,0,12,16,8,0
0,3,1,2,0,0,0,0,0,0,1,0,1,1,0,0,0,1,0,1,0,0,0,5,0,0,0,0,0,6,1,2,0
0,0,5,0,0,0,0,0,0,0,0,0,0,0,0,0,0,0,0,0,0,0,1,1,0,0,0,0,0,0,0,1,0
0,0,8,2,0,0,0,0,1,0,0,0,2,1,0,0,0,0,0,1,0,0,0,5,0,0,1,2,0,6,5,4,0
0,1,11,1,0,0,0,0,0,0,3,2,1,0,0,0,0,1,0,1,0,0,1,10,0,0,0,0,0,4,9,2,0
0,1,10,0,0,0,0,0,0,0,1,15,0,0,0,1,0,0,0,1,0,4,2,9,0,0,0,0,0,8,5,2,0
0,0,16,0,0,0,0,0,0,0,1,20,1,1,0,2,0,0,0,1,0,1,2,18,0,0,0,0,0,10,9,3,1
2,26,70,2,1,0,5,0,2,0,8,23,1,1,0,0,4,4,0,6,0,1,0,32,1,0,1,1,0,30,18,16,1
0,0,0,0,0,0,0,0,1,0,0,1,0,0,0,0,0,0,0,0,0,0,0,0,0,0,0,0,0,0,0,3,1
0,0,0,2,1,0,0,0,0,0,3,0,0,0,0,0,0,1,0,1,0,1,0,0,0,0,0,0,0,5,4,5,0
1,2,3,2,0,0,8,0,0,0,3,17,2,0,0,3,0,0,0,3,0,2,0,14,0,0,0,4,0,12,9,12,1
0,0,1,0,0,0,0,0,0,0,0,1,0,0,0,0,0,0,0,0,0,0,0,0,0,0,1,0,0,0,0,0,1
6,16,52,2,0,1,14,3,0,0,9,13,2,0,0,0,0,0,0,3,1,0,2,46,0,0,0,1,1,43,6,2,0
5,2,5,3,0,0,0,0,0,0,7,7,2,1,0,2,2,1,0,5,1,0,1,13,2,0,2,3,1,10,7,6,1
0,1,37,2,0,0,4,0,0,0,4,14,2,0,0,3,3,4,0,4,0,3,3,32,1,0,0,0,0,34,32,15,1
0,1,18,0,0,4,1,0,0,0,10,17,3,0,0,1,4,0,0,3,0,1,2,17,0,0,0,0,1,5,3,7,1
1,1,7,3,0,0,2,0,6,0,4,20,7,1,0,5,2,2,0,12,1,3,1,12,0,0,1,8,1,16,12,16,1
0,0,6,0,0,0,0,0,2,0,1,10,0,0,0,0,1,0,0,5,0,5,0,22,0,0,0,0,0,7,3,1,1
0,1,4,0,0,0,2,0,0,0,0,6,2,0,0,2,0,0,0,1,0,1,0,8,0,0,0,1,0,2,4,2,0
2,0,3,0,0,0,0,1,1,0,4,12,0,0,0,3,1,0,0,13,1,1,0,3,0,0,2,1,0,3,5,5,0
1,7,20,30,18,7,5,3,2,2,23,34,20,1,0,8,7,3,0,5,1,3,5,43,0,0,2,21,0,34,14,71,0
0,0,5,2,0,0,2,0,0,0,1,1,1,0,0,0,0,0,0,5,0,2,0,5,2,0,0,0,0,3,5,12,0
0,0,10,0,2,0,0,0,0,0,1,12,2,0,0,4,0,1,0,1,0,0,0,14,0,0,3,1,0,10,4,5,0
1,14,20,5,2,1,2,1,1,0,7,7,6,7,0,1,3,4,0,6,0,1,1,22,1,0,4,7,0,9,5,39,0
0,0,2,0,0,0,0,0,0,0,0,1,0,0,0,0,0,0,0,0,0,0,1,2,0,0,0,0,0,5,1,0,0
0,0,12,0,0,0,0,0,0,0,0,2,0,0,0,0,0,0,0,0,0,0,0,6,0,0,0,0,0,2,2,0,0
0,1,4,0,0,0,0,0,0,0,0,5,0,1,0,1,0,0,0,2,0,0,0,8,0,0,1,0,0,5,4,2,0
0,0,8,1,0,0,0,0,0,0,0,3,1,0,0,0,0,1,0,1,0,0,1,5,0,0,0,1,0,0,2,1,0
0,0,0,0,0,0,0,0,0,0,0,0,0,0,0,0,0,0,0,0,0,0,0,1,0,0,0,0,0,2,0,0,0
0,0,0,0,0,0,0,0,0,0,0,1,0,0,0,0,0,0,0,0,0,1,0,0,0,0,0,0,0,0,0,0,0
0,0,0,0,0,0,0,0,0,0,1,15,0,0,0,1,0,0,0,0,0,1,0,1,1,0,0,0,0,2,4,1,0
0,0,0,0,0,0,0,0,0,0,0,5,0,0,0,2,0,0,0,0,0,1,1,2,0,0,0,0,0,0,0,1,0
0,0,0,0,0,0,0,0,0,0,0,0,0,0,0,0,0,0,0,0,0,1,0,2,0,0,0,0,0,0,0,0,0
0,0,1,0,0,0,0,0,0,0,0,6,0,0,0,1,0,1,0,1,0,1,0,5,0,0,1,0,0,0,2,1,0
0,0,1,1,0,0,0,0,0,0,0,1,1,0,0,1,0,0,0,0,0,0,0,1,0,0,0,2,0,2,0,4,0
0,0,0,0,0,0,0,0,0,0,0,10,0,0,0,1,0,0,0,0,0,1,4,2,0,0,0,0,0,0,1,0,0
0,0,1,0,0,0,0,0,0,0,0,4,0,0,0,0,0,0,0,0,0,1,1,0,0,0,1,0,0,1,1,0,0
0,0,0,2,0,0,0,0,0,0,0,14,3,0,0,0,0,0,0,0,0,1,3,3,0,0,0,1,0,2,4,2,0
0,0,1,0,0,0,0,0,0,0,1,2,0,0,0,0,0,0,0,0,0,1,0,1,0,0,1,0,0,1,0,1,0
0,0,0,0,0,0,0,0,0,0,0,2,0,0,0,0,0,0,0,0,0,0,0,1,0,0,0,0,0,0,0,0,0
0,0,1,1,0,0,0,0,0,0,0,2,0,0,0,0,0,0,0,0,0,0,1,1,1,0,1,2,1,0,1,0,0
0,0,1,1,0,0,0,0,0,0,0,2,0,0,0,0,0,0,0,0,0,0,0,1,1,0,0,2,2,0,0,1,0
0,1,1,0,1,0,0,0,0,0,0,0,0,0,0,0,0,0,0,1,0,0,1,4,0,0,0,0,0,1,2,1,0
0,0,0,0,0,0,0,0,0,0,0,2,0,0,0,0,0,0,0,0,2,0,1,1,0,0,0,0,0,0,0,1,0
0,0,0,0,0,0,0,0,0,0,0,3,0,0,0,1,0,0,0,1,0,1,0,0,0,0,0,0,0,0,1,0,0
0,0,0,1,0,0,0,0,0,0,0,2,0,0,0,0,0,0,0,0,0,0,1,1,0,0,0,1,0,0,1,2,0
0,0,0,0,1,0,0,0,0,0,1,0,2,0,0,1,0,0,0,0,0,1,0,1,0,0,0,1,0,0,4,1,0
0,0,0,0,0,0,0,0,0,0,0,2,0,0,0,0,0,0,0,0,0,0,0,0,0,0,1,0,0,3,1,0,0
0,0,0,0,0,0,0,0,0,0,0,1,0,0,0,0,0,0,0,1,0,0,0,0,0,0,0,0,0,1,1,1,0
0,0,2,2,0,0,1,0,0,0,9,3,1,0,0,1,0,0,0,0,0,3,1,5,0,0,0,1,0,4,1,7,1
0,0,3,0,0,0,0,0,0,0,0,2,1,0,0,0,0,0,0,2,0,0,0,5,0,0,0,1,0,6,7,5,0
0,0,1,2,1,0,2,0,0,0,7,2,2,0,0,2,0,0,0,1,0,0,0,8,1,0,0,4,0,17,5,9,1
0,2,21,0,0,0,1,0,1,0,3,8,0,0,0,0,2,2,0,1,0,0,0,27,0,0,0,0,0,15,8,4,1
1,1,7,0,0,0,0,0,0,0,3,7,1,0,0,0,0,0,0,2,0,0,0,8,0,0,1,0,0,9,3,11,1
0,0,8,0,0,0,0,0,0,0,3,1,0,0,0,0,0,0,0,2,0,0,1,4,0,0,0,0,0,4,0,1,0
0,0,13,14,0,0,0,0,0,0,0,9,15,0,0,4,1,1,0,1,1,0,2,24,0,0,2,17,0,14,12,15,1
0,2,7,13,0,0,0,0,0,0,2,8,6,0,0,0,0,0,0,0,0,2,1,13,0,0,0,8,0,6,3,4,1
3,10,26,16,0,0,0,1,3,1,10,33,12,1,0,6,9,3,0,12,0,2,9,27,1,0,5,12,0,27,17,38,1
0,1,1,1,0,0,0,0,0,0,2,1,0,0,0,1,1,1,0,1,0,1,0,4,0,0,0,0,0,2,2,6,1
2,0,7,0,0,0,1,0,0,0,2,7,2,0,0,2,0,0,0,3,0,0,0,9,1,0,0,2,0,3,4,6,0
0,0,2,2,0,0,1,0,0,0,0,0,0,0,0,1,0,0,0,2,0,2,0,0,0,0,0,0,0,8,1,1,1
0,0,8,3,0,0,0,0,1,0,3,7,2,0,0,0,0,1,0,3,1,1,2,11,0,0,0,2,0,6,6,6,1
0,0,0,0,0,0,0,0,0,0,0,0,0,0,0,0,0,0,0,0,0,0,0,0,0,0,0,0,0,0,0,0,1
0,0,0,0,0,0,0,0,0,0,0,0,0,0,0,0,0,0,0,0,0,0,0,0,0,0,0,0,0,0,0,0,1
0,0,0,0,0,0,0,0,0,0,0,0,0,0,0,0,0,0,0,0,0,0,0,0,0,0,0,0,0,0,0,0,1
0,0,0,0,0,0,0,0,0,0,0,0,0,0,0,0,0,0,0,0,0,0,0,0,0,0,0,0,0,0,1,0,1
0,0,0,0,0,0,0,0,0,0,0,0,0,0,0,0,0,0,0,0,0,0,1,0,0,0,0,0,0,0,1,0,1
0,0,0,0,0,0,0,0,0,0,0,0,0,0,0,0,0,0,0,0,0,0,1,0,0,0,0,0,0,0,1,0,1
0,0,4,3,0,0,0,0,0,0,1,3,0,1,0,0,3,0,0,2,0,0,1,8,0,0,0,0,0,2,3,3,1
0,0,9,4,0,0,0,0,0,0,2,7,1,1,0,0,1,0,0,2,0,2,0,12,1,0,0,1,0,4,1,4,1
0,0,29,1,1,1,0,1,0,0,0,8,0,2,0,1,1,0,0,1,0,0,0,14,0,0,0,1,0,16,2,10,0
0,1,4,5,0,0,2,1,0,0,1,0,0,1,0,1,1,0,0,0,0,0,0,4,0,0,0,0,0,9,5,4,0
0,0,1,0,3,0,0,0,0,0,1,2,0,0,0,2,0,0,0,0,0,0,0,2,0,0,0,0,0,0,0,1,0
0,2,6,2,1,0,2,0,0,0,3,1,0,0,0,2,2,0,0,2,0,0,1,8,0,0,0,0,0,5,4,0,0
0,3,13,14,0,0,1,0,0,0,3,8,3,0,0,2,1,0,0,0,0,0,1,23,0,0,0,4,0,18,8,15,1
0,0,1,0,0,0,1,0,0,0,1,0,0,0,0,0,0,1,0,0,0,0,0,5,1,0,0,0,0,4,0,0,1
0,0,17,2,0,1,2,0,1,0,1,10,1,0,0,3,2,14,0,0,0,3,1,12,0,0,0,3,0,16,10,5,1
0,1,11,0,0,0,2,0,0,0,1,6,0,0,0,0,0,1,0,2,0,1,0,9,0,0,0,0,0,14,1,3,1
0,0,10,1,0,0,2,0,0,0,7,3,0,0,0,1,2,0,0,0,0,1,0,8,2,0,2,1,0,14,1,4,1
0,0,3,0,0,0,0,0,0,0,0,2,0,1,0,0,2,1,0,0,0,0,0,11,2,0,0,0,0,7,1,4,1
0,0,0,0,0,0,0,0,0,0,0,0,0,0,0,0,0,0,0,0,0,0,0,0,0,0,0,0,0,1,0,0,1
0,0,1,0,0,0,0,0,0,0,0,0,0,0,0,0,0,0,0,0,0,0,0,0,0,0,1,0,0,0,0,0,1
0,0,1,1,0,0,0,0,0,0,4,1,0,0,0,0,0,0,0,0,0,0,0,1,0,0,1,0,0,2,0,1,0
0,0,11,0,0,0,1,1,0,0,1,13,1,0,0,0,1,0,0,3,0,0,1,7,0,0,0,0,0,6,5,1,1
0,0,3,0,0,0,0,0,0,0,0,2,0,0,0,0,0,0,0,0,0,0,0,0,0,0,0,0,0,2,2,4,1
0,1,19,2,0,0,2,0,0,0,1,10,1,0,0,1,1,0,0,1,0,0,1,7,0,0,0,0,0,13,4,7,1
0,0,3,1,0,0,0,0,1,0,0,5,2,0,0,2,0,0,0,1,0,0,1,3,0,0,0,1,0,2,1,2,0
0,1,11,2,0,1,1,0,0,0,4,2,0,0,0,2,1,0,0,0,0,0,0,4,0,0,0,1,0,14,0,7,0
1,1,31,4,0,0,1,0,0,0,7,45,2,0,1,2,1,1,0,3,1,0,3,40,1,0,0,6,3,28,28,9,0
4,3,24,1,0,2,2,1,1,0,4,5,0,0,0,1,3,1,0,4,0,0,0,16,0,0,0,1,0,9,4,9,1
0,0,14,4,0,0,0,0,0,0,2,3,0,0,0,1,1,0,0,1,0,0,1,8,0,0,0,0,0,10,2,3,1
2,78,60,35,0,1,32,0,4,0,27,34,33,20,0,2,4,7,0,9,0,0,0,19,0,0,1,0,0,30,11,12,1
0,0,10,1,0,0,2,0,0,0,0,7,2,0,0,0,1,0,0,1,0,0,0,7,0,0,2,0,0,4,1,2,1
1,2,2,1,0,0,1,0,0,0,3,2,1,0,0,0,0,0,0,0,0,0,0,1,0,0,0,0,0,1,0,0,1
1,6,45,1,1,1,11,0,1,0,14,23,5,0,0,3,10,3,0,30,1,0,0,17,1,0,0,2,0,35,16,26,1
0,0,2,0,0,0,0,0,0,0,0,2,0,0,0,0,0,0,0,1,0,0,0,1,0,0,0,0,0,2,1,0,1
0,0,6,3,0,0,0,0,0,0,4,34,3,0,0,5,5,0,0,4,0,0,7,15,0,0,1,4,2,3,13,3,0
0,0,5,3,0,0,0,0,0,0,0,9,0,0,0,0,3,1,0,3,1,0,0,12,0,0,1,0,0,5,5,4,0
0,0,8,4,0,0,0,0,0,0,5,37,3,0,0,6,5,1,0,3,0,0,8,14,0,0,1,4,3,6,13,3,0
0,0,5,0,0,0,0,0,0,0,0,3,0,0,0,0,0,0,0,1,0,0,0,3,0,0,1,1,0,1,1,2,1
0,2,45,8,2,3,1,3,4,0,5,24,3,5,0,2,9,1,0,1,0,2,6,50,0,0,0,9,1,26,8,36,1
1,2,15,3,0,0,3,0,1,0,2,57,3,0,0,0,6,0,0,2,0,2,2,9,3,0,1,5,0,8,6,24,1
1,0,2,1,0,0,0,0,0,0,1,4,0,1,0,0,0,0,0,0,0,0,0,4,0,0,0,0,0,5,1,3,1
0,0,12,4,0,0,0,0,1,0,5,46,1,0,0,2,1,2,0,1,0,1,18,16,0,0,3,4,2,10,16,3,0
1,5,42,7,0,0,0,2,0,0,7,24,3,5,0,3,2,3,0,2,1,0,2,20,0,0,6,4,2,12,13,21,0
0,0,2,0,0,0,0,0,0,0,0,6,0,0,0,2,0,0,0,1,0,0,0,12,1,0,1,1,0,2,2,8,0
0,0,16,0,0,0,0,0,0,0,0,3,0,0,0,0,0,0,0,0,0,0,0,8,0,0,0,0,0,5,0,0,0
0,0,2,0,0,0,0,0,0,0,0,0,0,0,0,0,0,0,0,1,0,0,0,0,0,0,0,0,0,0,1,0,1
0,1,4,1,0,1,2,1,0,0,0,1,2,0,0,0,1,0,0,1,1,0,0,5,0,0,0,0,0,2,0,1,1
1,0,14,5,0,2,3,0,1,0,12,20,8,0,0,5,2,0,0,20,0,2,3,12,0,0,0,13,1,9,8,5,0
0,0,1,0,0,0,0,0,0,0,0,0,0,0,0,0,0,0,0,1,0,0,0,0,0,0,0,0,0,0,0,0,1
0,4,13,1,0,0,1,0,0,0,1,4,1,0,0,1,0,0,0,1,0,2,1,4,0,0,0,1,0,3,4,0,0
0,0,16,0,0,0,0,0,0,0,0,3,0,0,0,0,0,0,0,0,0,0,0,8,0,0,0,0,0,5,0,0,0
0,1,21,3,1,0,6,1,0,0,6,10,0,0,0,7,0,1,0,3,0,3,0,7,0,0,0,1,0,10,7,3,1
0,0,6,0,0,0,0,0,0,0,0,1,0,0,0,0,0,0,0,0,0,0,0,1,0,0,0,0,0,1,0,0,1
0,0,20,2,0,0,0,0,0,0,0,5,1,0,0,1,1,0,0,0,0,1,0,10,0,0,1,1,0,4,5,3,0
0,0,0,1,0,0,0,0,0,0,0,1,1,0,0,0,0,0,0,0,0,0,0,1,0,0,0,1,0,1,1,0,1
1,0,4,5,0,0,0,0,0,0,1,2,5,0,0,0,0,0,0,0,0,1,1,4,0,0,1,4,0,1,0,0,0
0,0,0,0,0,0,0,0,0,0,0,3,0,0,0,0,0,0,0,0,0,0,1,0,0,0,0,0,0,0,4,0,1
0,0,6,7,0,1,0,0,0,0,1,19,3,0,0,4,1,0,0,2,0,4,3,8,0,0,0,4,2,2,5,2,0
0,0,1,2,0,0,1,0,0,0,0,0,1,0,0,1,0,0,0,0,0,0,0,4,0,0,0,2,0,2,0,3,1
0,0,16,2,0,1,0,0,0,0,0,5,0,1,0,0,2,0,0,0,0,0,0,13,0,0,1,1,0,12,1,4,0
0,1,22,0,0,0,0,0,1,0,4,37,0,0,0,2,1,2,0,1,0,4,7,11,3,0,1,2,0,10,15,2,0
0,1,16,5,0,0,1,0,0,0,1,8,3,0,0,0,1,2,0,0,0,0,0,3,0,0,2,2,0,8,4,4,0
1,1,19,1,0,0,1,0,0,0,33,7,12,1,0,0,3,0,0,16,0,0,0,35,2,0,0,12,0,22,3,4,1
0,1,19,0,0,0,4,0,0,0,4,5,1,0,0,1,0,1,0,1,0,1,1,13,0,0,1,2,0,11,1,3,1
1,1,28,9,2,0,0,1,4,0,5,23,2,1,0,0,1,3,0,0,0,3,3,28,0,0,0,2,0,19,10,18,0
0,7,25,12,2,0,2,1,1,0,14,59,8,0,0,3,0,2,0,11,0,5,6,44,2,0,2,16,3,14,22,21,0
0,0,4,0,0,1,0,0,0,0,0,0,0,0,0,0,0,1,0,0,0,0,2,4,0,0,0,0,1,2,4,2,1
0,0,9,0,0,0,0,0,0,0,2,2,1,0,0,0,0,0,0,1,0,1,0,4,0,0,0,6,0,6,1,0,1
0,1,3,0,0,1,0,0,0,0,0,2,4,0,0,0,0,0,0,3,0,0,0,2,0,0,2,3,0,4,4,1,1
0,0,3,2,2,5,1,0,0,0,15,19,6,0,0,0,4,2,0,0,2,1,0,7,0,0,3,23,0,8,10,2,1
0,0,2,1,1,3,1,0,0,0,9,10,3,0,0,0,2,2,0,1,1,0,0,4,0,0,2,12,0,4,7,4,1
0,0,15,2,2,0,0,0,0,0,10,12,5,0,0,0,0,0,0,4,2,1,0,7,0,0,0,12,0,10,6,2,1
0,0,1,0,0,0,0,0,0,0,0,1,0,0,0,0,1,0,0,0,0,0,0,2,0,0,0,0,0,1,0,0,1
2,16,120,24,1,8,1,3,0,0,8,58,18,1,0,4,12,3,0,7,4,0,12,64,1,0,4,20,1,55,26,14,0
0,5,5,13,0,10,2,2,0,0,2,12,10,0,0,2,9,5,0,3,0,1,2,3,0,0,0,13,0,10,9,4,1
0,0,14,1,2,0,0,0,0,0,9,12,5,0,0,0,0,0,0,3,2,1,0,6,0,0,0,12,0,9,6,2,1
0,1,6,0,0,0,0,0,0,0,1,10,0,0,0,0,0,0,0,0,0,1,0,8,0,0,0,9,0,4,3,1,1
0,0,2,2,0,0,0,0,0,0,0,0,0,0,0,0,2,1,0,0,0,0,2,3,0,0,2,2,0,4,0,2,1
0,0,10,1,0,0,0,0,0,0,0,3,0,2,0,0,0,0,0,1,0,0,3,6,0,0,0,2,0,4,2,9,1
0,1,3,1,0,0,1,0,0,0,5,0,0,0,0,0,0,0,0,0,0,0,0,3,1,0,0,0,0,2,2,6,1
0,0,0,0,0,3,1,0,0,0,0,0,0,0,0,0,3,0,0,3,0,0,1,13,0,0,1,1,0,3,2,2,1
1,0,2,1,0,0,0,0,0,0,1,4,0,1,0,0,0,0,0,0,0,0,0,4,0,0,0,0,0,5,1,3,1
1,1,6,7,0,7,2,0,0,0,4,1,6,0,0,0,8,1,0,0,0,0,3,9,0,0,2,6,3,5,11,9,1
0,38,21,31,3,8,9,2,0,6,3,6,5,4,0,2,6,24,0,2,0,1,0,9,0,0,5,3,0,12,13,22,1
6,12,43,1,0,1,1,2,2,0,3,6,0,0,0,1,9,1,0,5,0,0,0,21,0,0,0,0,0,23,10,4,1
0,0,0,0,0,0,0,0,0,0,0,0,0,0,0,0,0,0,0,0,0,0,0,1,0,0,0,0,0,0,0,0,1
0,0,1,4,0,0,0,0,2,0,2,8,4,0,0,3,3,1,0,2,1,0,3,12,0,0,4,6,0,6,6,5,1
0,0,3,9,0,0,0,0,0,0,3,15,10,0,0,2,0,1,0,2,2,1,1,2,0,0,3,9,0,5,3,5,1
0,0,1,13,0,0,0,0,0,0,2,8,10,0,0,4,3,2,0,0,2,0,1,3,1,0,1,11,0,2,0,3,1
0,1,3,18,0,0,0,0,0,0,2,13,22,0,0,1,1,2,0,1,2,0,1,11,0,0,0,24,0,1,1,4,1
0,0,2,6,0,0,0,0,0,0,0,4,7,0,0,0,0,0,0,0,0,0,1,1,0,0,0,8,0,4,1,0,1
0,1,6,19,0,0,0,0,0,0,3,7,23,1,0,2,1,0,0,0,3,0,0,9,1,0,1,17,0,5,7,11,1
0,0,8,16,0,0,0,0,1,0,0,4,21,0,0,0,0,0,0,0,0,0,1,5,1,0,0,17,0,6,3,2,1
3,0,36,76,0,0,0,0,0,0,12,47,81,0,0,6,8,0,0,2,3,1,10,24,4,0,0,71,0,23,25,32,1
0,0,10,31,0,2,0,0,0,0,3,24,25,0,0,3,2,2,0,1,6,2,0,24,1,0,1,24,0,5,8,11,1
0,0,6,16,0,0,0,0,0,0,0,19,19,1,0,0,0,0,0,0,0,0,4,8,2,0,1,20,0,3,5,1,1
0,0,7,12,0,0,0,0,0,0,1,9,13,0,0,0,1,0,0,0,2,0,2,9,0,0,0,11,0,2,3,3,1
4,0,13,24,0,5,1,2,1,0,13,50,17,0,0,6,10,3,0,7,0,2,11,16,1,0,0,17,1,7,7,9,1
0,0,0,0,0,0,0,0,0,0,0,17,0,0,0,1,0,1,0,0,0,1,4,2,0,0,1,0,0,1,5,1,0
0,0,2,10,0,0,0,0,0,0,0,11,2,0,0,0,0,2,0,1,1,0,4,13,0,0,0,10,3,2,4,2,0
1,2,5,12,0,0,0,0,0,0,5,28,2,0,0,2,0,1,0,0,0,2,1,15,4,0,2,14,3,0,7,6,0
0,1,5,0,0,0,0,0,0,0,0,1,2,0,0,0,1,0,0,0,0,0,0,3,0,0,0,0,0,2,1,3,1
0,0,1,0,0,0,0,0,0,0,1,0,1,0,0,0,0,0,0,0,0,0,0,1,0,0,0,1,0,0,0,1,1
0,1,5,0,0,0,0,0,0,0,1,2,1,0,0,0,0,0,0,1,0,0,0,2,1,0,0,4,0,4,1,1,1
0,1,7,0,0,0,2,0,0,0,3,9,0,0,0,0,4,0,0,2,0,1,0,9,0,0,1,9,0,14,2,4,1
0,1,5,1,0,1,2,0,0,0,2,7,24,0,0,0,3,1,0,3,0,0,0,7,0,0,0,14,0,9,5,3,1
1,0,18,46,1,1,1,0,0,0,6,15,30,0,0,6,1,1,0,5,0,2,12,17,3,0,1,24,3,23,12,8,1
2,3,32,32,0,1,0,0,0,0,4,13,43,0,0,1,4,3,0,3,1,1,6,14,3,0,0,28,1,13,10,12,1
1,13,16,21,0,2,0,0,0,0,5,29,8,0,0,11,7,6,0,10,2,2,10,30,0,0,0,7,2,20,12,10,1
0,1,5,4,0,0,0,0,0,0,3,4,0,0,1,1,2,1,0,0,0,0,2,4,1,0,0,1,1,2,4,0,1
0,0,7,6,0,0,0,0,0,0,3,5,5,1,0,1,4,0,0,9,0,0,0,6,1,0,0,2,1,7,3,2,1
0,0,41,18,0,1,0,1,0,0,1,21,19,0,0,0,1,0,0,0,0,1,6,19,4,0,0,26,1,19,10,9,1
1,4,46,64,1,11,0,1,0,0,5,44,66,1,0,3,14,7,0,3,0,0,4,16,1,0,0,64,0,29,12,20,1
0,3,3,8,0,0,0,0,0,0,1,0,6,0,0,1,0,1,0,0,0,0,0,2,0,0,0,4,0,6,1,7,1
0,1,2,0,0,0,0,0,0,0,0,4,0,0,0,0,1,0,0,0,0,0,0,5,0,0,0,0,0,5,0,0,1
0,1,8,0,0,0,0,0,0,0,0,3,0,0,0,0,0,1,0,1,0,0,2,6,0,0,1,1,0,6,3,1,1
0,0,2,0,0,1,1,0,0,0,0,0,1,0,0,0,0,0,0,0,0,0,0,2,0,0,0,1,0,1,0,0,1
0,1,0,1,0,0,0,0,0,0,0,0,1,0,0,0,0,1,0,0,0,0,0,1,0,0,0,2,0,1,0,0,1
0,1,0,0,0,0,0,0,0,0,0,3,0,0,0,1,0,1,0,0,0,0,0,2,0,0,0,2,0,3,0,0,1
0,1,0,0,0,0,2,0,0,0,0,0,1,0,0,0,0,0,0,0,0,0,0,0,0,0,0,1,0,0,0,0,1
0,0,0,0,0,0,0,0,0,0,0,0,0,0,0,0,0,0,0,0,0,0,0,0,0,0,0,0,0,0,0,0,1
0,0,0,0,0,0,0,0,0,0,0,0,0,0,0,0,0,0,0,0,0,0,0,0,0,0,0,0,0,0,0,1,1
0,0,0,0,0,0,0,0,0,0,0,0,0,0,0,0,0,0,0,0,0,0,0,0,0,0,0,0,0,0,2,2,1
0,0,1,0,0,0,1,0,0,0,0,0,0,0,0,1,0,0,0,0,0,0,0,0,0,0,0,1,0,3,0,0,1
0,0,2,0,0,0,0,0,0,0,0,1,0,0,0,1,0,0,0,0,0,0,0,1,0,0,0,2,0,2,1,1,1
3,45,30,16,1,5,21,0,0,0,23,8,12,9,0,0,6,6,0,6,0,0,0,13,0,0,1,2,0,13,5,2,1
0,0,1,0,0,0,0,0,0,0,0,1,0,0,0,0,0,0,0,1,0,0,0,2,0,0,0,0,0,3,0,0,1
1,4,1,1,0,13,1,0,0,0,1,7,2,0,0,1,12,5,0,2,0,1,1,1,1,0,0,6,0,5,2,1,1
0,2,2,0,0,0,0,0,0,0,1,2,0,0,0,0,1,0,0,0,0,0,0,5,0,0,0,1,0,3,2,1,1
0,0,0,0,0,0,0,0,0,0,0,0,0,0,0,0,0,0,0,0,0,0,0,1,0,0,0,0,0,0,0,1,1
0,0,5,4,0,0,0,0,0,0,0,14,1,0,0,0,1,0,0,3,0,1,0,14,0,0,0,2,0,8,6,12,1
0,4,9,0,0,0,0,0,0,0,5,3,1,2,0,0,1,0,0,0,0,1,0,15,0,0,0,1,0,1,2,5,1
0,0,0,2,0,0,0,0,0,0,1,0,0,0,0,0,0,0,0,0,0,0,0,0,0,0,0,0,0,1,0,0,1
0,0,2,4,0,0,0,0,0,0,0,0,0,0,0,2,1,0,0,0,0,0,0,4,0,0,1,0,0,1,0,4,1
0,0,0,0,0,0,0,0,0,0,0,0,0,0,0,0,0,0,0,0,0,0,0,1,0,0,0,0,0,0,0,1,1
0,1,10,0,0,0,1,0,0,0,1,13,0,0,0,2,1,1,0,2,0,1,3,8,2,0,1,0,2,8,6,8,1
2,0,3,0,0,0,0,0,0,0,1,1,0,0,0,0,1,0,0,1,0,0,0,3,0,0,0,1,0,0,0,1,1
0,20,47,8,2,4,5,2,1,0,6,10,3,1,0,1,4,4,0,7,0,1,8,37,0,0,1,5,1,14,10,21,1
2,15,23,2,5,1,2,0,5,0,3,10,0,3,0,0,4,5,0,7,0,2,0,20,1,0,1,2,0,9,6,16,1
0,0,0,0,0,0,0,0,0,0,0,0,0,0,0,0,0,0,0,0,0,0,0,0,0,0,0,0,0,0,0,0,1
0,0,4,3,0,0,0,0,0,0,0,1,0,2,0,0,0,0,0,0,0,0,0,2,0,0,0,1,0,0,1,2,1
0,9,13,12,0,0,0,0,0,0,4,18,4,4,0,0,3,0,0,3,0,1,0,9,0,0,0,11,0,12,14,15,1
2,3,35,62,1,1,1,1,0,0,23,76,57,0,0,14,7,5,0,6,3,2,13,40,2,0,3,56,2,35,12,17,1
0,1,7,17,0,1,2,1,0,0,7,19,15,0,0,3,3,1,0,9,1,3,6,20,0,0,1,20,0,12,12,10,1
0,0,0,0,0,0,0,0,0,0,0,0,0,0,0,0,0,0,0,0,0,0,0,2,0,0,0,0,0,0,0,1,1
0,0,1,0,0,0,0,0,0,0,0,0,0,0,0,0,0,0,0,0,0,0,0,1,0,0,0,0,0,0,0,0,1
0,0,1,0,0,0,0,0,0,0,0,1,0,0,0,0,0,0,0,0,0,0,0,1,0,0,0,0,0,1,0,0,1
0,0,1,0,0,0,0,0,0,0,4,0,0,0,0,1,0,0,0,0,0,0,0,1,0,0,0,0,0,0,3,1,1
0,0,0,0,0,0,0,0,1,0,0,0,0,0,0,1,1,0,0,0,0,0,0,1,0,0,0,0,0,0,0,0,1
0,0,5,0,0,0,0,0,0,0,0,13,0,0,0,0,0,0,0,3,0,0,1,7,0,0,1,1,0,4,2,3,0
0,3,15,0,0,0,0,0,1,0,1,1,0,0,0,0,0,0,0,0,0,0,0,9,0,0,0,0,0,3,2,1,0
0,1,12,0,0,0,0,0,0,0,0,14,0,0,0,0,0,0,0,0,0,0,2,12,0,0,1,0,0,3,7,0,0
0,1,1,1,0,0,0,0,0,0,2,12,0,0,0,0,0,0,0,1,0,0,0,4,0,0,0,0,0,4,0,2,0
0,0,0,0,0,0,0,0,1,0,1,14,0,0,0,1,0,0,0,1,0,2,3,4,0,0,0,0,1,0,3,0,0
0,0,3,1,0,0,0,0,2,0,0,0,0,1,0,0,1,0,0,0,0,0,0,1,0,0,1,0,0,1,1,4,0
0,0,2,0,1,0,0,0,0,0,0,6,0,0,0,1,0,1,0,5,0,0,0,4,0,0,0,0,0,2,0,3,0
0,0,9,26,0,3,0,2,1,0,7,8,26,0,0,0,4,0,0,0,1,0,0,14,0,0,0,29,0,7,6,3,1
2,25,60,11,0,2,4,3,1,0,12,32,9,1,0,9,11,3,0,10,0,0,1,27,1,0,5,8,0,36,23,23,1
0,0,1,0,0,0,0,0,0,0,0,1,0,0,0,0,0,0,0,0,0,0,0,1,0,0,0,0,0,1,0,0,0
0,0,3,0,0,0,0,0,0,0,0,1,0,0,0,0,0,0,0,0,0,0,1,0,1,0,0,0,0,0,0,0,0
0,1,0,0,0,0,0,0,0,0,0,3,0,0,0,1,0,0,0,0,0,1,0,1,0,0,0,0,0,0,1,0,0
0,0,0,0,0,0,0,0,0,0,0,0,0,0,0,0,0,0,0,0,0,0,0,0,0,0,0,0,0,0,0,0,0
0,0,1,0,0,0,0,0,0,0,0,6,0,0,0,0,0,0,0,0,0,0,1,1,1,0,0,0,0,1,2,0,0
0,1,0,0,0,0,0,0,0,0,0,2,0,0,0,0,0,0,0,0,0,0,0,1,0,0,0,0,0,0,1,0,0
0,0,0,0,0,0,0,0,0,0,0,0,0,0,0,0,0,0,0,0,0,0,0,0,0,0,0,0,0,0,0,1,0
0,0,1,0,0,0,0,0,0,0,0,1,0,0,0,0,0,0,0,0,0,0,0,1,0,0,0,0,0,0,0,0,0
0,0,5,7,0,0,0,0,0,0,3,1,13,0,0,0,1,0,0,1,0,0,0,6,0,0,0,11,0,6,0,1,1
0,0,5,7,0,0,0,0,0,0,3,1,13,0,0,0,1,0,0,1,0,0,0,6,0,0,0,11,0,6,0,1,1
0,0,1,1,0,0,0,0,0,0,3,0,5,0,0,0,0,0,0,0,0,0,0,1,0,0,0,5,0,2,0,0,1
0,1,1,1,0,0,0,0,0,0,0,0,1,0,0,0,0,0,0,0,0,0,0,0,0,0,0,1,0,1,1,0,1
0,0,3,1,0,0,0,0,0,0,0,2,3,0,0,0,0,0,0,1,0,1,1,4,0,0,0,1,0,3,0,0,1
0,0,1,0,0,0,0,0,0,0,0,2,0,0,0,0,0,0,0,0,0,0,0,4,0,0,0,0,0,4,1,0,1
0,0,1,0,0,0,0,0,0,0,1,0,0,0,0,0,0,0,0,0,0,0,0,1,0,0,0,0,0,0,0,1,1
0,0,0,0,0,0,0,0,0,0,0,0,0,0,0,0,0,0,0,0,0,0,0,2,0,0,0,0,0,0,1,0,1
0,0,0,0,0,0,0,0,0,0,1,1,0,0,0,0,0,0,0,0,0,0,0,1,1,0,0,0,0,0,0,1,1
0,0,0,0,0,0,0,0,0,0,0,0,0,0,0,0,0,0,0,0,0,0,0,2,0,0,0,0,0,0,1,0,1
0,0,0,0,0,0,0,0,0,0,0,0,0,0,0,0,0,0,0,0,0,0,0,0,0,0,0,0,0,0,0,0,1
0,1,0,0,0,0,1,0,0,0,0,1,0,0,0,1,0,0,0,0,0,0,0,0,0,0,1,0,0,0,1,0,1
0,0,1,0,0,1,1,0,0,0,0,0,0,0,0,0,2,0,0,0,0,0,0,0,0,0,0,0,0,0,0,0,1
0,0,1,1,0,0,0,0,0,0,0,0,0,0,0,0,0,0,0,0,0,0,0,0,0,0,0,0,0,0,0,0,1
0,0,0,0,0,0,0,0,0,0,0,0,0,0,0,1,1,0,0,0,0,0,0,0,0,0,0,0,0,1,0,0,1
0,0,0,0,0,0,0,0,0,0,0,0,0,0,0,0,0,0,0,0,1,0,0,2,0,0,0,0,0,0,1,0,1
1,0,0,1,0,0,0,0,0,0,1,0,0,1,0,0,0,0,0,0,1,0,0,2,0,0,0,0,0,2,1,2,1
0,1,10,1,0,0,0,0,4,0,2,4,0,0,0,0,0,1,0,3,0,1,1,5,0,0,2,1,0,9,5,3,1
0,0,1,0,0,0,0,0,0,0,0,3,0,0,0,0,0,0,0,0,0,1,1,1,0,0,0,0,0,2,0,0,1
0,1,14,2,1,0,0,0,0,0,2,9,0,0,0,2,1,1,0,1,0,0,0,23,2,0,0,2,1,10,5,5,1
0,0,1,0,0,0,0,0,0,0,0,0,0,0,0,1,0,0,0,0,0,0,0,1,0,0,0,0,0,0,0,0,1
1,8,37,7,0,0,6,1,0,0,1,24,3,0,0,1,3,2,0,3,0,2,1,22,2,0,0,3,1,26,13,46,1
0,1,25,4,1,0,0,0,3,0,6,14,3,0,0,2,4,3,0,6,0,1,4,23,1,0,1,1,0,18,13,15,1
0,23,21,21,1,10,6,0,1,1,9,14,2,0,0,1,11,19,1,5,0,3,1,14,1,0,0,7,3,11,7,7,1
0,0,13,1,4,0,1,0,0,0,2,14,1,0,0,0,2,0,0,3,0,1,2,27,1,0,0,1,0,11,5,17,1
0,1,7,1,0,0,0,0,0,0,2,3,0,0,0,0,0,2,0,0,1,2,0,8,1,0,0,1,0,4,4,7,1
0,0,7,6,0,0,1,0,0,0,2,3,3,2,0,0,1,0,0,2,0,0,1,15,1,0,0,4,1,8,1,13,1
0,4,27,0,1,0,0,1,0,0,0,5,0,0,0,1,1,2,0,0,0,0,0,16,0,0,0,1,0,10,4,8,1
0,2,8,2,1,0,4,0,1,0,9,6,3,0,0,3,0,6,0,1,0,0,0,9,0,0,0,2,0,12,6,14,1
1,12,23,4,1,0,0,0,0,1,5,3,1,0,0,0,0,0,0,1,0,0,0,20,0,0,0,0,0,20,2,2,0
11,53,102,13,4,7,22,0,0,0,44,16,4,1,0,2,14,5,0,26,0,0,1,56,1,0,2,0,0,71,23,11,0
0,2,19,0,0,0,4,0,0,0,3,4,1,1,0,1,0,1,0,2,0,1,1,13,0,0,1,2,0,10,1,3,1
0,0,8,0,0,0,0,0,0,0,3,1,0,0,0,0,0,0,0,2,0,0,1,4,0,0,0,0,0,4,0,1,0
1,2,13,1,0,2,0,0,0,0,6,6,0,0,0,0,3,0,0,3,0,0,0,7,0,0,0,0,0,1,2,8,1
0,0,18,36,1,3,0,0,1,0,4,23,29,1,0,3,4,2,0,4,0,1,1,25,1,0,0,32,0,17,10,31,1
3,3,27,0,0,0,0,0,3,0,1,7,0,0,0,3,3,0,0,2,0,0,1,8,0,0,0,0,0,10,7,3,1
0,2,18,16,0,5,1,0,2,0,7,16,38,0,0,0,5,0,0,2,0,0,1,21,0,0,1,38,1,25,5,16,1
0,0,0,1,0,0,0,0,1,0,0,1,1,0,0,0,1,0,0,0,0,0,0,0,0,0,0,1,0,1,0,0,1
0,0,6,0,0,0,0,0,0,0,0,3,1,0,0,0,0,0,0,0,0,0,0,1,0,0,0,1,0,3,2,1,1
0,7,20,3,0,0,7,0,0,0,1,7,0,0,0,0,0,0,0,7,0,0,0,13,0,0,0,0,0,11,3,5,1
0,0,19,1,0,0,2,0,1,0,0,3,1,0,0,0,0,0,0,6,0,1,0,11,0,0,0,0,0,10,1,1,1
1,0,2,1,0,0,0,0,0,0,0,0,3,0,0,0,0,0,0,0,0,0,0,0,0,0,0,3,0,2,0,0,1
1,5,14,0,0,1,1,0,1,0,1,1,0,0,0,0,2,1,0,2,0,0,0,5,0,0,0,1,0,8,3,2,1
0,1,7,24,0,0,0,0,1,0,4,9,24,0,0,1,0,0,0,3,0,2,0,15,0,0,2,20,0,6,5,6,1
0,7,15,2,0,1,5,0,1,0,0,18,1,1,0,0,4,1,0,2,0,0,0,8,0,0,0,0,0,23,0,5,1
7,13,50,5,0,2,6,0,8,0,5,56,4,1,0,4,12,1,0,5,0,0,0,39,0,0,0,0,2,27,9,23,1
1,3,15,19,0,0,0,0,0,0,4,6,9,0,0,0,0,0,0,4,0,0,1,12,0,0,0,6,0,1,3,7,1
1,0,10,3,1,0,0,0,0,0,1,0,0,0,0,0,1,1,0,3,0,0,0,10,0,0,0,0,0,4,5,10,1
0,2,3,0,2,0,0,0,0,0,0,9,2,0,0,0,0,2,0,1,0,0,0,6,0,0,1,4,0,9,3,3,1
0,1,21,122,0,18,0,4,2,0,37,31,72,4,0,0,17,4,0,31,0,4,10,23,0,0,1,87,3,14,6,10,1
0,6,14,17,1,2,3,1,0,0,10,9,0,0,0,0,4,3,0,9,0,0,4,8,0,0,0,8,0,6,3,2,1
0,1,11,2,0,4,1,0,0,0,3,12,2,0,0,2,6,2,0,3,0,0,0,15,0,0,0,8,0,20,2,5,1
1,1,18,0,1,2,1,1,0,0,1,21,1,2,0,0,3,2,0,0,0,0,4,19,0,0,0,4,1,12,5,4,1
0,0,19,1,0,1,0,0,0,0,1,1,1,0,0,1,0,0,0,4,0,0,0,7,0,0,0,1,0,6,2,0,1
1,1,15,1,0,0,0,0,0,0,1,7,0,0,0,2,1,0,0,2,0,0,0,8,0,0,1,0,1,7,3,1,1
0,0,2,3,0,0,0,0,0,0,2,2,1,2,0,0,0,0,0,0,0,0,1,3,1,0,0,0,0,9,1,4,1
0,0,0,0,0,0,0,0,0,0,0,2,0,0,0,0,0,0,0,0,0,0,1,0,0,0,0,0,0,0,0,0,1
0,0,5,0,0,0,0,0,2,0,2,2,0,0,1,1,4,0,0,1,0,0,1,4,0,0,0,0,0,0,0,4,1
0,0,1,0,0,0,0,0,0,0,0,0,0,0,0,0,0,0,0,0,0,0,0,1,0,0,0,0,0,0,1,0,1
0,0,19,0,0,0,0,0,1,0,1,3,0,0,0,0,1,0,0,0,0,0,1,9,0,0,0,0,0,13,0,2,1
0,0,10,0,0,0,0,0,0,0,2,2,2,0,0,0,0,0,0,2,0,0,0,5,0,0,0,1,0,3,1,2,1
1,1,20,0,0,0,1,0,4,0,2,11,1,0,0,3,5,1,0,0,0,0,1,9,0,0,3,2,0,12,7,10,0
0,0,11,1,0,0,1,0,2,0,5,3,0,0,0,2,2,0,0,1,0,0,0,2,0,0,0,0,0,3,0,2,1
0,0,3,0,0,0,0,0,2,0,1,0,0,0,0,0,1,1,0,1,0,0,0,2,0,0,1,1,0,3,0,1,1
0,0,17,0,0,0,0,0,1,0,0,4,0,0,0,0,1,0,0,0,0,0,1,8,0,0,0,0,0,12,1,2,1
5,0,7,0,0,0,0,0,3,0,0,2,0,0,0,0,1,0,0,0,0,0,0,2,0,0,0,0,0,1,0,3,1
1,0,3,0,0,0,0,0,0,0,1,2,1,0,0,0,0,0,0,0,0,0,0,1,0,0,0,1,0,3,0,0,1
0,0,4,1,0,0,0,0,0,0,0,4,0,0,0,0,1,0,0,2,0,0,0,6,1,0,0,1,0,2,2,6,1
0,0,5,3,0,0,0,0,0,0,0,14,1,0,0,0,1,0,0,2,0,1,0,13,0,0,0,2,0,7,5,12,1
0,0,0,0,0,0,0,0,0,0,0,2,0,0,0,0,0,0,0,0,0,0,1,0,0,0,0,0,0,0,0,0,1
0,0,2,2,2,0,0,0,0,0,1,10,1,0,0,2,1,0,0,0,0,0,1,6,0,0,0,0,0,11,1,6,1
0,0,6,5,0,0,0,0,0,0,4,9,3,0,0,0,0,0,0,0,0,0,1,5,0,0,0,3,0,11,0,8,1
0,0,2,18,0,0,0,0,0,0,0,5,13,2,0,1,3,0,0,0,0,1,0,7,0,0,0,12,0,8,2,13,1
0,0,6,9,0,0,0,0,0,0,0,7,8,0,1,1,1,0,0,0,0,0,0,7,0,0,0,6,0,13,1,8,1
0,0,1,0,0,0,0,0,0,0,0,0,0,0,0,0,0,0,0,0,0,0,0,1,0,0,0,0,0,1,0,0,1
3,10,33,8,0,0,1,0,0,0,5,4,5,4,0,1,2,3,0,4,0,0,0,11,0,0,0,0,0,27,2,1,0
0,0,1,3,0,0,0,0,0,0,0,6,0,0,0,0,0,0,0,0,0,0,3,1,1,0,0,0,0,1,1,0,1
1,1,25,7,0,2,0,0,0,0,3,34,3,0,1,5,5,0,0,4,0,3,11,10,3,0,3,3,2,14,8,5,0
0,0,10,4,0,0,0,0,1,0,1,9,1,0,0,0,1,0,0,1,0,0,1,11,0,0,0,2,0,10,3,3,0
0,0,1,1,0,0,0,0,0,0,0,0,1,0,0,0,0,0,0,1,0,0,0,0,0,0,0,1,0,0,0,0,1
0,0,1,3,0,0,0,0,0,0,0,3,0,0,0,0,0,0,0,0,0,0,1,1,1,0,0,0,0,1,0,0,1
0,2,19,29,0,0,0,0,0,0,1,9,20,0,0,1,0,0,0,4,0,5,8,14,2,0,1,12,0,11,11,3,0
0,0,1,0,0,0,0,0,0,0,0,3,0,0,0,0,0,0,0,0,0,0,0,2,2,0,0,0,0,1,0,0,0
0,0,0,1,0,0,0,0,0,0,2,1,0,0,0,0,0,0,0,0,0,0,0,1,0,0,0,0,0,0,1,2,0
0,0,2,0,0,0,0,0,0,0,0,0,0,0,0,0,0,0,0,0,0,0,0,5,0,0,0,1,0,1,0,0,0
0,1,1,0,0,0,0,0,0,0,1,0,1,0,0,0,0,0,0,0,0,0,0,4,0,0,0,4,0,1,3,0,0
0,0,0,1,0,0,0,0,0,0,1,0,3,0,0,0,1,1,0,1,1,0,1,1,0,0,0,3,1,0,1,3,0
0,0,3,1,0,0,0,0,0,0,0,2,1,0,0,0,0,0,0,0,0,0,0,11,0,0,0,1,0,1,1,1,0
0,0,0,1,0,0,0,0,0,0,0,0,3,0,0,1,0,0,0,0,0,1,1,0,0,0,0,0,1,0,0,1,0
0,0,2,0,0,0,2,0,0,0,0,1,0,0,0,0,0,0,0,0,0,0,0,0,0,0,0,0,0,1,1,1,0
0,0,0,0,0,0,0,0,0,0,0,0,0,0,0,0,0,0,0,0,0,0,0,0,0,0,0,1,0,1,0,2,0
0,0,1,0,0,0,0,0,0,0,0,2,0,0,0,0,0,0,0,0,0,0,0,1,0,0,0,0,0,2,0,0,0
0,0,9,0,0,0,0,0,0,0,0,9,0,0,0,0,0,0,0,0,1,0,1,15,0,0,0,0,0,7,4,1,0
0,0,4,1,0,1,0,1,0,0,0,8,0,0,0,0,1,1,0,0,0,0,1,14,0,0,0,0,1,3,2,0,0
0,0,4,0,0,0,0,0,1,0,0,6,0,0,0,0,0,0,0,0,0,0,0,5,1,0,0,0,0,5,3,1,0
0,0,0,0,0,0,0,0,0,0,0,3,0,0,0,0,1,0,0,0,0,0,0,4,0,0,0,1,0,1,0,3,0
0,0,1,0,0,0,0,0,1,0,0,2,1,0,0,0,1,0,0,1,0,0,0,5,0,0,0,0,0,1,2,0,0
0,1,6,2,0,0,0,0,0,0,0,4,1,1,0,0,0,0,0,0,0,0,0,4,0,0,0,0,0,3,0,7,0
0,0,4,2,0,0,1,0,0,0,0,4,2,0,0,0,0,0,0,0,0,0,0,4,0,0,0,1,0,4,2,6,0
0,0,5,3,0,0,0,0,0,0,3,10,1,0,0,0,0,2,0,0,0,0,0,25,1,0,0,0,0,11,2,5,0
0,0,34,6,0,2,0,0,1,0,4,10,3,0,0,2,2,5,0,0,1,0,3,27,2,0,0,2,2,10,11,3,0
0,0,8,1,1,0,0,0,0,0,3,11,0,0,0,0,0,0,0,0,1,0,1,13,1,0,0,0,0,7,14,10,0
0,1,24,1,0,0,1,0,1,0,5,27,0,0,0,1,0,3,0,0,0,0,4,29,0,0,1,8,0,11,8,4,0
0,2,1,7,0,0,1,0,0,0,3,5,3,0,0,0,1,2,0,1,0,0,2,3,0,0,0,8,1,1,5,2,0
0,1,11,42,0,1,0,0,0,0,3,21,30,1,0,0,6,3,0,3,0,3,7,19,4,0,5,25,4,11,2,7,0
1,2,5,12,0,0,0,0,0,0,5,28,2,0,0,2,0,1,0,0,0,2,1,15,4,0,2,14,3,1,7,6,0
0,3,2,24,0,0,0,0,1,0,2,2,6,0,0,0,0,6,0,1,1,0,1,2,0,0,0,15,1,4,4,4,0
2,1,1,14,0,1,0,0,0,0,1,23,4,0,0,3,1,1,0,1,2,2,2,12,5,0,3,8,1,4,9,13,0
0,1,3,0,0,0,0,0,0,0,5,7,1,0,0,1,1,0,0,1,0,0,0,5,1,0,0,0,0,0,2,7,0
0,0,6,2,0,0,0,0,1,0,1,0,3,0,0,0,0,2,0,0,0,0,0,3,1,0,0,5,0,3,4,5,0
0,0,3,0,0,0,0,0,0,0,2,0,0,0,0,0,0,0,0,0,0,0,0,6,1,0,0,0,0,5,2,2,0
0,0,1,2,0,0,0,0,0,0,0,1,1,0,0,0,0,0,0,0,0,0,0,5,0,0,0,0,0,3,0,2,0
0,0,0,0,0,0,0,0,0,0,0,1,0,0,0,0,0,0,0,0,0,0,0,0,0,0,0,0,0,0,0,1,0
0,0,0,4,0,0,0,0,0,0,1,2,2,0,0,0,0,0,0,0,0,0,0,0,0,0,0,2,0,1,1,1,0
0,0,1,0,0,0,0,0,0,0,0,7,0,0,0,1,0,0,0,0,0,0,0,1,1,0,0,0,0,2,2,0,0
0,0,0,0,0,0,0,0,0,0,0,2,0,0,0,0,0,0,0,0,0,0,0,1,0,0,0,0,0,0,1,0,0
0,0,0,0,0,0,0,0,0,0,0,1,0,0,0,0,0,0,0,0,0,0,0,2,0,0,0,0,0,0,0,1,0
0,0,1,1,0,0,0,0,0,0,0,0,0,0,0,0,0,0,0,0,0,0,0,0,0,0,0,0,0,0,0,1,0
0,1,0,0,0,0,0,0,0,0,0,0,1,0,0,0,0,0,0,1,0,0,0,3,0,0,0,0,0,2,0,2,0
0,0,11,14,1,1,0,0,0,0,9,9,6,1,0,4,2,0,0,0,0,1,1,14,0,0,1,5,0,10,6,3,0
0,0,0,0,0,0,0,0,0,0,0,2,0,0,0,0,0,0,0,0,0,0,0,1,0,0,0,0,0,1,0,1,0
0,1,4,0,0,0,0,0,0,0,0,2,0,0,0,1,1,2,0,0,0,0,5,2,0,0,0,0,0,2,0,0,0
0,2,3,3,0,1,0,2,0,0,2,14,2,0,0,1,3,0,0,0,0,1,5,3,1,0,0,2,0,3,1,1,0
0,0,10,0,0,0,0,0,0,0,0,1,0,0,0,0,0,0,0,0,0,0,0,3,0,0,0,0,0,1,0,0,0
0,0,2,0,0,2,0,0,0,0,0,8,0,0,0,0,3,0,0,0,0,2,1,0,0,0,0,0,3,1,1,0,0
0,0,4,0,0,0,0,0,0,0,0,1,0,0,0,0,0,0,0,0,0,0,2,4,0,0,0,0,0,4,0,0,0
0,0,1,0,0,0,0,0,0,0,0,1,0,0,0,0,0,0,0,0,0,0,0,2,0,0,0,0,0,1,2,1,0
0,2,11,0,0,0,0,0,0,1,0,2,0,1,0,0,0,0,0,0,0,0,0,3,0,0,1,0,0,3,3,0,0
0,0,2,0,0,0,0,0,0,0,1,2,0,0,0,1,0,0,0,1,0,2,1,3,0,0,0,0,0,1,1,1,0
0,1,8,0,0,0,0,0,0,0,0,2,0,0,0,1,0,0,0,0,0,0,1,0,1,0,0,0,0,0,0,0,0
0,0,1,0,3,0,0,0,0,0,0,4,0,0,0,0,0,0,0,0,0,0,0,2,0,0,0,0,0,2,1,2,0
0,0,4,0,0,0,0,0,0,0,1,4,0,0,0,0,0,1,0,0,0,0,0,0,0,0,0,0,0,4,1,0,0
0,2,6,0,0,0,1,0,0,0,1,0,0,0,0,0,0,1,0,0,0,0,0,1,0,0,1,0,0,0,1,0,0
0,0,2,0,0,0,0,0,0,0,0,2,0,0,0,1,0,0,0,0,0,0,0,1,0,0,0,0,0,0,1,0,0
0,0,1,0,0,0,0,0,0,0,0,2,0,0,0,1,0,0,0,0,0,1,0,3,0,0,0,1,0,1,1,0,0
0,0,1,0,1,1,0,0,0,0,1,1,1,0,0,0,1,0,0,2,0,0,0,2,0,0,0,1,0,2,2,0,0
1,0,4,4,0,0,1,0,0,0,4,2,1,0,0,1,0,0,0,1,0,0,1,2,0,0,0,0,0,2,1,2,0
0,0,2,0,0,0,0,0,0,0,1,4,0,0,0,0,0,0,0,0,0,0,0,1,0,0,0,0,0,1,4,0,0
0,0,1,0,0,0,0,0,0,0,0,0,0,0,0,0,0,0,0,0,0,0,0,1,0,0,0,0,0,0,2,1,0
0,0,0,0,0,0,0,0,0,0,0,0,0,0,0,0,0,0,0,0,0,0,0,1,0,0,0,1,0,1,0,2,0
0,0,2,0,0,0,0,0,0,0,0,1,0,0,0,0,0,0,0,0,0,1,0,1,0,0,0,0,0,2,0,0,0
0,0,0,0,0,0,0,0,0,0,0,2,0,0,0,0,0,0,0,0,0,0,0,1,0,0,0,0,0,0,0,0,0
0,0,0,0,0,0,0,0,0,0,0,1,0,0,0,0,0,0,0,0,0,0,0,2,0,0,0,0,0,0,1,0,0
0,3,7,0,0,0,0,0,0,0,1,3,0,0,0,0,0,0,0,0,0,0,0,3,0,0,0,0,0,2,2,1,0
0,1,6,0,0,0,0,0,0,0,0,3,0,0,0,0,0,0,0,1,0,0,0,5,0,0,0,0,0,1,2,0,0
0,0,0,0,0,0,0,0,0,0,0,3,0,0,0,0,0,1,0,0,0,0,0,3,0,0,0,0,0,0,2,0,0
0,0,0,0,0,0,0,0,0,0,0,1,0,0,0,0,0,0,0,1,0,0,0,2,0,0,0,0,0,0,0,1,0
0,0,1,0,0,0,0,0,0,0,0,2,0,0,0,0,0,0,0,0,0,0,0,3,0,0,0,0,0,2,0,1,0
0,0,1,0,0,0,0,0,0,0,0,1,0,0,0,1,0,0,0,0,0,0,0,1,0,0,0,0,0,0,2,0,0
0,0,2,0,0,0,0,0,0,0,0,0,0,0,0,0,0,1,0,1,0,0,0,0,0,0,0,0,0,3,1,0,0
1,0,0,0,0,0,0,0,0,0,1,0,0,0,0,0,0,0,0,1,0,0,0,2,0,0,0,0,0,0,1,1,0
0,0,0,0,0,0,0,0,0,0,0,4,0,0,0,0,0,0,0,0,0,0,0,4,0,0,2,0,0,0,1,0,0
0,0,0,1,0,0,0,0,0,0,0,0,0,0,0,0,0,0,0,0,0,0,0,2,1,0,0,0,0,0,0,0,0
0,0,1,0,0,0,0,0,0,0,0,0,0,0,0,0,0,0,0,0,0,0,0,1,0,0,0,0,0,0,2,1,0
0,0,4,1,0,0,0,0,0,0,0,0,1,0,0,0,0,0,0,0,0,0,0,4,0,0,0,0,0,0,0,2,0
0,0,2,0,0,0,0,0,0,0,0,0,0,0,0,0,0,0,0,0,0,0,0,0,0,0,0,0,0,0,0,0,0
0,0,0,0,0,0,0,0,0,0,0,0,0,0,0,0,0,0,0,0,0,0,0,0,0,0,0,0,0,1,0,0,0
0,0,1,1,0,0,0,0,0,0,0,8,0,0,0,0,1,1,0,0,0,0,2,3,0,0,2,0,0,1,1,0,0
0,0,0,1,0,0,0,0,0,0,1,2,0,0,0,0,0,0,0,1,0,0,0,1,0,0,0,0,0,0,1,1,0
0,0,0,0,0,0,0,0,0,0,0,1,0,0,0,0,0,1,0,0,0,0,0,1,0,0,0,0,0,0,2,1,0
0,0,0,0,0,0,0,0,0,0,0,1,0,0,0,0,0,0,0,0,0,0,0,2,0,0,0,0,0,1,1,1,0
0,0,0,0,0,0,0,0,0,0,0,0,0,0,0,0,0,0,0,0,0,0,0,0,0,0,0,0,0,1,0,3,0
0,0,0,0,0,0,1,0,0,0,0,0,0,0,0,0,0,0,0,0,0,0,0,6,0,0,0,0,0,0,1,0,0
0,1,3,0,0,0,0,0,0,0,0,1,1,0,0,1,0,0,0,1,0,0,0,1,0,0,0,0,0,3,2,3,0
0,1,1,0,0,0,0,0,0,0,0,2,0,0,0,0,0,0,0,0,0,0,0,0,0,0,0,0,0,1,1,1,0
0,0,2,1,0,0,0,0,0,0,0,1,0,0,0,0,0,0,0,0,0,0,0,0,0,0,0,0,0,0,1,1,0
0,0,0,0,0,0,0,0,0,0,0,1,0,0,0,0,0,0,0,0,0,0,0,0,0,0,0,0,0,0,0,0,0
0,0,1,0,0,0,0,0,0,0,0,2,1,0,0,0,0,0,0,0,0,0,0,1,0,0,0,0,0,1,0,0,0
0,0,2,0,0,0,0,0,0,0,0,0,0,0,0,0,0,0,0,0,0,0,0,1,0,0,0,0,0,0,0,2,0
3,2,0,1,0,0,0,0,0,0,4,3,2,0,0,2,0,0,0,3,0,1,3,5,0,0,1,0,0,3,0,2,0
0,0,3,1,10,2,0,0,0,0,1,0,0,0,0,1,2,1,0,0,0,0,0,5,0,0,1,0,0,1,1,2,0
0,3,15,2,31,5,0,2,0,0,9,10,0,0,0,0,6,0,0,0,0,0,0,36,0,0,0,0,0,13,5,8,0
1,0,0,2,0,0,0,0,0,0,1,2,0,0,0,0,1,0,0,1,0,0,0,3,0,0,0,0,0,1,0,1,0
0,1,7,2,1,0,0,1,0,0,2,4,0,0,0,2,1,0,0,1,1,1,1,4,0,0,1,0,0,7,2,5,0
0,0,6,0,0,0,0,0,0,0,0,3,0,0,0,0,0,0,0,1,0,0,0,7,0,0,0,0,0,0,1,7,0
0,0,3,2,0,0,0,0,0,0,4,5,0,0,0,0,1,0,0,0,0,0,0,14,0,0,1,0,0,4,5,3,0
0,0,5,1,0,1,0,0,0,0,4,6,2,0,0,0,1,0,0,1,0,3,1,10,1,0,0,3,0,3,0,7,0
0,0,2,0,0,0,0,0,0,0,1,11,1,0,0,0,0,0,0,0,0,1,0,2,0,0,1,0,0,1,3,2,0
1,0,12,3,7,0,0,0,0,0,12,9,1,0,0,0,1,1,0,2,0,0,0,21,2,0,0,2,0,8,8,4,1
5,5,39,10,0,1,2,1,1,0,12,10,1,0,0,1,2,0,0,7,0,2,1,17,0,0,2,0,0,18,7,4,0
0,2,16,0,0,0,0,0,0,0,0,19,0,0,0,2,2,0,0,2,0,1,2,17,0,0,3,0,0,9,3,6,0
0,0,7,5,14,0,0,0,2,0,10,5,0,0,0,4,2,0,0,6,0,1,0,12,0,0,0,0,0,9,4,2,0
0,0,4,1,0,0,0,0,0,0,0,3,0,0,0,1,1,0,0,2,0,0,0,2,0,0,2,0,0,4,0,4,0
0,0,8,0,0,0,1,0,0,0,2,6,0,0,0,0,2,0,0,0,0,0,1,5,0,0,0,0,0,4,2,8,0
0,0,1,0,0,1,0,0,0,0,0,1,0,0,0,0,0,0,0,0,0,0,0,1,0,0,0,0,0,0,0,0,0
0,1,0,0,0,0,1,0,0,0,0,0,0,0,0,0,0,0,0,0,0,0,0,0,0,0,0,0,0,1,0,1,0
1,6,43,10,15,3,0,0,0,0,13,50,12,1,0,5,5,4,0,2,0,0,7,41,1,0,1,16,0,24,24,45,0
0,0,3,0,0,0,0,0,0,0,0,19,0,0,0,0,0,0,0,0,0,0,2,5,0,0,0,0,0,4,3,0,0
0,1,12,0,0,0,1,0,0,0,3,5,5,0,0,0,15,2,0,1,0,2,0,10,0,0,0,2,0,5,9,20,0
2,7,17,1,0,0,1,0,0,0,6,9,3,0,0,1,2,0,0,2,0,1,1,37,0,0,0,4,0,21,11,8,0
1,2,51,7,0,0,1,1,2,0,5,22,5,1,1,3,0,1,0,3,0,0,3,33,0,0,1,7,0,20,10,13,0
0,0,2,0,0,0,0,0,0,0,0,1,0,0,0,0,0,0,0,0,0,0,0,3,0,0,1,0,0,2,2,0,0
0,0,2,2,0,0,0,0,0,0,0,3,0,0,0,0,1,0,0,0,0,0,1,1,0,0,1,2,2,0,3,2,0
0,0,0,4,0,0,0,0,0,0,0,1,1,0,0,0,0,0,0,0,0,0,0,0,0,0,0,7,0,0,1,0,0
0,0,9,2,0,0,0,0,0,0,0,2,2,0,0,0,0,1,0,0,0,0,3,4,1,0,1,0,0,3,1,3,0
0,0,1,0,0,0,0,0,0,0,0,1,0,0,0,1,0,0,0,1,0,0,0,1,0,0,0,0,0,0,0,0,0
0,0,4,0,1,0,0,0,0,0,0,3,0,0,0,1,0,2,0,0,1,0,1,4,0,0,1,0,0,1,1,1,0
0,0,0,1,0,0,0,0,0,0,1,3,3,0,0,0,0,1,0,0,0,1,0,0,0,0,0,3,1,1,1,0,0
0,0,2,5,0,0,0,0,0,0,0,2,1,0,0,1,0,0,0,0,0,0,0,2,0,0,0,3,0,0,1,2,0
0,0,6,2,0,0,0,0,0,0,0,1,0,0,0,0,0,2,0,0,0,0,1,1,0,0,1,2,0,2,0,1,0
0,0,2,4,0,0,0,0,0,0,0,0,0,0,0,0,0,1,0,0,0,0,0,0,0,0,1,2,0,0,0,0,0
0,0,0,3,0,0,1,0,0,0,0,0,0,0,0,0,0,1,0,0,0,0,0,1,0,0,0,1,0,0,1,2,0
0,0,0,0,0,0,0,0,0,0,1,0,0,0,1,0,0,0,0,0,0,0,0,0,0,0,0,0,0,1,2,2,0
0,0,8,2,0,0,0,0,0,0,2,2,2,0,0,0,1,1,0,0,1,1,2,5,0,0,0,0,0,4,0,2,0
0,0,1,0,0,0,0,0,0,0,0,1,0,0,0,0,0,0,0,0,0,0,0,0,0,0,0,0,0,0,0,1,0
0,0,1,0,0,0,0,0,0,0,0,0,0,0,0,0,0,0,0,0,0,0,0,1,0,0,0,0,0,0,0,2,0
0,1,5,0,0,0,0,0,0,0,0,2,0,0,0,0,0,0,0,0,0,0,0,2,0,0,0,0,0,0,0,1,0
0,0,5,0,0,0,0,0,0,0,0,5,1,0,0,0,0,0,0,2,0,0,1,2,0,0,0,0,0,2,0,3,0
0,0,0,0,0,0,0,0,0,0,0,4,0,0,0,0,0,0,0,0,0,1,1,4,0,0,0,0,0,0,0,0,0
0,0,8,1,0,0,0,0,0,0,0,1,0,0,0,0,1,0,0,0,0,0,0,2,0,0,1,1,0,2,0,0,0
1,2,1,3,0,1,0,0,0,0,0,1,2,0,0,0,1,0,0,0,0,1,1,0,0,0,1,1,1,3,1,1,0
0,0,0,0,0,0,0,0,0,0,1,1,0,0,0,1,0,0,0,0,0,1,0,0,0,0,0,0,0,0,0,2,0
0,0,0,0,0,0,0,0,0,0,0,2,0,0,0,0,0,0,0,0,0,0,0,0,0,0,0,0,0,0,0,0,0
0,0,1,0,0,0,0,0,0,0,0,2,0,0,0,0,0,0,0,0,0,0,0,1,0,0,0,0,0,1,0,0,0
0,0,2,0,0,0,0,0,0,0,0,1,0,0,0,0,0,0,0,0,0,0,0,2,0,0,0,0,0,2,0,0,0
0,0,0,0,0,0,0,0,0,0,0,0,0,0,0,0,0,0,0,0,0,0,0,0,0,0,0,0,0,0,1,0,0
0,0,0,0,0,0,0,0,0,0,0,1,0,0,0,2,0,0,0,0,0,1,0,3,0,0,0,0,0,0,0,1,0
0,0,3,0,0,0,0,0,0,0,0,34,0,0,0,1,0,0,0,2,0,1,4,6,4,0,1,0,0,1,13,0,0
0,0,0,0,0,0,0,0,0,0,0,14,0,0,0,1,0,0,0,1,0,1,0,1,2,0,0,0,0,0,4,0,0
0,0,2,0,0,0,0,0,0,0,7,1,0,0,0,2,0,0,0,1,0,2,3,4,0,0,1,0,1,0,0,0,0
0,0,0,0,0,0,0,0,0,0,1,7,0,0,0,0,0,0,0,1,0,0,0,0,2,0,0,0,0,0,1,0,0
0,0,2,0,0,0,0,0,0,0,0,14,0,0,0,0,3,0,0,1,0,4,8,5,1,0,1,0,0,1,2,0,0
0,0,1,2,0,0,0,0,0,0,1,14,2,0,0,1,0,0,0,0,0,0,3,8,0,0,0,2,0,2,2,0,0
0,0,5,0,0,0,0,0,0,0,1,14,0,0,0,2,0,1,0,1,0,1,1,4,0,0,1,0,0,1,5,1,0
0,0,0,0,0,0,0,0,0,0,0,0,0,0,0,0,0,0,0,0,0,0,0,0,0,0,0,0,0,0,0,1,0
0,0,9,2,0,0,0,0,0,0,0,2,2,0,0,0,0,1,0,0,0,0,3,4,1,0,1,0,0,3,1,3,0
0,0,1,0,0,0,0,0,0,0,0,1,0,0,0,1,0,0,0,1,0,0,0,1,0,0,0,0,0,0,0,0,0
0,0,2,0,0,0,0,0,0,0,0,14,1,0,0,0,0,0,0,0,0,0,2,1,0,0,0,0,0,1,2,1,0
0,0,5,0,0,0,0,0,0,0,1,2,0,0,0,1,0,0,0,0,0,0,0,1,0,0,2,0,0,2,2,1,0
0,0,2,0,0,0,0,0,0,0,0,1,0,0,0,0,0,0,0,0,0,0,0,0,0,0,1,0,0,1,0,0,0
0,0,3,5,0,0,0,0,0,0,0,2,2,0,0,0,0,0,0,0,0,1,0,0,0,0,2,2,0,0,1,0,0
0,0,4,4,0,0,0,0,0,0,0,4,0,0,0,0,0,0,0,0,0,0,0,1,1,0,1,0,0,3,0,0,0
0,0,1,1,0,0,0,0,0,0,0,1,0,0,0,0,0,0,0,0,0,0,0,2,0,0,1,0,1,0,2,0,0
0,0,0,0,0,0,0,0,0,0,0,0,0,0,0,0,0,0,0,0,0,0,0,2,0,0,0,0,0,1,1,0,0
0,0,1,0,1,0,0,0,0,0,0,29,0,0,0,4,2,1,0,0,0,2,9,1,1,0,0,0,0,1,6,1,0
0,0,1,0,0,0,0,0,0,0,0,3,0,0,0,0,0,0,0,0,0,0,2,1,0,0,0,0,0,0,0,0,0
0,0,0,1,0,0,0,0,0,0,0,0,0,0,0,0,0,0,0,0,0,0,1,2,0,0,0,2,0,0,0,2,0
0,0,0,1,0,0,0,0,0,0,0,2,0,0,0,0,0,0,0,0,0,0,1,1,0,0,0,1,0,0,1,1,0
0,1,0,0,0,0,0,0,0,0,0,0,0,0,0,0,0,0,0,0,0,0,0,0,0,0,0,0,0,0,0,0,0
2,1,6,10,0,1,0,1,0,0,5,14,8,0,0,1,2,0,0,9,0,1,6,7,0,0,1,3,0,4,2,4,0
0,0,0,0,0,0,0,0,0,0,0,0,0,0,0,0,0,0,0,0,0,0,0,0,0,0,0,0,0,0,0,0,0
0,0,3,0,0,0,0,0,0,0,0,34,0,0,0,1,0,0,0,2,0,1,4,6,4,0,1,0,0,1,13,0,0
0,0,0,0,0,0,0,0,0,0,0,3,0,0,0,0,0,0,0,0,0,0,0,0,0,0,0,0,0,0,1,0,0
0,0,2,0,0,0,0,0,0,0,0,0,0,0,0,0,0,0,0,1,0,0,0,1,0,0,0,0,0,0,0,0,0
0,0,1,0,4,0,0,0,0,0,1,0,0,0,0,0,0,0,0,1,0,0,0,2,0,0,1,0,0,1,2,0,0
0,1,1,0,0,0,0,0,0,0,0,1,0,0,0,0,0,0,0,0,0,0,3,2,0,0,0,1,0,0,1,0,0
0,0,2,0,0,0,0,0,0,0,0,1,0,0,0,0,0,0,0,0,0,0,1,0,0,0,1,0,0,0,0,0,0
0,0,7,0,4,0,0,0,0,0,2,3,0,0,0,0,0,1,0,0,0,1,0,8,0,0,2,0,0,2,0,4,0
0,0,1,0,0,0,0,0,0,0,0,0,0,0,0,1,0,0,0,0,0,0,0,1,0,0,0,0,0,0,0,0,0
0,0,5,0,0,0,0,0,0,0,0,0,0,0,0,0,0,0,0,0,0,0,1,8,0,0,0,0,0,2,0,1,0
0,0,0,0,0,0,0,0,0,0,0,0,0,0,0,0,0,0,0,0,0,0,0,0,0,0,0,0,0,0,0,0,0
0,0,1,0,0,0,0,0,0,0,0,0,0,0,0,0,0,0,0,0,0,0,0,2,0,0,0,0,0,1,0,0,0
0,0,4,0,0,0,0,0,0,0,0,9,0,0,0,0,0,0,0,2,0,3,0,2,0,0,2,1,0,1,6,4,0
0,0,6,10,0,1,0,0,0,0,2,12,2,1,0,0,0,0,0,0,1,0,1,5,0,0,1,11,2,0,3,3,0
0,0,0,1,0,0,0,0,0,0,1,3,3,0,0,0,0,1,0,0,0,1,0,0,0,0,0,2,1,0,1,1,0
0,0,1,6,0,0,0,0,0,0,0,1,1,0,0,0,0,0,0,0,0,0,0,1,0,0,0,1,1,0,2,2,0
0,0,0,0,0,0,0,0,0,0,0,0,0,0,0,0,0,0,0,0,0,0,0,0,0,0,0,0,0,0,1,0,0
0,0,0,7,1,0,0,0,0,0,0,1,1,0,0,0,0,0,0,0,1,2,1,0,2,0,1,9,0,0,1,2,0
0,0,0,1,0,0,0,0,0,0,0,0,1,0,0,0,0,0,0,0,0,0,0,0,0,0,0,0,0,0,1,2,0
0,0,1,0,1,0,0,0,0,0,1,6,0,0,0,1,0,0,0,0,0,1,0,2,0,0,1,0,0,1,1,1,0
0,0,1,0,3,0,0,0,0,0,0,3,0,0,0,0,0,0,0,1,0,1,0,9,0,0,0,1,0,0,2,1,0
0,0,0,0,1,0,0,0,0,0,0,1,0,0,0,0,0,1,0,0,0,0,0,2,0,0,0,0,0,1,0,0,0
0,0,2,0,0,0,0,0,0,0,0,1,0,0,0,0,0,0,0,0,0,0,0,0,0,0,0,0,0,0,0,0,0
0,1,4,2,0,0,0,0,0,0,0,0,0,0,0,0,0,0,0,0,0,0,0,1,0,0,0,0,0,0,0,1,0
0,1,1,1,0,0,0,0,0,0,0,4,2,0,0,1,0,0,0,0,0,0,0,0,0,0,0,2,0,1,0,0,0
0,0,1,7,0,0,0,0,0,0,0,5,10,0,0,0,0,0,0,0,0,0,0,2,0,0,2,12,0,1,1,2,0
0,0,7,12,0,3,0,0,0,0,0,11,17,0,0,1,3,0,0,1,0,1,1,2,0,0,1,18,0,1,0,17,0
0,1,16,7,0,3,1,0,0,0,0,10,0,0,0,1,3,0,0,0,0,0,1,7,0,0,3,1,0,6,2,5,0
0,0,1,11,0,0,0,0,0,0,0,22,11,0,0,1,0,0,0,1,0,2,2,6,0,0,1,12,0,2,2,0,0
0,0,7,0,4,0,0,0,0,0,2,3,0,0,0,0,0,1,0,0,0,1,0,8,0,0,2,0,0,2,0,4,0
0,0,0,0,0,0,1,0,0,0,0,12,0,0,0,0,0,1,0,0,0,0,2,3,0,0,3,0,0,0,5,1,0
0,0,0,0,0,0,0,0,2,0,0,21,0,0,0,3,0,0,0,0,0,1,6,7,0,0,0,0,0,2,8,0,0
0,0,1,0,0,0,0,0,0,0,1,2,1,0,0,0,0,0,0,0,0,0,0,3,0,0,1,0,0,1,2,4,0
0,0,1,0,0,0,0,0,0,0,0,8,0,0,0,1,1,0,0,0,0,0,2,11,0,0,0,0,1,2,5,2,0
0,0,0,0,0,0,0,0,0,0,0,0,0,0,0,0,0,0,0,0,0,0,0,5,0,0,0,0,0,1,0,0,0
0,0,0,0,0,0,0,0,0,0,1,0,0,0,0,1,0,0,0,0,0,0,0,2,0,0,0,0,0,0,1,1,0
0,0,0,0,0,0,0,0,0,0,0,0,0,0,0,0,0,0,0,0,0,0,0,0,0,0,0,0,0,0,0,0,0
0,0,4,3,0,0,2,0,0,0,3,9,0,0,0,0,0,1,0,1,0,0,1,17,1,0,1,1,0,7,6,6,0
0,0,0,0,0,0,0,0,0,0,0,3,0,0,0,0,0,0,0,1,0,0,0,0,0,0,0,0,0,0,3,0,0
0,0,0,0,0,0,0,0,0,0,0,0,0,0,0,0,0,0,0,0,0,0,0,0,0,0,0,0,0,1,0,0,1
0,0,1,0,0,0,0,0,0,0,0,0,0,0,0,0,0,0,0,0,0,0,0,1,0,0,0,0,0,2,0,0,1
0,0,8,1,0,0,0,0,0,0,0,3,0,0,0,1,2,0,0,0,0,0,0,16,3,0,0,0,0,6,6,10,1
0,0,8,1,0,0,0,0,0,0,0,3,0,1,0,1,2,0,0,0,0,0,0,16,2,0,0,0,0,6,6,10,1
0,1,0,0,0,0,0,0,0,0,0,0,0,0,0,0,0,0,0,0,0,0,0,0,0,0,0,1,0,0,1,2,1
1,0,35,0,0,0,0,0,1,0,0,12,1,0,0,0,0,0,0,0,0,1,0,40,0,0,0,0,0,13,7,1,1
0,0,1,0,0,0,1,0,0,0,0,0,0,0,0,0,0,0,0,0,0,1,0,2,0,0,0,0,0,1,0,0,1
0,0,4,2,0,0,0,0,0,0,1,2,0,0,0,0,0,1,0,0,1,1,4,3,2,0,0,3,2,2,3,3,1
0,0,7,1,0,1,0,0,0,0,1,2,0,0,0,1,1,0,0,2,0,3,0,8,0,0,1,3,0,7,1,3,0
0,0,2,1,0,0,0,0,0,0,2,0,2,0,0,0,0,0,0,3,0,0,0,1,0,0,0,1,0,2,2,9,1
0,0,2,0,0,0,0,0,0,0,0,0,0,0,0,0,0,0,0,0,0,0,0,0,0,0,0,0,0,1,0,0,1
0,0,0,0,0,0,0,0,0,0,0,0,0,0,0,0,0,0,0,1,0,0,0,0,0,0,0,0,0,0,0,1,1
0,1,9,1,0,2,1,0,1,0,6,1,4,0,1,1,1,0,0,12,0,1,1,5,0,0,0,5,0,5,8,4,0
2,3,15,4,0,14,0,0,0,0,2,19,3,1,0,21,20,4,0,9,0,3,8,20,2,0,0,14,4,8,15,4,0
1,0,2,10,0,1,0,0,0,0,1,5,4,0,0,0,0,1,0,5,0,1,0,4,0,0,0,6,0,1,1,2,1
0,0,0,3,0,0,0,0,0,0,0,0,4,0,0,0,1,0,0,1,0,0,0,0,0,0,0,4,0,2,0,2,1
0,0,3,1,0,0,0,0,0,0,0,1,1,0,0,0,0,0,0,0,0,0,0,2,0,0,0,1,0,2,2,0,0
0,0,1,1,0,0,0,0,0,0,0,0,0,0,0,0,0,0,0,0,0,0,0,1,0,0,0,1,0,1,0,0,1
0,0,1,1,0,0,0,0,0,0,0,1,0,0,0,0,0,0,0,0,0,0,0,1,0,0,0,1,0,4,0,0,0
0,0,0,2,0,0,0,0,0,0,0,0,0,0,0,0,0,0,0,0,0,0,0,0,0,0,0,0,0,0,0,0,1
0,0,4,4,0,0,0,0,0,0,0,9,1,0,0,0,0,0,0,0,0,1,6,1,0,0,2,1,0,0,4,1,1
1,0,7,0,0,0,1,0,0,0,0,4,0,0,0,0,1,0,0,4,0,2,0,7,0,0,1,0,1,7,1,5,0
0,0,0,5,0,0,0,0,0,0,0,0,0,0,0,0,0,0,0,0,0,0,0,2,2,0,0,1,0,0,0,0,1
0,0,0,3,0,0,0,0,0,0,0,0,0,0,0,0,0,0,0,0,0,0,0,2,0,0,0,0,0,1,0,0,0
0,0,2,3,0,0,1,0,0,0,0,1,2,0,0,0,0,0,0,0,0,1,1,3,1,0,0,3,0,0,0,1,1
0,0,0,1,0,0,0,0,0,0,0,1,1,0,0,0,0,0,0,0,0,0,0,0,0,0,0,1,1,0,2,2,0
0,0,0,0,0,0,0,0,0,0,0,0,0,0,0,0,0,0,0,0,0,0,0,0,0,0,0,0,0,2,0,4,1
0,0,0,0,0,0,0,0,0,0,0,0,0,0,0,0,0,0,0,0,0,0,0,1,0,0,0,0,0,0,0,1,0
0,0,1,0,0,0,0,0,0,0,0,0,1,0,0,0,1,0,0,1,0,0,0,2,0,0,0,0,0,3,0,2,1
0,0,1,0,0,0,0,0,0,0,0,0,0,0,0,0,0,0,0,0,0,0,0,1,0,0,0,0,0,0,0,1,1
0,0,0,3,0,0,0,0,0,0,0,3,0,0,0,0,0,0,0,0,0,0,1,0,1,0,0,1,0,0,0,0,1
0,0,0,4,0,0,0,0,0,0,0,1,2,0,0,0,0,0,0,0,0,0,0,0,0,0,0,2,0,0,0,2,0
0,0,1,1,0,0,0,0,0,0,0,0,1,0,0,0,0,0,0,0,0,0,0,0,0,0,0,0,0,1,0,0,0
0,0,2,0,0,0,0,0,0,0,0,2,0,0,0,0,0,1,0,0,0,0,2,0,0,0,2,1,0,0,1,1,0
0,0,0,2,0,0,0,0,0,0,0,2,1,0,0,0,0,0,0,0,0,0,2,1,0,0,0,1,0,0,0,1,0
0,0,2,5,0,0,0,0,0,0,0,1,5,0,0,0,0,0,0,0,0,0,2,0,0,0,0,5,0,0,0,1,0
0,0,1,0,0,0,0,0,0,0,0,1,0,0,0,0,0,1,0,1,0,0,1,0,1,0,0,0,0,0,0,1,0
0,0,0,0,0,0,0,0,0,0,0,0,0,0,0,0,0,0,0,0,0,0,1,0,0,0,0,0,0,1,0,2,0
0,0,1,0,0,0,0,0,0,0,0,2,0,0,0,0,0,0,0,0,0,0,0,2,0,0,0,1,0,0,0,0,0
0,0,1,0,0,0,0,0,0,0,1,6,0,0,0,0,1,0,0,0,0,1,0,1,0,0,0,0,0,0,2,0,0
0,0,0,1,0,0,0,0,0,0,0,0,1,0,0,0,0,0,0,0,0,0,0,0,0,0,0,1,0,0,0,0,0
0,0,1,0,0,0,0,0,0,0,0,2,0,0,0,0,0,0,0,0,0,0,1,0,0,0,0,0,0,0,1,1,0
0,0,3,1,0,0,0,0,0,0,1,0,0,0,0,0,0,0,0,0,0,0,0,1,0,0,0,1,0,1,0,0,0
0,0,1,1,0,0,0,0,0,0,1,2,0,0,0,0,0,0,0,0,0,0,1,0,0,0,0,0,0,0,1,1,0
0,0,2,1,0,0,0,0,0,0,0,3,0,0,0,0,0,0,0,0,0,0,0,1,0,0,0,3,0,2,1,0,0
0,0,0,1,0,0,0,0,0,0,0,0,0,0,0,0,0,0,0,0,0,0,0,0,0,0,0,1,0,1,0,0,0
0,0,0,1,0,0,0,0,0,0,0,1,0,0,0,0,0,0,0,0,0,0,2,0,0,0,0,2,0,1,0,0,0
0,0,0,0,0,0,0,0,0,0,1,5,0,0,0,0,0,0,0,0,0,0,0,2,0,0,0,0,0,0,0,1,0
0,0,3,0,0,0,0,0,0,0,0,2,0,0,0,0,0,0,0,1,0,0,0,0,0,0,0,0,0,1,0,7,0
0,0,0,0,0,0,0,0,0,0,0,2,0,0,0,0,0,0,0,0,0,0,1,2,0,0,1,2,0,1,0,1,0
0,0,0,3,0,0,0,0,0,0,0,0,0,0,0,0,0,0,0,0,0,0,0,2,0,0,0,0,0,2,0,0,0
0,0,1,0,0,0,0,1,0,0,0,2,0,0,0,0,0,0,0,0,0,0,2,3,0,0,0,0,0,2,2,0,0
0,0,4,3,0,0,0,0,0,0,0,1,0,0,0,0,0,0,0,0,0,0,0,0,0,0,0,0,0,2,0,0,0
0,0,2,0,0,0,0,0,0,0,0,0,0,0,0,0,0,0,0,0,0,0,0,1,0,0,0,0,0,1,0,0,0
0,0,1,0,0,0,0,0,0,0,1,1,0,0,0,0,0,0,0,0,0,0,0,1,0,0,0,0,0,1,0,0,1
0,0,0,0,0,0,0,0,0,0,0,0,0,0,0,0,0,0,0,0,0,0,0,0,0,0,0,0,0,0,0,0,1
0,0,2,0,0,0,0,0,0,0,0,0,0,0,0,0,0,0,0,0,0,0,0,2,0,0,0,0,0,1,0,0,1
0,0,3,0,0,0,0,0,0,0,1,1,0,0,0,0,0,0,0,0,0,0,0,2,0,0,0,0,0,0,0,2,1
0,0,8,0,0,0,0,0,0,0,0,7,0,0,0,0,0,0,0,0,0,0,1,5,0,0,0,0,0,2,3,0,0
0,0,1,0,0,0,0,0,0,0,0,2,0,0,0,0,0,0,0,0,0,0,0,0,0,0,0,0,0,0,0,0,0
0,0,0,0,0,0,0,0,0,0,0,20,0,0,0,1,1,0,0,0,0,1,3,6,1,0,0,1,0,0,7,0,0
0,0,0,0,0,0,0,0,0,0,1,6,0,0,0,0,0,0,0,0,0,0,0,1,0,0,0,0,0,0,0,1,0
0,0,0,1,0,0,0,0,0,0,1,4,0,0,0,0,0,3,0,0,0,1,1,1,0,0,0,1,0,0,0,2,0
0,0,0,0,0,0,0,0,0,0,0,4,0,0,0,1,0,0,0,0,0,0,0,2,1,0,0,0,0,0,1,0,0
0,0,0,0,0,0,0,0,0,0,0,1,0,0,0,1,0,0,0,0,0,0,1,0,0,0,0,0,0,0,1,0,0
0,0,0,0,0,0,0,0,0,0,0,6,0,0,0,0,0,0,0,0,0,0,0,2,0,0,1,0,0,0,3,1,0
0,0,0,0,0,0,0,0,0,0,0,7,0,0,0,0,0,0,0,0,0,1,0,1,0,0,0,0,0,0,2,3,0
0,0,0,0,0,0,0,0,0,0,2,5,0,0,0,1,0,0,0,0,0,1,0,3,0,0,2,0,0,0,1,4,0
0,0,0,0,0,0,0,0,0,0,0,0,0,0,0,0,0,0,0,1,0,0,0,3,0,0,2,0,0,0,0,1,0
0,0,0,0,0,0,0,0,0,0,0,0,0,0,0,0,0,0,0,0,0,0,0,5,0,0,0,0,0,1,1,1,0
0,0,8,2,0,0,0,0,1,0,0,12,0,0,0,0,0,2,0,2,0,1,4,4,0,0,2,3,2,1,6,5,0
0,0,1,1,0,0,0,0,0,0,1,1,0,0,0,0,0,0,0,0,0,0,1,0,0,0,0,1,2,0,1,2,0
0,0,3,0,0,0,0,0,0,0,0,8,0,0,0,1,1,1,0,0,0,1,1,4,1,0,0,1,0,1,5,2,0
0,0,0,0,0,0,0,0,0,0,0,0,0,0,0,0,0,0,0,0,0,0,0,0,0,0,0,1,0,0,1,0,0
0,0,11,2,0,0,0,0,0,0,0,3,0,0,0,2,0,0,0,0,0,0,0,8,0,0,0,1,0,0,1,0,0
0,0,2,3,0,0,0,0,0,0,0,0,1,0,0,0,0,0,0,0,0,0,1,1,0,0,1,2,0,1,1,1,0
0,0,0,2,0,0,0,0,0,0,0,0,0,0,0,0,0,0,0,0,0,1,1,0,0,0,0,0,0,0,0,1,0
0,0,0,3,0,0,0,0,0,0,0,0,0,1,0,0,0,0,0,0,0,0,0,0,0,0,0,1,0,0,0,0,0
0,0,4,4,0,0,0,0,0,0,0,4,0,0,0,0,0,0,0,0,0,0,0,1,0,0,1,1,0,1,0,0,0
0,0,3,1,0,0,0,0,0,0,0,0,0,0,0,0,0,0,0,0,0,0,0,0,0,0,1,0,0,0,0,1,0
0,0,0,0,0,0,0,0,0,0,0,0,0,0,0,0,0,0,0,3,0,0,0,0,0,0,1,1,0,3,0,0,1
1,0,1,0,0,0,0,0,0,0,1,0,0,1,0,1,0,0,0,0,0,0,2,1,0,0,0,1,0,2,0,0,1
0,0,0,0,0,0,0,0,0,0,0,1,0,0,0,0,0,0,0,0,0,0,0,0,0,0,0,0,0,0,0,0,1
0,0,1,1,0,0,1,0,0,0,0,1,0,0,0,0,0,0,0,0,0,3,0,0,0,0,0,0,0,1,0,1,1
1,0,16,5,0,0,1,0,0,0,0,2,7,0,0,2,1,6,0,2,0,0,0,7,0,0,1,4,0,8,2,1,0
0,0,6,0,0,0,1,0,0,0,0,4,0,0,0,0,0,2,0,0,0,0,0,4,1,0,0,0,0,4,2,3,0
0,0,0,1,0,0,0,0,0,0,0,0,0,0,0,0,0,0,0,0,0,0,0,1,0,0,0,0,0,0,0,0,1
0,4,27,0,1,0,0,1,0,0,0,5,0,0,0,1,1,2,0,0,0,0,0,16,0,0,0,1,0,10,4,8,1
0,1,12,0,1,0,0,1,0,0,1,4,1,0,0,0,2,1,0,1,0,0,0,7,0,0,0,0,0,2,1,6,1
0,0,0,5,0,0,0,0,0,0,0,0,0,0,0,0,0,0,0,0,0,0,0,2,2,0,0,1,0,0,0,0,1
0,0,0,3,0,0,0,0,0,0,0,0,0,0,0,0,0,0,0,0,0,0,0,2,0,0,0,0,0,1,0,0,0
0,0,1,0,0,0,0,0,0,0,0,14,0,0,0,3,0,0,0,0,0,0,2,3,0,0,0,0,0,2,5,0,0
0,0,1,0,0,0,0,0,0,0,0,9,0,0,0,0,0,0,0,0,0,0,2,2,0,0,1,0,0,0,2,0,0
0,0,2,0,0,0,0,0,0,0,0,26,0,0,0,0,0,0,0,6,0,0,1,14,0,0,0,1,0,2,1,0,0
0,0,11,7,0,5,0,1,1,0,2,33,4,0,1,0,5,3,0,0,0,3,14,15,2,0,0,4,1,6,14,0,0
0,0,1,1,0,1,0,1,0,0,4,24,3,1,1,0,2,0,0,1,0,2,3,26,1,0,2,1,0,4,7,0,0
0,0,7,1,1,0,0,0,2,0,2,5,0,0,0,0,1,0,0,3,0,0,0,8,0,0,1,0,0,2,1,5,0
0,0,1,0,0,0,0,0,0,0,0,1,0,0,0,0,0,0,0,0,0,0,0,1,0,0,0,0,0,0,0,0,1
0,1,9,0,0,0,0,0,0,0,1,9,0,0,0,0,0,0,0,0,0,1,0,11,0,0,0,0,0,11,5,1,0
0,1,2,0,1,0,0,0,0,0,0,0,0,0,0,0,0,0,0,1,0,0,2,0,0,0,0,0,0,0,0,0,1
0,0,1,13,0,0,0,0,0,0,2,8,10,0,0,4,3,2,0,0,2,0,1,3,1,0,1,11,0,2,0,3,1
0,0,2,6,0,0,0,0,0,0,0,4,7,0,0,0,0,0,0,0,0,0,1,0,0,0,0,8,0,4,1,0,1
0,0,0,4,0,0,0,0,0,0,1,0,6,0,0,0,1,1,0,1,0,0,2,2,0,0,2,5,1,0,2,2,1
0,1,6,18,0,0,0,0,0,0,3,7,22,1,0,2,5,1,0,0,2,0,0,8,1,0,1,17,0,6,7,11,1
4,0,13,24,0,5,1,2,1,0,14,50,17,0,0,6,10,3,0,7,0,2,11,16,1,0,0,17,1,8,7,9,1
0,0,7,12,0,0,0,0,0,0,1,9,13,0,0,0,1,0,0,0,2,0,2,9,0,0,0,11,0,2,4,3,1
0,0,6,16,0,0,0,0,0,0,0,19,19,1,0,0,0,0,0,0,0,0,4,8,2,0,1,19,0,3,5,1,1
0,0,11,29,0,2,0,0,0,0,3,23,25,0,0,3,2,2,0,1,6,2,0,24,1,0,1,23,0,5,8,11,1
3,0,36,75,0,0,0,0,0,0,12,48,79,0,0,6,8,1,0,2,3,1,10,23,4,0,0,71,0,23,26,31,1
0,0,8,16,0,0,0,0,1,0,0,4,21,0,0,0,0,0,0,0,0,0,1,5,1,0,0,17,0,6,3,2,1
0,0,2,0,0,0,0,0,0,0,0,0,0,0,0,0,0,0,0,0,0,0,0,2,0,0,0,0,0,1,0,0,1
0,2,6,2,0,0,1,0,1,0,0,1,1,0,0,0,2,1,0,1,0,0,0,5,0,0,3,1,0,6,0,4,1
0,1,2,0,0,0,0,0,0,0,0,0,0,0,0,0,0,0,0,1,0,0,0,0,0,0,2,0,0,0,0,0,0
0,0,7,0,0,0,0,0,0,0,1,0,1,0,0,1,0,0,0,0,0,0,0,1,0,0,0,0,0,1,2,1,1
0,0,19,0,0,0,0,0,0,0,6,13,1,0,0,1,0,0,0,2,0,1,1,18,0,0,0,0,0,10,10,4,1
0,0,2,0,0,0,0,0,0,0,0,1,0,0,0,0,0,0,0,0,0,0,0,2,0,0,0,0,0,3,1,0,0
0,0,6,2,0,0,1,0,0,0,2,4,1,0,0,0,0,0,0,0,0,0,1,5,0,0,0,1,0,2,5,1,1
0,0,7,1,0,0,1,0,0,0,0,1,0,0,0,0,0,0,0,1,0,0,0,5,0,0,0,0,0,1,2,1,0
0,0,5,0,0,0,0,0,0,0,0,2,0,1,0,0,1,0,0,0,0,0,0,4,0,0,0,0,0,3,1,3,0
0,0,1,0,0,0,0,0,0,0,0,0,0,0,0,0,0,0,0,0,0,0,0,1,0,0,0,0,0,1,0,0,1
0,0,1,0,0,0,0,0,0,0,0,0,0,0,0,0,0,0,0,0,0,0,0,0,0,0,0,0,0,1,0,0,1
0,0,1,0,0,0,0,0,0,0,0,1,0,0,0,0,0,0,0,0,0,2,0,0,0,0,0,0,1,3,1,0,1
0,0,0,0,0,0,0,0,0,0,2,0,0,0,0,0,1,0,0,0,0,0,0,0,0,0,0,0,0,1,0,0,1
0,0,2,0,0,0,0,0,0,0,0,0,0,0,0,0,0,0,0,0,0,0,0,4,0,0,0,0,0,2,0,0,1
0,0,1,0,0,0,0,0,0,0,0,1,0,0,0,0,0,0,0,0,0,0,0,0,0,0,1,0,0,1,0,0,1
0,2,19,0,0,0,4,0,0,0,3,4,1,1,0,1,0,1,0,2,0,1,1,13,0,0,1,2,0,10,1,3,1
0,0,4,0,0,0,0,0,0,0,2,0,0,0,0,0,0,0,0,0,0,0,0,5,0,0,0,0,0,3,0,0,1
0,0,3,0,0,0,0,0,0,0,0,1,0,0,0,0,0,0,0,0,0,0,0,2,0,0,0,0,0,2,0,0,1
0,0,8,0,0,0,0,0,0,0,1,6,0,0,0,2,0,0,0,1,0,0,0,8,0,0,0,0,0,3,0,2,0
0,0,6,0,0,0,0,0,0,0,0,2,1,0,0,0,0,0,0,3,0,0,0,5,0,0,1,1,0,7,0,0,0
0,0,0,0,0,0,0,0,0,0,0,4,0,0,0,0,0,0,0,0,0,0,0,8,0,0,1,0,0,2,0,1,0
0,0,0,0,0,0,0,0,0,0,0,0,0,0,0,0,0,0,0,0,0,0,0,1,0,0,0,0,0,1,0,0,0
0,1,0,0,0,0,0,0,1,0,4,6,2,0,0,0,0,0,0,1,0,1,4,3,0,0,0,1,0,1,2,0,0
0,1,15,0,0,0,0,0,0,0,2,1,0,0,0,0,0,0,0,0,0,0,0,8,0,0,1,0,0,11,1,0,0
0,1,18,1,0,0,0,0,0,0,1,2,0,0,0,0,0,0,0,0,0,0,0,12,0,0,0,0,0,12,3,0,0
0,0,0,0,0,0,0,0,0,0,1,6,0,0,1,1,0,0,0,0,0,0,2,4,0,0,0,0,0,0,0,0,0
0,0,5,0,0,0,0,0,0,0,0,3,0,0,0,0,0,0,0,0,0,0,1,3,0,0,1,0,0,2,1,0,0
0,0,0,0,0,0,0,0,1,0,0,0,0,0,0,0,1,0,0,0,0,0,0,2,0,0,0,0,0,0,1,0,0
0,0,2,0,0,0,0,0,0,0,0,2,0,0,0,0,0,1,0,0,0,0,1,3,1,0,0,0,0,2,0,0,0
0,0,2,0,0,0,0,0,0,0,0,5,1,0,0,2,1,0,0,0,0,0,0,4,0,0,0,0,0,1,0,1,0
0,0,2,0,0,0,0,0,0,0,0,1,0,0,0,0,0,0,0,1,0,0,0,2,0,0,0,0,0,2,0,2,0
0,0,4,5,0,0,0,0,0,0,0,0,0,0,0,0,1,1,0,0,0,0,1,1,0,0,0,3,1,0,1,0,0
0,0,1,1,0,0,0,0,1,0,0,0,0,0,0,0,0,0,0,0,0,0,0,0,0,0,0,1,0,1,0,0,0
0,0,2,0,0,0,0,0,0,0,0,0,0,0,0,1,0,0,0,0,0,0,0,0,0,0,0,0,0,0,2,0,0
0,0,1,0,0,0,0,0,0,0,0,0,0,0,0,0,0,0,0,0,0,0,0,1,0,0,0,0,0,0,1,0,0
0,0,1,0,0,0,0,0,0,0,0,0,0,0,0,0,0,1,0,0,0,0,0,0,0,0,0,0,0,1,0,0,0
0,0,2,10,0,0,0,0,0,0,0,8,2,0,0,0,0,1,0,1,1,0,2,12,0,0,0,10,3,1,4,2,0
0,1,4,0,0,0,0,0,0,0,0,0,0,0,0,0,2,1,0,0,0,0,1,1,0,0,0,0,0,0,0,0,0
0,0,0,0,0,0,0,0,0,0,1,1,0,0,0,0,0,0,0,0,0,0,3,1,0,0,1,0,0,0,1,4,0
0,0,0,6,0,0,0,0,0,0,1,5,1,0,0,1,0,0,0,0,1,0,0,2,0,0,2,6,0,0,2,0,0
0,0,0,6,0,0,0,1,0,0,0,2,1,0,0,0,0,0,0,0,1,2,0,2,0,0,0,4,1,1,1,4,0
0,0,0,0,0,0,0,0,0,0,0,11,0,0,0,0,0,0,0,0,0,1,2,2,0,0,0,0,0,1,5,0,0
0,0,0,0,0,0,0,0,1,0,0,10,1,0,0,1,2,0,0,0,0,0,5,4,0,0,0,1,0,1,3,0,0
0,2,14,2,0,0,1,0,0,0,7,1,1,0,0,1,2,0,0,4,0,0,0,10,0,0,0,4,0,9,1,6,1
0,0,1,1,0,0,0,0,0,0,0,0,1,0,0,0,0,0,0,0,0,0,0,1,0,0,0,1,0,1,0,0,1
0,3,1,0,0,0,2,0,0,0,0,2,0,0,0,0,0,0,0,0,0,0,0,0,0,0,0,0,0,0,0,2,1
1,1,9,0,0,0,0,0,0,0,1,6,0,0,0,0,1,0,0,0,0,0,1,11,0,0,0,0,1,15,3,3,1
5,12,43,10,0,0,7,1,0,0,17,24,10,3,1,7,1,4,0,3,0,2,8,35,1,0,0,5,1,36,13,9,1
0,0,0,0,0,0,0,0,0,0,1,0,0,0,0,0,0,0,0,0,0,0,0,0,0,0,0,0,0,0,0,0,1
0,0,2,3,0,0,0,0,0,0,0,2,0,0,0,0,0,0,0,0,0,0,1,7,0,0,0,0,0,4,4,7,1
0,0,0,0,0,0,0,0,1,0,0,0,0,0,0,0,0,1,0,0,0,0,0,0,0,0,0,0,0,1,0,0,1
0,0,0,0,0,0,0,0,0,0,0,0,0,0,0,0,0,0,0,0,0,0,0,0,0,0,0,0,0,0,0,0,1
0,0,1,0,0,0,0,0,0,0,0,0,0,0,0,0,0,0,0,0,0,0,0,1,0,0,0,0,0,1,0,1,1
0,4,30,2,0,2,5,0,1,0,1,9,0,0,0,2,3,6,0,1,0,0,1,19,0,0,2,0,0,10,5,0,1
0,0,11,0,0,0,2,0,0,0,0,19,0,0,0,2,0,0,0,1,0,0,1,18,0,0,0,0,0,9,4,1,1
0,4,23,2,0,0,4,0,0,0,4,9,5,1,0,1,2,0,0,7,0,1,0,11,1,0,0,0,0,13,5,12,1
0,0,1,0,0,0,0,0,0,0,0,3,0,0,0,1,0,0,0,0,0,1,0,3,0,0,0,0,0,1,0,2,1
0,0,1,0,0,0,0,0,0,0,0,4,0,0,0,1,0,0,0,1,0,0,0,5,0,0,1,0,0,2,0,0,1
0,0,1,0,0,0,0,0,0,0,3,1,0,0,0,0,0,0,0,0,0,0,0,1,0,0,0,0,0,2,1,0,1
0,0,0,0,0,0,0,0,0,0,0,0,0,0,0,0,0,0,0,0,0,0,0,0,0,0,0,0,0,0,0,0,1
0,0,0,0,0,0,0,0,0,0,0,0,0,0,0,0,0,1,0,0,0,0,0,0,0,0,0,1,0,0,0,0,1
6,3,30,21,0,15,3,2,1,0,27,94,13,0,0,17,18,2,0,10,3,32,76,45,8,0,5,11,10,32,37,12,0
0,0,6,0,0,0,0,0,1,0,0,25,0,0,0,4,0,1,0,1,0,1,3,11,2,0,1,0,0,3,6,0,0
0,1,3,0,0,0,0,0,1,0,0,25,0,0,0,1,0,1,0,1,0,4,0,4,0,0,2,0,0,4,3,4,0
0,2,13,0,1,0,0,0,0,0,0,10,0,0,0,1,0,1,0,1,1,0,1,27,0,0,0,1,0,21,8,6,0
0,1,14,15,0,0,0,0,0,0,0,10,9,0,0,1,1,1,0,0,0,0,3,10,1,0,0,7,1,7,2,5,0
0,2,20,8,0,0,1,0,0,0,2,14,8,3,0,0,0,0,0,3,0,1,4,13,0,0,1,6,1,12,6,12,0
0,0,16,8,0,0,1,0,1,0,4,44,9,1,0,3,4,1,0,4,0,3,8,28,1,0,3,8,0,9,14,15,0
0,5,23,7,0,0,0,0,0,0,5,18,2,0,0,3,1,8,0,2,0,2,3,13,1,0,1,3,2,22,4,6,0
0,0,8,4,0,0,0,0,1,0,2,14,3,0,0,0,1,1,0,0,1,1,1,6,0,0,1,5,2,4,1,5,0
0,0,4,0,0,0,0,0,0,0,0,12,0,0,0,1,0,0,0,0,0,1,0,6,0,0,0,0,0,4,4,0,0
0,0,1,0,0,0,0,0,0,0,0,2,0,0,0,0,0,0,0,0,0,0,1,0,0,0,0,0,0,0,1,0,0
0,0,12,1,0,0,0,0,0,0,0,3,0,0,0,0,0,0,0,1,0,0,0,6,0,0,0,0,0,4,2,1,0
0,0,3,0,0,0,0,0,0,0,0,6,0,0,0,2,1,0,0,0,0,0,1,3,0,0,0,0,0,0,1,0,0
0,0,2,0,0,0,0,0,0,0,6,39,1,0,0,1,2,0,0,1,0,4,13,11,0,0,3,0,0,0,21,1,0
0,1,10,11,0,0,0,0,0,0,0,8,2,0,0,1,0,1,0,1,0,1,2,13,0,0,2,11,3,2,6,4,0
1,0,12,8,1,0,1,0,1,0,2,16,4,0,0,5,2,0,0,3,1,1,1,22,2,0,2,4,3,2,1,5,0
0,0,2,2,0,0,0,0,0,0,0,0,1,0,0,0,0,0,0,0,0,0,0,3,0,0,0,1,0,2,1,0,0
0,0,1,3,0,0,0,0,0,0,0,0,3,0,0,0,0,0,0,0,0,0,0,1,0,0,1,5,0,1,0,0,1
0,0,1,3,0,0,0,0,0,0,1,1,3,0,0,0,1,0,0,0,0,0,0,1,0,0,0,2,0,1,0,0,1
0,0,2,2,0,0,0,0,0,0,0,1,2,0,0,0,0,0,0,0,0,0,0,2,0,0,0,2,0,1,0,0,1
0,0,5,0,0,0,1,0,0,0,0,1,0,0,0,0,0,0,0,0,0,0,0,2,0,0,0,0,0,4,0,1,1
0,0,2,1,0,0,1,0,0,0,2,0,0,0,0,0,0,0,0,0,0,0,0,3,0,0,0,0,0,3,0,2,1
0,0,4,3,0,0,0,0,0,0,1,3,0,1,0,0,3,0,0,2,0,0,1,8,0,0,0,0,0,2,3,3,1
0,0,1,0,0,1,0,0,0,0,0,0,0,0,0,0,1,0,0,0,0,0,0,0,0,0,1,1,0,0,0,0,1
0,0,1,2,0,0,0,0,0,0,0,1,0,0,0,0,0,0,0,0,0,0,3,0,0,0,0,0,0,0,1,0,1
0,0,0,2,0,0,0,0,0,0,0,0,1,0,0,0,0,0,0,0,0,0,0,2,0,0,0,1,0,0,0,0,1
0,0,0,0,0,0,0,0,0,0,0,0,0,0,0,0,0,0,0,0,0,0,0,0,0,0,0,0,0,0,0,1,1
0,0,3,0,0,0,0,0,0,0,1,0,0,0,0,1,0,0,0,0,0,0,0,1,0,0,0,0,0,3,2,4,1
0,0,1,0,0,0,0,0,0,0,1,1,0,0,0,0,0,0,0,0,0,0,0,0,0,0,0,0,0,0,0,0,1
0,0,1,0,0,0,0,0,0,0,0,0,0,0,0,0,0,0,0,0,0,0,0,1,0,0,0,0,0,0,0,0,1
0,0,1,0,0,0,0,0,0,0,0,0,0,0,0,1,0,0,0,0,0,0,0,1,0,0,0,0,0,0,0,0,1
0,0,1,0,0,0,0,0,0,0,0,0,0,0,0,0,0,0,0,0,0,0,0,2,0,0,0,0,0,0,0,2,1
6,1,7,17,0,1,2,0,1,0,10,17,2,0,0,4,4,2,0,4,0,2,3,25,1,0,4,3,1,14,10,26,1
0,0,5,12,4,0,0,0,0,0,1,14,7,3,1,3,1,1,0,2,0,1,2,17,1,0,2,15,0,10,8,18,1
0,1,15,1,0,0,2,0,0,0,1,10,0,0,0,3,2,13,0,0,0,0,0,13,0,0,1,2,0,12,5,5,1
0,1,12,1,0,0,1,0,0,0,1,6,0,0,0,0,2,1,0,0,1,0,1,19,0,0,0,1,0,10,5,2,1
0,0,0,0,0,0,0,0,0,0,0,0,0,0,0,0,0,0,0,1,0,0,0,1,0,0,0,0,0,1,0,0,1
0,0,1,0,0,0,0,0,0,0,0,2,0,0,0,0,0,0,0,0,0,0,0,1,0,0,0,0,0,0,0,0,1
0,0,0,0,0,0,0,0,0,0,0,0,0,0,0,0,0,0,0,0,0,0,0,1,0,0,0,0,0,0,0,0,1
0,0,0,1,0,0,0,0,0,0,0,0,0,0,0,0,0,0,0,0,0,0,0,0,0,0,0,0,0,1,1,0,1
0,1,0,0,0,0,0,0,0,0,0,2,0,0,0,0,0,0,0,1,0,0,1,2,0,0,0,0,0,0,0,0,1
0,0,0,0,0,0,0,0,0,0,0,0,0,0,0,0,0,0,0,0,0,0,0,0,0,0,0,0,0,1,2,0,1
0,0,0,0,0,0,0,0,0,0,0,0,0,0,0,0,0,0,0,1,0,0,0,1,0,0,0,0,0,1,0,0,1
0,0,1,0,0,0,0,0,0,0,0,1,0,0,0,0,0,0,0,0,0,0,1,2,0,0,0,0,0,0,0,0,1
0,0,2,0,0,0,0,0,0,0,0,0,0,0,0,0,0,0,0,2,0,0,0,1,0,0,0,0,0,1,1,2,1
0,0,0,1,0,0,0,0,0,0,0,0,0,0,0,0,0,0,0,0,0,0,0,3,0,0,0,0,0,3,0,1,1
0,0,8,0,0,0,0,0,1,0,1,11,1,0,0,0,0,0,0,0,0,0,0,11,0,0,0,1,0,6,4,3,1
0,0,3,0,0,0,0,0,1,0,0,3,0,0,0,0,0,0,0,0,0,0,0,4,0,0,0,0,0,0,1,0,1
0,3,16,2,0,2,0,0,0,0,6,3,1,0,0,0,1,2,0,3,1,2,2,18,0,0,0,0,0,15,5,9,1
0,1,1,0,0,0,0,0,0,0,1,1,0,0,0,0,0,0,0,2,0,0,0,3,0,0,0,0,0,1,0,0,1
0,0,1,0,0,0,0,0,0,0,0,0,0,0,0,0,0,0,0,0,0,0,0,0,0,0,0,0,0,0,1,1,1
0,0,3,0,0,0,0,0,0,0,1,2,0,0,0,0,0,0,0,0,0,0,0,4,0,0,0,0,0,4,0,1,1
1,1,4,3,0,0,0,0,0,0,1,2,10,0,0,0,0,0,0,1,0,2,0,1,0,0,0,1,3,6,2,0,1
0,0,4,0,0,0,0,0,0,0,0,0,2,0,0,0,0,0,0,0,0,1,0,2,0,0,0,0,1,4,1,0,1
0,2,12,0,0,0,1,0,1,0,0,12,1,0,0,3,0,1,0,3,0,2,1,14,0,0,0,3,0,8,8,7,1
0,0,3,0,0,0,0,0,0,0,0,6,0,0,0,0,0,0,0,0,0,0,0,3,0,0,0,0,0,2,3,0,1
0,1,22,0,0,0,0,0,0,0,0,12,0,0,0,1,0,0,0,1,0,1,0,20,0,0,1,1,0,16,9,4,1
0,0,1,0,0,0,0,0,0,0,0,1,0,0,0,0,0,0,0,0,0,0,0,0,1,0,0,0,0,0,2,0,1
0,0,1,0,0,0,0,0,0,0,0,1,0,0,0,0,0,0,0,0,0,0,0,3,0,0,0,0,0,1,1,0,1
0,0,2,0,0,0,0,0,0,0,0,2,0,0,0,0,1,0,0,0,0,0,0,4,0,0,0,0,0,1,0,3,1
0,0,0,3,0,0,0,0,0,0,0,2,2,0,0,1,0,0,0,0,0,0,1,3,0,0,0,2,0,3,0,2,1
0,0,1,0,0,0,0,0,0,0,0,0,0,0,0,0,0,0,0,0,0,0,0,0,0,0,1,0,0,0,0,1,1
0,0,6,0,0,0,0,0,0,0,0,1,0,0,0,0,0,0,0,0,0,0,0,3,0,0,0,0,0,2,0,2,1
0,0,7,0,0,0,0,0,0,0,0,3,0,0,0,0,0,0,0,0,0,1,0,1,0,0,0,0,0,2,2,0,1
0,0,2,0,0,0,0,0,0,0,1,3,0,0,0,0,0,0,0,0,0,0,0,1,0,0,0,0,0,1,0,1,1
1,0,0,1,0,0,0,0,0,0,1,0,0,0,0,1,0,0,0,0,0,0,0,1,0,0,0,0,0,0,1,3,1
0,0,1,3,0,0,0,0,0,0,0,2,2,0,0,0,0,0,0,0,0,0,0,1,0,0,0,2,0,0,0,4,1
0,0,0,0,0,0,0,0,0,0,0,0,0,0,0,0,0,0,0,0,0,0,0,0,0,0,0,1,0,1,0,0,1
0,0,0,0,0,0,0,0,0,0,0,0,0,0,0,1,1,0,0,0,0,0,0,0,0,0,0,0,0,1,0,0,1
0,0,1,0,0,0,0,0,0,0,0,0,0,0,0,0,0,0,0,0,0,0,0,1,0,0,0,0,0,0,0,0,1
0,1,7,0,0,0,1,0,0,0,2,6,1,0,0,0,1,0,0,1,0,2,0,17,1,0,0,0,0,11,1,2,1
3,0,1,4,1,0,0,0,0,0,7,27,4,0,0,2,1,0,0,6,0,3,6,20,0,0,2,6,0,2,7,12,0
0,0,2,0,0,0,1,0,0,0,2,28,0,0,0,15,0,0,0,1,0,5,4,14,0,0,6,0,2,9,1,3,0
0,0,1,0,1,0,0,0,0,0,0,24,0,0,0,0,0,0,0,3,0,1,3,13,0,0,2,0,0,7,6,5,0
0,0,1,12,0,2,1,0,0,0,1,5,10,0,0,1,1,0,0,1,1,1,1,5,1,0,1,7,0,4,4,13,0
0,1,4,2,0,0,0,0,1,0,2,9,0,0,0,3,0,0,0,0,1,2,1,19,0,0,2,0,1,11,8,6,0
24,1,6,6,0,1,0,0,1,0,44,28,6,1,0,4,4,1,0,38,0,2,1,9,0,0,1,0,2,11,17,1,0
0,1,6,2,1,0,0,0,0,0,2,14,1,0,0,0,0,0,0,0,0,0,2,23,0,0,0,0,1,2,10,5,0
0,1,3,0,0,0,0,0,0,0,1,6,0,0,0,1,1,0,0,0,1,1,0,2,0,0,0,2,0,7,3,0,0
0,2,1,0,0,0,1,0,0,0,0,8,0,0,0,0,0,1,0,1,0,0,1,5,0,0,1,0,0,4,3,2,0
1,0,2,0,0,0,0,0,0,0,0,9,0,0,0,0,0,1,0,4,0,1,0,4,0,0,1,1,0,9,3,3,0
0,0,1,0,0,0,0,0,0,0,0,4,0,0,0,0,0,0,0,0,0,0,0,1,0,0,4,0,0,2,4,0,0
0,0,3,9,0,0,0,0,1,0,2,10,9,3,0,4,1,0,0,3,0,2,0,23,0,0,0,9,0,13,6,2,0
0,0,8,0,0,0,0,0,0,0,0,2,0,0,0,0,0,0,0,3,0,1,1,9,0,0,0,0,0,6,6,4,0
0,0,9,4,0,0,0,0,0,0,3,19,3,0,0,2,5,1,0,4,0,0,5,17,0,0,0,4,3,7,5,3,0
0,0,13,3,0,1,3,0,4,0,14,93,2,0,0,9,4,1,0,2,0,6,19,41,9,0,3,3,4,19,26,9,0
1,0,11,2,1,7,1,6,0,0,10,35,1,0,0,5,10,1,0,2,1,21,19,22,2,0,4,3,0,9,7,4,0
0,0,1,3,0,0,0,0,0,0,0,1,0,0,0,0,0,0,0,0,0,0,2,0,0,0,1,0,0,0,0,0,0
0,0,1,0,0,0,0,0,0,0,0,0,2,0,0,0,0,0,0,0,0,0,3,1,0,0,0,1,1,1,0,1,0
0,0,3,7,0,0,0,0,0,0,0,1,0,0,0,0,0,0,0,0,0,0,1,3,0,0,0,2,0,2,0,0,0
0,0,4,1,0,0,0,0,0,0,0,1,1,0,0,0,0,0,0,0,0,9,3,2,1,0,0,0,0,3,0,1,0
0,0,9,0,0,0,0,0,1,0,0,2,0,0,0,0,0,0,0,1,0,0,0,6,0,0,0,0,0,2,1,0,0
0,0,4,0,0,0,0,0,0,0,0,0,0,0,0,0,0,0,0,0,0,0,1,4,0,0,0,0,0,2,3,0,0
0,1,10,0,0,0,0,0,1,0,9,14,0,0,0,0,0,0,0,1,0,1,0,35,0,0,1,2,0,11,5,10,0
0,0,4,6,0,0,0,0,0,0,0,3,3,0,0,0,0,0,0,0,0,0,0,3,0,0,0,7,2,2,0,1,0
0,0,1,0,0,0,0,0,0,0,0,1,0,0,0,0,0,0,0,0,0,0,0,1,0,0,0,0,0,0,0,2,0
0,0,1,3,1,0,0,0,1,0,0,2,0,0,0,0,1,0,0,0,0,2,0,7,0,0,0,1,0,1,0,2,0
0,0,6,0,0,0,0,0,0,0,2,5,1,0,0,1,0,0,0,0,0,0,0,6,0,0,0,0,0,3,2,2,0
0,0,1,0,0,0,0,0,0,0,0,1,0,0,0,0,0,0,0,0,0,0,0,1,0,0,0,0,0,0,0,1,0
0,0,5,0,0,0,0,0,0,0,2,0,0,0,0,0,0,0,0,0,0,0,0,2,0,0,0,0,0,1,1,0,0
0,0,2,2,0,0,0,0,0,0,0,0,1,0,0,0,0,0,0,1,0,1,0,0,0,0,0,1,0,0,0,1,0
0,0,10,1,0,0,0,0,0,0,0,20,0,0,0,0,0,0,0,0,1,0,3,12,2,0,0,2,0,5,7,5,0
0,0,2,8,1,0,0,0,3,0,0,11,7,0,0,0,0,0,0,1,0,5,8,15,0,0,2,5,2,4,2,2,0
0,0,3,1,0,0,0,0,0,0,0,5,1,0,0,0,0,0,0,0,0,0,0,6,0,0,1,1,0,0,0,2,0
0,1,0,1,0,0,0,0,0,0,0,3,0,0,0,0,0,0,0,0,0,0,0,2,0,0,0,2,0,0,0,0,0
0,0,2,6,0,0,0,0,0,0,0,0,3,0,0,0,0,0,0,0,0,0,1,0,0,0,0,2,0,0,0,0,0
0,0,0,4,0,0,0,0,0,0,0,1,2,0,0,0,0,0,0,0,0,0,0,0,0,0,0,2,0,0,0,2,0
0,0,1,0,0,0,1,0,0,0,0,0,0,0,0,0,0,0,0,1,0,0,0,4,0,0,0,0,0,1,0,1,0
0,2,13,8,0,1,1,0,0,1,0,9,0,1,0,3,3,0,0,1,1,0,0,18,0,0,0,1,0,12,7,10,0
0,1,3,5,0,0,0,0,1,0,6,12,0,0,0,3,0,1,0,1,0,0,0,16,0,0,0,0,0,9,8,12,0
0,0,6,6,0,0,0,0,2,0,1,4,0,0,0,0,0,0,0,0,1,0,0,12,0,0,0,2,0,8,3,5,0
0,2,1,1,0,0,0,0,0,0,2,6,1,0,0,0,0,0,0,0,0,0,1,13,0,0,0,1,0,5,6,5,0
0,0,13,0,1,0,0,0,1,0,2,16,1,0,0,1,0,0,0,0,0,0,0,8,0,0,0,3,0,8,3,2,0
0,3,40,7,3,2,3,2,0,1,2,5,0,4,0,2,2,3,0,0,0,0,0,26,0,0,0,1,0,21,4,19,0
0,63,53,10,1,3,6,0,2,0,4,6,5,5,0,0,4,2,0,3,0,1,0,30,0,0,0,1,0,15,2,3,0
1,4,19,12,18,2,0,2,2,0,16,20,12,0,0,6,4,2,0,5,1,1,6,29,0,0,3,11,2,21,8,24,0
0,0,7,4,23,1,0,0,0,0,13,7,1,0,0,3,0,2,0,1,0,1,1,16,0,0,0,2,0,11,4,12,0
0,4,34,5,1,1,1,0,1,0,1,13,5,4,0,2,6,1,0,1,0,0,0,40,0,0,0,2,0,22,13,37,0
0,6,63,22,0,9,0,2,0,0,3,20,3,0,0,2,13,2,0,1,0,3,2,21,2,0,0,1,0,25,7,4,0
0,2,20,13,2,5,0,1,0,0,1,5,2,1,0,0,7,1,0,4,0,1,1,8,0,0,1,1,0,9,3,4,0
0,0,2,0,0,0,0,0,0,0,1,10,0,0,0,0,0,0,0,0,0,0,0,17,0,0,0,1,0,4,3,5,0
0,0,9,0,0,0,0,0,0,0,0,18,0,0,0,1,0,0,0,0,0,0,3,3,0,0,0,0,0,2,6,0,0
0,0,2,0,0,0,0,0,0,0,0,3,0,0,0,0,0,0,0,0,0,0,1,9,0,0,0,0,0,1,3,0,0
0,1,30,2,0,0,3,0,1,0,5,28,3,1,0,6,0,2,0,4,2,2,9,42,0,0,0,5,2,20,10,10,0
1,0,12,1,0,2,0,0,0,0,1,25,2,0,0,0,4,0,0,0,0,0,4,26,0,0,0,1,0,11,10,5,0
0,21,53,13,4,11,4,0,0,3,9,7,0,1,0,2,11,8,0,3,0,1,0,22,0,0,0,0,0,15,5,8,0
0,1,14,0,0,0,1,0,0,0,0,16,0,0,0,1,1,0,0,0,0,0,3,18,0,0,0,0,0,7,3,4,0
0,2,23,7,1,0,0,0,1,0,1,8,2,0,0,2,1,2,0,7,0,2,0,23,0,0,0,5,0,15,8,8,0
0,0,9,0,1,0,0,0,0,0,0,6,0,1,0,1,0,6,0,0,0,1,0,7,0,0,1,2,0,6,0,3,0
0,0,0,2,0,0,0,0,0,0,1,4,0,0,0,1,2,0,0,0,0,0,0,2,0,0,0,1,0,3,4,1,0
0,0,5,11,1,0,0,0,0,0,1,7,6,0,0,0,0,0,0,0,0,1,1,4,0,0,2,10,0,5,1,10,0
0,3,27,6,1,0,2,0,2,0,2,15,2,1,0,1,2,0,0,2,0,0,0,16,0,0,0,0,0,20,11,18,0
0,0,3,1,0,0,0,0,0,0,0,0,0,0,0,0,0,1,0,0,0,0,0,2,0,0,0,0,0,1,1,0,0
0,0,12,10,0,0,0,0,0,0,3,10,4,0,0,1,7,0,0,4,0,1,1,15,1,0,0,3,0,13,8,17,0
1,5,15,8,1,0,1,0,0,0,2,6,4,4,0,0,2,2,0,0,0,0,0,6,1,0,0,3,0,5,3,17,0
0,2,4,2,2,0,0,0,1,0,1,5,0,0,0,1,2,0,0,1,0,0,0,7,0,0,0,0,0,6,8,3,0
4,0,46,0,0,0,0,0,0,0,1,10,0,0,0,1,2,0,0,7,0,2,4,27,0,0,0,5,0,33,15,16,0
0,14,15,2,0,1,0,1,0,0,1,0,1,0,0,0,1,0,0,2,0,0,0,5,0,0,0,0,0,3,1,6,0
0,0,20,1,0,0,0,0,0,0,1,11,1,0,0,0,0,0,1,1,1,1,2,10,1,0,0,1,0,10,6,1,0
0,4,9,3,0,1,0,0,2,0,1,5,1,0,0,1,1,0,0,0,0,0,1,4,0,0,0,1,0,4,12,6,0
0,1,23,1,0,0,0,0,0,0,2,8,0,0,0,0,0,0,0,0,0,0,1,12,0,0,0,0,0,11,13,1,0
0,0,4,0,0,0,0,0,1,0,1,2,2,0,0,1,0,0,0,1,0,0,0,2,0,0,0,0,0,5,7,1,0
0,2,20,4,0,2,0,0,0,0,1,7,4,0,0,2,2,1,0,6,0,1,0,10,0,0,0,7,0,8,6,7,0
0,0,16,0,0,0,0,0,0,0,5,16,1,0,0,0,0,0,0,1,0,0,0,20,2,0,0,1,0,8,8,4,0
0,0,10,0,0,0,0,0,0,0,1,3,0,0,0,0,0,0,0,0,0,0,0,5,0,0,0,0,0,7,4,5,0
1,3,28,13,3,2,3,0,5,4,7,21,4,5,0,2,4,2,0,2,0,1,1,26,2,0,0,1,2,14,17,48,0
1,0,9,0,1,0,0,0,2,0,0,3,1,2,0,0,2,1,0,1,1,0,0,8,0,0,1,0,0,10,4,8,0
