GGP,SO,TAXON,CHEBI,GO,CL,DNA,CELL_TYPE,CELL_LINE,RNA,PROTEIN,DISEASE,CHEMICAL,AMINO_ACID,ANATOMICAL_SYSTEM,CANCER,CELL,CELLULAR_COMPONENT,DEVELOPING_ANATOMICAL_STRUCTURE,GENE_OR_GENE_PRODUCT,IMMATERIAL_ANATOMICAL_ENTITY,MULTI_TISSUE_STRUCTURE,ORGAN,ORGANISM,ORGANISM_SUBDIVISION,ORGANISM_SUBSTANCE,PATHOLOGICAL_FORMATION,SIMPLE_CHEMICAL,TISSUE,label_fake
0,0,1,6,0,0,0,0,0,0,0,0,0,0,0,0,0,0,0,0,0,0,0,0,0,0,0,2,0,1
0,0,0,1,0,0,0,0,0,0,0,0,1,0,0,0,0,0,0,0,0,0,0,0,0,0,0,1,0,1
0,0,0,0,0,0,0,0,0,0,0,0,1,0,0,0,0,0,0,0,0,0,0,0,0,0,0,1,0,1
0,0,3,0,0,0,0,0,0,0,0,0,0,0,0,0,0,0,0,0,0,0,0,0,0,0,0,0,0,1
0,0,1,0,0,0,0,0,0,0,0,0,0,0,0,0,0,0,0,0,0,0,0,0,0,0,0,0,0,1
0,0,2,4,1,0,0,0,0,0,2,8,1,0,0,0,0,1,0,1,0,0,0,0,1,0,0,2,1,1
1,0,4,6,1,0,0,0,0,0,3,12,1,0,0,0,0,1,0,1,0,0,0,0,1,0,0,2,1,1
0,0,3,3,0,0,0,0,0,0,4,1,0,0,0,1,0,1,0,1,0,0,3,0,0,0,1,1,0,1
0,0,8,2,0,0,0,0,0,0,2,9,0,0,0,0,1,3,0,0,0,0,3,1,3,0,1,2,2,0
0,0,1,0,0,0,0,0,0,0,0,7,0,0,0,0,0,0,0,0,0,0,2,1,0,0,0,0,0,1
0,0,1,0,0,0,0,0,0,0,0,0,0,0,0,0,0,0,0,0,0,0,0,0,0,0,0,0,0,1
0,1,0,0,0,0,0,0,0,0,1,0,0,0,0,0,0,1,0,0,0,1,0,0,0,0,0,0,0,1
0,0,2,3,0,0,0,0,0,0,0,3,0,0,0,0,0,0,0,0,0,0,1,0,1,0,0,1,0,1
0,0,0,0,0,0,0,0,0,0,0,0,0,0,0,0,0,1,0,0,0,0,1,0,0,0,1,0,0,0
0,1,1,0,0,0,0,0,0,0,1,5,1,0,0,0,0,1,0,0,0,0,0,0,0,0,1,0,0,0
0,0,0,1,0,0,0,0,0,0,0,0,1,0,0,0,0,0,0,0,0,0,0,0,0,0,0,1,0,0
0,0,2,0,0,0,0,0,0,0,1,2,0,0,0,1,0,0,0,0,0,0,1,0,0,0,1,0,0,0
1,0,2,1,0,0,0,0,0,0,0,0,0,0,0,0,0,0,0,0,0,0,0,2,0,0,0,1,0,0
0,0,1,1,0,0,0,0,0,0,1,1,0,0,0,0,0,0,0,0,0,0,2,0,0,0,1,0,0,0
0,0,3,1,0,0,0,0,0,0,0,0,0,0,0,0,0,1,0,0,1,0,0,2,0,0,0,1,0,0
0,0,1,1,0,0,0,0,0,0,0,0,0,0,0,0,0,0,0,0,0,0,0,0,0,0,0,1,0,0
0,0,0,0,0,0,0,0,0,0,0,1,0,0,0,0,0,0,0,0,0,0,2,0,0,0,0,0,0,0
0,0,1,0,0,0,0,0,0,0,0,4,0,0,0,0,0,0,0,0,0,0,1,3,0,0,0,0,0,0
0,0,1,4,0,0,0,0,0,0,0,0,4,0,0,2,0,1,0,0,0,0,1,0,0,0,0,4,0,0
0,0,4,0,0,0,0,0,0,0,0,1,0,0,0,0,0,0,0,1,0,0,0,0,0,0,0,0,0,0
0,0,1,0,0,0,0,0,0,0,0,2,0,0,0,0,0,0,0,0,0,0,2,0,0,0,1,2,0,0
0,0,1,2,0,0,0,0,0,0,0,0,0,0,0,0,0,0,0,0,0,0,0,0,0,0,0,1,0,0
0,0,3,0,0,0,0,0,0,0,0,3,0,0,0,0,0,0,0,0,0,0,1,1,0,0,0,0,0,0
0,0,5,3,0,0,0,0,0,0,0,0,0,0,0,0,0,0,0,0,0,0,0,0,0,0,0,0,0,0
0,0,2,0,0,0,0,0,0,0,0,0,0,0,0,0,0,0,0,0,0,0,0,0,0,0,0,0,0,0
0,0,5,0,0,0,0,0,0,0,0,2,0,0,0,1,0,0,0,0,0,0,1,0,1,0,0,0,0,0
0,0,5,4,0,0,0,0,0,0,2,9,5,0,0,0,1,1,0,0,0,1,3,1,1,0,1,2,0,1
0,0,0,6,0,0,0,0,0,0,0,0,1,0,0,0,0,1,0,0,0,0,0,0,0,0,0,5,0,1
0,0,1,2,0,0,0,0,0,0,0,1,2,0,0,0,1,1,0,0,0,1,2,1,1,0,0,3,0,1
0,0,1,0,0,0,0,0,0,0,0,0,0,0,0,0,0,0,0,0,0,0,0,0,0,0,0,0,0,1
0,0,0,0,0,0,0,0,0,0,0,0,0,0,0,0,0,1,0,0,0,0,0,0,0,0,0,0,0,1
0,0,7,0,0,0,0,0,0,0,0,1,0,0,0,0,0,0,0,0,0,0,0,5,0,0,0,0,0,1
0,0,0,0,0,0,0,0,0,0,0,0,0,0,0,0,0,0,0,0,0,0,0,2,0,0,0,0,0,1
0,1,20,0,0,1,1,0,1,0,2,4,1,0,0,1,0,0,0,0,0,0,2,4,0,0,0,0,0,1
1,18,62,10,0,3,2,4,1,0,14,12,0,0,0,0,4,2,0,1,1,1,0,23,0,0,0,0,0,0
0,0,2,0,0,0,0,0,0,0,0,1,0,0,0,0,0,0,0,0,0,0,0,0,0,0,0,0,0,1
0,0,3,0,0,0,0,0,0,0,1,2,0,0,0,0,0,0,0,0,0,0,0,1,0,0,0,0,0,1
0,1,16,1,0,1,0,1,0,0,1,8,1,0,0,0,2,1,0,0,0,1,0,3,1,0,0,0,0,1
0,0,1,0,0,0,0,0,0,0,0,0,0,0,0,1,0,0,0,0,0,0,0,0,0,0,0,0,0,1
0,0,2,0,0,0,0,0,0,0,0,0,0,0,0,0,0,0,0,0,0,0,0,1,0,0,0,0,0,1
0,0,2,0,0,0,0,0,0,0,0,0,0,0,0,0,0,0,0,0,0,0,0,1,0,0,0,0,0,1
0,0,2,0,0,0,0,0,0,0,0,0,0,0,0,0,0,0,0,0,0,0,0,0,0,0,0,0,0,1
0,0,0,0,0,0,0,0,0,0,0,0,0,0,0,0,0,0,0,0,0,0,0,0,0,0,0,0,0,1
0,0,2,0,0,0,0,0,0,0,0,0,0,0,0,0,0,0,0,0,0,0,0,1,0,0,0,0,0,1
0,0,3,0,0,0,0,0,0,0,0,1,0,0,0,0,0,0,0,0,0,0,0,0,0,0,0,0,0,1
0,0,4,2,0,0,0,0,0,0,1,4,0,0,0,0,0,1,0,0,0,0,0,6,1,0,0,2,0,1
0,0,4,0,0,0,0,0,0,0,0,5,0,0,0,0,0,0,0,0,0,1,0,3,0,0,0,0,0,0
0,2,5,3,0,0,0,0,0,0,4,3,3,0,0,0,0,0,0,3,0,2,0,2,1,0,1,2,0,1
0,0,0,0,0,0,0,0,0,0,0,1,0,0,0,0,0,0,0,0,0,0,0,0,0,0,0,0,0,0
0,4,2,0,0,0,1,0,0,0,2,6,0,0,0,0,0,5,0,0,0,0,0,0,0,0,1,0,0,0
0,0,1,0,0,0,0,0,0,0,3,0,0,0,0,0,0,0,0,0,0,0,0,0,0,0,0,0,0,1
0,0,3,0,0,0,0,0,0,0,0,2,0,0,0,1,0,0,0,0,0,0,0,2,0,0,0,0,0,0
0,0,0,0,0,0,0,0,0,0,3,0,0,0,0,0,0,1,0,0,0,1,0,0,0,0,0,0,0,0
0,0,0,0,0,0,0,0,0,0,2,0,0,0,0,0,0,0,0,0,0,0,0,0,0,0,0,0,0,0
0,0,1,0,0,0,0,0,0,0,2,1,0,0,0,0,0,0,0,0,0,0,0,0,0,0,0,1,0,0
0,1,3,0,0,0,0,0,0,0,1,2,0,0,0,0,0,1,0,0,0,0,0,2,0,0,1,0,0,0
0,0,1,0,0,0,0,0,0,0,2,1,0,0,0,0,1,0,0,0,0,0,0,1,0,0,0,0,0,0
0,0,0,0,0,0,0,0,0,0,3,1,0,0,0,1,0,0,0,0,0,0,0,0,0,0,0,0,0,0
0,1,0,0,0,0,0,0,0,0,1,1,0,0,0,0,0,0,0,0,0,0,0,0,0,0,1,0,0,0
0,0,2,0,0,0,0,0,0,0,1,2,0,0,0,0,0,1,0,0,0,0,0,0,0,0,0,0,0,0
1,1,9,1,0,0,0,0,0,0,6,2,0,0,0,1,0,1,0,1,0,2,2,10,1,0,0,0,1,0
0,1,15,1,0,1,1,1,0,0,4,3,0,0,0,2,1,1,0,1,0,0,2,5,0,0,0,0,3,0
0,1,3,3,1,0,0,0,0,0,3,0,0,0,0,0,0,1,0,0,0,1,0,1,0,0,0,0,0,0
0,2,4,2,0,0,0,0,0,1,1,4,0,0,0,0,0,0,0,0,0,0,1,11,0,0,0,0,0,0
0,0,0,0,0,0,0,0,0,0,0,0,0,0,0,0,0,0,0,1,0,0,0,0,0,0,1,0,0,1
0,0,1,0,0,0,0,0,0,0,3,0,0,0,0,0,0,0,0,0,0,0,0,1,0,0,0,0,0,1
0,2,5,0,0,0,0,0,0,0,4,7,1,0,0,0,1,0,0,0,0,0,0,5,0,0,0,2,0,1
0,0,0,0,0,0,0,0,0,0,1,1,0,0,0,0,0,0,0,0,0,0,0,0,0,0,0,0,0,1
0,0,0,0,0,0,0,0,0,0,1,0,0,0,0,0,0,0,0,0,0,0,0,0,0,0,0,0,0,1
0,0,4,0,0,0,0,0,0,0,0,3,0,0,0,0,0,0,0,0,0,0,0,3,0,0,0,0,0,0
0,1,4,0,0,0,0,0,0,0,0,5,0,0,0,0,0,0,0,0,0,0,0,7,1,0,0,0,0,0
0,0,0,0,0,0,0,0,0,0,0,0,0,0,0,0,0,0,0,0,0,0,0,0,0,0,0,0,0,1
0,0,1,0,0,0,0,0,0,0,0,0,0,0,0,0,0,0,0,0,0,0,0,1,0,0,0,0,0,1
0,1,3,1,0,0,0,0,0,0,7,1,0,0,0,0,7,0,0,3,0,0,0,1,2,0,0,1,0,1
1,6,28,2,0,0,3,0,0,1,3,8,2,0,0,0,0,1,0,1,0,0,1,6,2,0,0,0,1,1
0,0,1,0,0,0,0,0,0,0,0,1,0,0,0,0,0,0,0,0,0,0,0,0,0,0,0,0,0,1
0,0,2,0,0,0,0,0,0,0,0,0,0,0,0,0,0,0,0,0,0,0,0,1,0,0,0,0,0,1
0,0,0,0,0,0,0,0,0,0,1,0,0,0,0,0,0,0,0,0,0,0,0,0,0,0,0,0,0,1
0,0,1,0,0,0,0,0,0,0,1,0,0,0,0,0,0,0,0,1,0,0,0,0,0,0,0,0,0,1
0,1,13,0,0,1,0,0,0,0,0,17,1,0,0,1,0,0,0,0,0,0,0,8,0,0,0,1,0,0
0,4,35,2,0,0,0,1,0,0,0,26,0,0,0,1,0,1,0,0,0,0,1,12,0,0,0,0,0,0
0,0,32,0,0,0,2,0,2,0,1,16,3,0,0,2,0,0,0,0,0,0,2,7,0,0,0,1,0,0
0,0,1,0,0,0,0,0,0,0,3,14,0,0,0,1,0,0,0,0,0,1,5,3,1,0,0,1,0,0
0,0,0,0,0,0,0,0,0,0,1,1,0,0,0,0,0,1,0,0,0,0,0,0,0,0,0,0,0,0
0,1,1,0,0,0,0,0,0,0,1,8,0,0,0,0,0,0,0,0,0,0,0,1,0,0,0,0,0,0
0,2,5,13,0,0,0,0,0,0,4,7,7,0,0,0,1,2,0,0,0,0,6,8,1,0,3,8,2,0
0,0,10,1,0,0,0,0,0,0,4,7,1,0,0,0,0,2,0,0,0,0,3,3,1,0,1,1,0,0
0,0,5,0,1,0,0,0,0,0,0,1,0,0,0,0,0,1,0,0,0,0,0,2,0,0,0,0,0,1
0,0,19,1,0,4,1,2,1,0,9,22,2,0,0,1,7,1,0,2,0,6,5,9,2,0,1,1,3,1
0,2,13,1,0,0,1,1,0,0,8,38,3,0,0,0,0,4,0,0,0,0,2,6,1,0,0,2,0,1
0,2,32,0,1,0,4,0,2,0,3,15,7,0,0,0,0,1,0,0,0,0,1,6,0,0,1,0,0,1
0,0,4,5,0,0,0,0,0,0,4,12,5,0,0,0,0,2,0,0,0,1,4,3,0,0,0,3,1,1
3,105,156,14,0,6,19,6,4,0,28,32,1,3,0,0,10,6,0,7,0,0,3,53,0,0,0,10,2,1
0,6,15,2,0,0,0,1,0,0,6,1,0,0,0,0,0,0,0,1,0,0,0,3,0,0,0,0,0,1
0,12,26,5,0,0,2,2,1,0,4,8,1,0,0,0,1,0,0,1,0,0,0,18,0,0,0,1,0,1
0,0,17,0,0,0,0,0,0,0,0,3,0,0,0,0,0,0,0,0,0,0,0,3,0,0,0,0,1,1
5,12,46,16,7,6,1,3,4,0,21,46,8,0,0,6,5,3,2,15,0,2,4,47,2,0,1,10,3,1
0,0,8,1,0,0,1,0,1,0,0,6,1,0,0,0,0,0,0,1,0,0,0,3,0,0,0,1,0,1
0,0,6,0,0,0,0,0,0,0,3,2,1,0,0,0,0,0,0,0,0,0,0,0,0,0,0,1,0,1
0,0,3,0,0,0,0,0,0,0,0,1,0,0,0,0,0,0,0,1,0,0,0,0,0,0,0,0,0,1
0,0,7,0,1,0,0,0,0,0,0,3,0,0,0,0,0,1,0,0,0,0,0,3,0,0,0,1,0,1
0,0,8,18,0,0,0,0,0,0,0,3,22,0,0,0,0,0,0,0,1,0,1,2,1,0,0,19,0,1
1,2,77,14,1,3,1,2,4,0,12,49,7,0,0,2,3,0,0,0,0,2,7,31,1,0,0,7,1,1
0,1,30,12,0,1,0,0,0,0,1,26,11,0,0,4,7,1,0,0,0,2,5,21,6,0,0,5,5,1
1,0,15,0,0,0,0,0,0,0,5,10,0,0,0,0,0,4,0,2,0,0,1,5,0,0,0,0,0,0
0,1,3,10,0,0,0,0,0,0,4,3,8,0,0,0,0,2,0,0,1,0,0,3,1,0,0,8,0,0
0,0,14,0,0,0,0,0,0,0,1,11,0,0,0,0,0,0,0,1,0,0,0,2,0,0,0,0,0,1
1,26,61,7,0,6,3,3,4,0,12,22,0,0,0,3,11,24,0,7,2,1,7,25,0,0,0,0,0,1
0,0,0,1,0,0,0,0,0,0,0,0,1,0,0,0,0,0,0,0,0,0,0,0,0,0,0,0,0,1
0,12,9,6,0,1,0,1,0,0,12,3,8,1,0,0,7,5,0,0,0,0,0,7,0,0,0,6,0,0
0,0,6,10,0,0,0,1,2,0,0,6,5,0,0,0,3,0,0,1,0,2,1,5,0,0,0,8,2,1
0,0,7,2,0,0,1,0,0,0,0,1,6,0,0,1,0,0,0,0,0,0,0,1,0,0,1,0,0,1
0,2,30,3,0,0,1,0,0,0,3,5,9,0,0,0,0,0,0,8,0,0,0,21,1,0,0,2,0,1
0,3,7,8,1,2,0,1,0,0,2,0,0,0,0,0,2,1,0,0,0,0,0,3,0,0,0,0,0,1
0,2,3,1,0,0,0,1,0,0,0,5,1,0,0,0,1,0,0,0,0,1,2,0,0,0,1,0,0,1
0,0,6,0,0,0,0,1,0,0,3,3,0,0,0,0,1,1,0,1,0,0,0,0,1,0,1,0,2,1
0,1,3,0,0,0,0,0,0,0,5,1,2,0,0,0,0,0,0,0,0,0,1,1,0,0,0,0,1,1
0,16,13,11,0,1,0,0,0,0,13,6,6,0,0,0,8,5,0,0,0,0,0,7,0,0,1,5,0,0
0,5,10,11,0,0,1,0,0,0,3,2,5,0,0,0,1,0,0,0,0,0,0,1,1,0,0,7,0,0
0,7,8,8,0,0,1,0,1,0,14,3,7,2,0,0,2,0,0,1,0,1,2,3,0,0,0,5,0,0
0,3,53,3,0,0,0,2,0,0,1,36,2,0,0,1,0,0,0,1,0,0,1,25,3,0,0,1,0,0
3,10,46,15,3,19,1,8,0,0,8,26,4,0,0,4,17,5,0,3,0,1,4,8,0,0,0,6,7,0
0,6,53,3,1,0,2,0,1,0,5,49,2,0,0,2,0,3,0,3,1,0,9,24,1,0,0,2,3,0
0,1,6,20,0,0,1,0,0,0,4,13,34,0,0,1,1,1,0,2,0,0,1,12,0,0,0,34,2,0
0,4,7,2,0,0,1,1,2,0,4,15,5,0,0,1,1,2,0,0,0,1,0,9,0,0,0,3,0,1
0,1,2,0,0,1,0,0,0,0,8,3,0,0,0,0,1,2,0,1,0,0,1,10,0,0,0,0,0,1
0,0,0,0,0,0,0,0,0,0,0,0,0,0,0,0,0,0,0,0,0,0,0,0,0,0,0,0,0,1
0,2,3,0,0,0,1,0,0,0,0,2,0,0,0,0,0,1,0,0,0,0,0,2,0,0,0,0,0,1
0,0,5,0,0,0,0,0,0,0,2,1,0,0,0,0,0,0,0,0,0,0,0,2,0,0,1,0,0,1
0,0,3,0,0,0,0,0,0,0,1,1,1,0,0,0,1,0,0,0,0,0,0,0,0,0,0,1,0,1
0,0,1,0,0,0,0,0,0,0,0,0,0,0,0,0,0,0,0,1,0,1,0,0,0,0,0,0,0,1
0,1,1,13,0,0,0,0,1,0,2,8,12,0,0,0,0,1,0,0,0,0,1,11,0,0,0,12,0,0
0,22,24,11,4,9,0,6,1,1,13,10,1,0,1,0,13,3,0,5,0,1,0,5,0,0,0,2,2,0
0,1,9,3,0,0,2,2,0,0,2,1,0,0,0,0,0,0,0,1,0,0,0,7,0,0,0,1,0,0
0,8,11,1,3,0,3,0,0,0,1,5,1,0,0,1,0,0,0,0,0,0,1,9,1,0,1,1,2,0
0,5,47,14,0,2,1,2,8,2,8,15,4,0,0,0,10,2,0,0,0,1,0,16,0,0,0,1,2,0
7,11,35,18,18,3,3,0,1,2,35,16,12,1,0,2,4,7,0,7,0,0,6,26,0,0,1,11,1,0
0,3,20,0,0,10,1,3,1,0,2,19,4,0,0,3,10,1,0,2,0,5,5,10,5,0,2,1,2,1
8,5,25,44,2,20,0,18,1,0,24,17,28,0,0,6,27,2,0,8,1,2,1,8,6,0,0,23,3,1
2,18,23,4,0,0,2,1,0,0,14,16,1,1,0,2,0,10,0,5,0,1,1,11,1,0,2,3,2,1
0,3,37,2,2,0,0,0,0,0,10,24,1,0,0,3,3,2,0,6,0,0,2,12,8,0,2,0,2,1
0,7,29,4,0,0,0,0,0,0,18,17,8,0,0,3,4,0,1,2,0,1,4,10,3,0,1,8,1,1
0,1,25,6,1,2,3,0,0,0,9,18,3,0,0,1,6,1,0,3,0,0,6,10,1,0,1,3,1,1
20,16,22,83,1,15,4,3,0,0,25,51,73,1,0,10,19,6,0,27,0,6,11,16,4,0,0,72,1,1
0,5,26,4,2,0,0,0,0,0,4,14,8,0,0,1,0,0,0,3,0,0,5,9,2,0,0,5,0,1
0,0,1,0,0,0,0,0,0,0,1,0,1,0,0,0,0,0,0,0,0,0,0,2,0,0,0,0,0,1
0,3,15,1,0,0,2,0,0,0,2,11,1,0,0,3,1,0,0,0,0,0,0,3,0,0,0,0,0,1
10,13,40,7,0,0,10,4,7,0,42,19,3,1,0,1,8,1,0,4,0,0,0,15,2,0,0,1,1,1
1,3,47,42,11,6,1,3,2,0,17,65,48,0,0,2,8,15,0,1,1,1,4,39,0,0,1,46,4,0
0,3,48,13,0,1,0,0,1,0,36,90,12,0,0,3,0,23,0,2,2,1,14,25,9,0,0,5,3,0
2,4,53,28,2,3,1,0,0,0,17,32,15,0,0,5,10,17,0,3,1,1,13,17,13,0,0,20,4,0
3,3,15,10,1,2,0,1,1,0,12,49,7,0,0,3,3,11,0,11,0,4,18,8,3,0,1,3,0,0
1,1,44,25,12,0,0,1,0,1,31,58,11,2,0,2,6,17,0,1,0,3,9,13,16,0,1,24,7,0
0,1,6,0,0,0,0,0,1,0,3,13,0,0,0,2,1,2,0,1,0,0,2,15,0,0,0,0,1,0
0,0,7,12,0,3,0,0,0,0,1,10,17,0,0,0,4,2,0,0,0,0,1,2,0,0,0,17,0,0
0,0,1,0,0,0,0,0,0,0,2,1,1,0,0,0,0,0,0,1,0,0,0,1,0,0,0,0,0,0
0,0,7,0,0,0,0,0,0,0,1,0,0,0,0,0,0,2,0,0,0,0,0,1,0,0,0,0,0,0
0,0,3,0,0,0,0,0,0,0,5,25,0,0,0,1,0,4,0,0,0,0,3,2,4,0,0,0,1,0
0,0,1,0,3,0,0,2,0,0,0,4,0,0,0,0,0,3,0,0,0,0,0,6,0,0,0,1,0,0
0,0,1,0,1,0,0,0,0,0,0,1,0,0,0,0,1,0,0,0,0,0,0,2,0,0,0,0,0,0
0,0,2,2,0,0,0,0,0,0,4,12,2,0,0,0,0,1,0,0,0,0,2,5,0,0,0,2,1,0
0,0,8,1,0,0,0,0,0,0,1,0,0,0,0,0,0,3,0,0,1,0,1,1,1,0,0,0,0,0
0,0,2,4,0,0,0,0,0,0,0,0,0,0,0,0,2,1,0,0,0,0,0,0,0,0,0,2,0,0
0,0,7,0,5,0,0,1,0,0,4,3,0,0,0,0,0,2,0,0,0,0,0,5,0,0,0,0,2,0
0,1,5,8,0,0,0,0,0,0,3,9,8,0,0,0,0,0,0,0,0,0,2,3,0,0,1,7,1,0
1,9,29,11,0,1,12,2,2,0,36,39,20,0,0,3,3,11,0,2,0,0,3,12,1,0,0,16,0,1
2,2,76,14,1,3,2,3,4,0,12,50,8,0,0,3,3,0,0,1,0,2,7,31,1,0,0,7,1,1
0,0,3,19,0,0,1,0,1,0,1,4,23,0,0,0,1,1,0,0,0,1,0,1,1,0,0,21,0,0
0,2,1,35,0,0,0,0,0,0,6,14,18,0,0,1,1,1,0,0,0,0,2,2,2,0,1,17,1,1
0,2,25,2,0,0,1,0,0,0,6,7,2,0,0,2,1,1,0,1,0,0,1,9,3,0,0,1,0,1
0,1,10,0,0,0,2,0,0,0,2,4,1,0,0,0,0,1,0,0,0,0,1,2,0,0,0,0,0,1
0,0,9,17,0,0,0,1,0,0,1,7,23,0,0,0,0,0,0,0,1,0,1,2,1,0,0,19,0,1
0,6,13,2,2,0,3,4,0,0,11,9,3,0,0,3,0,11,0,9,0,0,0,3,1,0,2,4,0,1
0,0,9,3,0,0,1,0,0,0,2,8,2,0,0,0,0,0,0,2,0,0,0,6,0,0,1,2,0,1
0,9,57,1,0,0,3,1,0,0,7,27,2,0,0,1,0,0,0,0,0,0,1,23,1,0,0,1,0,0
1,1,29,1,0,0,0,0,0,0,3,6,2,0,0,0,0,0,0,0,0,2,0,10,2,0,0,1,0,1
0,14,40,23,2,1,0,1,1,0,11,16,6,0,0,2,2,3,0,3,0,1,4,11,4,0,1,8,1,1
0,0,0,2,0,0,0,0,0,0,0,1,2,0,0,0,0,1,0,0,0,0,0,0,0,0,0,2,0,1
0,0,18,2,0,0,0,1,0,0,2,9,0,0,0,1,0,0,0,0,0,0,2,5,0,0,0,1,0,1
0,0,9,2,0,0,0,0,0,0,3,8,1,0,0,0,0,1,0,0,0,0,1,3,0,0,0,2,0,1
0,0,3,0,0,0,0,0,0,0,1,5,0,0,0,0,0,0,0,0,0,0,0,1,0,0,0,0,0,1
0,0,1,0,0,0,0,0,1,0,0,0,0,0,0,0,0,0,0,0,0,0,0,0,0,0,0,0,0,1
4,1,39,77,0,0,1,0,0,0,6,47,83,0,0,5,5,0,0,1,2,1,9,15,5,0,0,70,4,1
0,0,16,0,0,0,0,1,1,0,5,7,1,0,0,0,2,1,0,0,0,0,2,9,0,0,0,2,0,1
0,0,6,0,0,0,1,0,0,0,0,5,0,0,0,0,0,0,0,0,0,0,0,2,0,0,0,0,0,1
0,8,43,5,0,2,1,1,2,0,6,31,4,0,0,0,4,2,0,1,0,1,5,10,0,0,0,3,0,1
0,0,4,0,0,0,0,0,0,0,0,2,0,0,0,0,0,0,0,0,0,0,0,0,0,0,0,0,0,1
1,18,61,10,0,3,2,4,1,0,14,12,0,0,0,0,4,1,0,1,1,1,0,24,0,0,0,0,0,0
0,5,19,2,0,0,3,0,0,0,19,9,11,0,0,0,0,3,0,2,0,0,0,11,2,0,1,11,0,1
0,1,3,0,2,0,0,0,0,0,5,1,0,0,0,0,1,4,0,0,0,0,0,1,0,0,2,0,0,1
2,4,28,0,0,0,2,0,0,0,1,7,0,0,0,0,0,0,0,3,0,0,0,13,1,0,0,0,0,1
0,0,6,14,0,0,1,0,0,0,2,2,16,0,0,0,0,1,0,0,0,0,0,14,1,0,0,15,0,1
2,3,42,75,5,18,1,12,1,0,17,29,73,0,0,3,22,7,0,3,3,0,2,25,1,0,3,72,6,1
3,10,46,15,3,19,2,7,0,0,9,25,4,0,0,4,17,5,0,3,0,1,4,9,0,0,0,6,7,0
0,5,63,3,1,0,4,3,4,0,15,60,3,0,0,2,5,5,0,2,0,1,5,29,2,0,1,2,2,0
0,0,18,1,0,0,1,0,0,0,1,16,5,1,1,0,0,0,0,0,0,0,0,6,0,0,0,0,0,1
0,2,24,0,0,0,0,0,1,0,10,15,1,0,0,0,1,3,0,1,0,1,0,7,0,0,0,1,0,1
1,1,12,0,0,0,3,0,0,0,2,6,2,0,0,1,0,0,0,0,0,0,0,7,1,0,0,2,0,1
0,0,11,1,0,0,0,0,0,0,0,4,1,0,0,0,0,0,0,0,0,0,1,9,1,0,0,0,0,1
4,0,3,9,0,0,0,0,0,0,0,5,12,0,0,0,1,1,0,0,0,0,0,7,0,0,0,12,0,1
1,1,5,8,0,2,1,2,2,0,3,7,11,0,0,0,4,0,0,2,0,0,0,6,0,0,0,10,1,1
2,1,6,15,0,4,1,0,0,0,3,1,18,0,0,0,5,0,0,0,0,0,0,5,1,0,0,15,0,1
0,0,5,8,0,0,1,0,0,0,4,7,14,0,0,0,0,1,0,0,0,0,0,11,0,0,0,13,0,1
2,0,3,5,0,0,0,0,0,0,0,2,6,0,0,0,0,0,0,0,0,0,0,2,0,0,0,7,0,1
1,1,5,5,0,0,0,0,0,0,0,5,7,0,0,0,0,0,0,0,0,0,0,2,1,0,0,7,0,1
0,0,4,2,0,0,0,0,1,0,3,8,1,0,0,0,1,0,0,0,0,0,0,2,2,0,0,1,1,0
0,0,23,0,0,0,0,0,0,0,0,14,0,0,0,0,0,0,0,0,0,0,1,6,0,0,0,1,0,1
0,0,34,0,0,0,0,2,0,0,12,36,1,0,0,1,0,6,0,5,0,0,0,19,0,0,1,3,0,1
1,1,8,1,0,0,0,0,0,0,3,9,1,0,0,0,0,0,0,2,0,0,1,5,0,0,0,1,0,1
0,1,4,0,0,0,0,0,0,0,1,6,1,0,0,0,0,0,0,1,0,0,0,0,0,0,0,0,0,1
0,0,0,0,0,0,0,0,0,0,0,0,0,0,0,0,0,0,0,0,0,0,0,1,0,0,0,0,0,1
10,54,71,22,1,20,9,17,3,0,76,35,4,9,0,1,23,3,0,21,0,2,4,41,0,0,0,3,4,1
0,25,14,2,0,0,8,0,0,0,6,7,0,0,0,0,0,1,0,0,0,1,0,4,0,0,0,0,0,0
0,1,1,0,0,0,0,0,0,0,0,0,0,0,0,0,0,0,0,0,0,0,0,0,0,0,0,0,0,1
0,38,73,9,1,0,11,0,0,0,11,22,2,0,0,0,1,1,0,1,1,0,3,27,0,0,0,5,1,1
0,23,79,13,0,1,10,0,0,0,10,18,5,5,0,0,2,0,0,0,0,0,1,15,0,0,0,7,0,1
0,19,12,3,0,0,6,0,0,0,7,7,0,0,0,0,0,1,0,0,0,0,0,4,0,0,0,0,0,0
2,6,65,37,0,4,2,0,0,0,4,42,38,0,0,2,10,2,0,2,2,2,9,25,3,0,0,40,3,1
0,0,2,4,0,0,0,0,0,0,2,2,1,0,0,0,0,0,0,0,0,0,0,2,0,0,0,2,0,1
0,3,15,1,0,0,2,1,0,0,2,11,1,0,0,3,1,0,0,0,0,0,0,3,0,0,0,0,0,1
0,9,63,7,0,0,1,2,0,0,12,23,6,0,0,1,2,0,0,1,0,1,1,17,0,0,0,1,1,1
3,5,1,44,1,13,2,6,0,0,9,48,12,0,0,22,37,3,0,2,2,2,12,6,3,0,2,18,3,1
0,3,43,4,0,0,5,0,4,0,13,32,2,0,0,4,3,2,0,2,2,0,2,15,2,0,2,4,3,1
1,6,45,2,0,0,6,1,2,0,10,18,11,0,0,4,2,2,0,8,0,0,0,4,0,0,0,9,0,1
2,4,38,50,1,1,0,2,1,0,19,65,54,0,1,2,7,1,0,1,4,3,4,32,3,0,1,48,5,1
0,4,10,16,0,1,4,1,3,0,13,19,15,0,0,1,2,3,0,2,0,1,7,9,2,0,0,18,0,1
1,8,71,46,1,6,1,0,0,0,6,41,50,0,0,1,11,2,0,1,2,1,9,21,4,0,0,39,4,1
1,25,57,6,0,5,4,3,4,0,13,20,0,0,0,2,10,25,0,7,2,1,7,22,0,0,0,0,1,1
0,1,11,19,0,1,0,0,2,0,0,10,11,3,0,1,3,3,0,1,0,2,3,5,3,0,0,13,4,1
0,0,11,1,0,0,0,0,1,0,0,6,1,0,0,0,1,0,0,1,0,0,2,3,0,0,0,1,0,1
0,1,9,1,1,0,0,0,0,0,3,12,1,0,0,0,0,2,0,0,0,0,0,4,0,0,0,2,0,1
0,2,15,15,0,1,0,0,0,0,0,7,9,0,0,0,2,3,0,2,0,2,3,10,0,0,2,3,0,1
1,1,6,21,0,0,0,0,0,0,1,17,21,0,0,2,2,3,0,1,2,0,1,9,1,0,1,14,0,1
0,4,25,36,1,0,0,0,0,0,2,41,34,0,0,1,4,1,0,3,2,2,16,7,0,0,2,23,5,1
1,0,1,0,0,0,0,0,0,0,1,1,0,0,0,0,0,0,0,0,0,1,0,0,1,0,0,0,0,1
0,0,0,0,0,0,0,0,0,0,0,0,0,0,0,0,0,0,0,0,0,0,0,0,0,0,0,0,0,1
0,0,0,0,0,0,0,0,0,0,0,0,0,0,0,0,0,0,0,1,0,0,0,0,0,0,0,0,0,1
0,3,10,4,0,0,1,0,1,0,5,2,1,0,0,0,0,1,0,2,0,0,1,1,2,0,0,1,0,1
0,2,22,2,0,0,0,0,1,0,0,11,1,0,0,1,0,0,0,1,0,0,1,5,1,0,0,1,0,1
0,2,6,0,0,0,0,0,0,0,2,3,1,0,0,1,1,0,0,1,0,0,0,2,1,0,0,1,0,1
0,0,4,0,1,0,0,0,0,0,0,0,0,0,0,0,0,1,0,0,0,0,0,1,0,0,0,1,0,1
1,1,7,3,1,0,0,0,1,0,3,7,1,0,0,0,2,0,0,1,0,0,0,0,0,0,0,0,0,1
4,19,29,9,0,4,2,1,2,0,29,8,1,0,0,1,4,3,0,6,1,0,1,14,0,0,0,0,0,1
4,19,29,9,0,4,2,1,2,0,29,8,1,0,0,1,4,3,0,6,1,0,1,14,0,0,0,0,0,1
1,1,7,3,1,0,0,0,1,0,3,7,1,0,0,0,2,0,0,1,0,0,0,0,0,0,0,0,0,1
0,0,4,0,1,0,0,0,0,0,0,0,0,0,0,0,0,1,0,0,0,0,0,1,0,0,0,1,0,1
0,2,6,0,0,0,0,0,0,0,2,3,1,0,0,1,1,0,0,1,0,0,0,2,1,0,0,1,0,1
0,2,22,2,0,0,0,0,1,0,0,11,1,0,0,1,0,0,0,1,0,0,1,5,1,0,0,1,0,1
0,3,10,4,0,0,1,0,1,0,5,2,1,0,0,0,0,1,0,2,0,0,1,1,2,0,0,1,0,1
0,3,10,4,0,0,1,0,1,0,5,2,1,0,0,0,0,1,0,2,0,0,1,1,2,0,0,1,0,1
0,2,22,2,0,0,0,0,1,0,0,11,1,0,0,1,0,0,0,1,0,0,1,5,1,0,0,1,0,1
1,1,7,3,1,0,0,0,1,0,3,7,1,0,0,0,2,0,0,1,0,0,0,0,0,0,0,0,0,1
1,1,7,3,1,0,0,0,1,0,3,7,1,0,0,0,2,0,0,1,0,0,0,0,0,0,0,0,0,1
0,2,22,2,0,0,0,0,1,0,0,11,1,0,0,1,0,0,0,1,0,0,1,5,1,0,0,1,0,1
4,19,29,9,0,4,2,1,2,0,29,8,1,0,0,1,4,3,0,6,1,0,1,14,0,0,0,0,0,1
0,3,10,4,0,0,1,0,1,0,5,2,1,0,0,0,0,1,0,2,0,0,1,1,2,0,0,1,0,1
0,2,22,2,0,0,0,0,1,0,0,11,1,0,0,1,0,0,0,1,0,0,1,5,1,0,0,1,0,1
0,2,6,0,0,0,0,0,0,0,2,3,1,0,0,1,1,0,0,1,0,0,0,2,1,0,0,1,0,1
0,2,22,2,0,0,0,0,1,0,0,11,1,0,0,1,0,0,0,1,0,0,1,5,1,0,0,1,0,1
0,6,19,2,0,0,0,1,0,0,7,2,0,0,0,0,1,0,0,1,0,0,0,6,0,0,0,0,0,1
0,8,8,1,0,1,2,1,1,0,1,2,2,0,0,0,1,1,0,0,0,0,1,4,0,0,0,2,0,1
0,1,15,4,2,0,0,0,1,0,1,6,0,0,0,0,1,1,0,0,0,0,0,3,1,0,0,0,0,1
0,21,52,6,0,0,5,2,1,0,12,30,1,0,0,0,1,0,0,1,0,1,0,33,0,0,0,1,0,1
0,4,13,2,0,0,1,0,0,0,1,1,0,0,0,0,0,0,0,0,0,0,0,1,1,0,0,0,0,1
0,0,9,0,0,0,2,1,0,0,6,3,0,0,0,0,0,0,0,0,0,0,1,4,0,0,0,0,0,1
2,7,14,1,1,0,5,2,1,0,4,9,0,3,0,0,1,1,0,0,0,0,0,8,1,0,0,2,0,1
0,0,5,0,0,0,2,0,0,0,2,2,0,0,0,1,0,0,0,1,0,0,0,2,0,0,0,2,1,1
1,25,58,7,0,6,3,3,4,0,11,21,0,0,0,3,11,24,0,7,2,1,7,22,0,0,0,0,1,1
3,1,30,6,0,1,4,2,3,0,26,52,8,2,0,1,4,2,0,11,0,0,6,16,1,0,0,2,2,1
0,6,34,10,0,0,2,0,1,0,3,27,6,0,0,1,2,0,0,5,0,0,1,14,0,0,0,4,1,1
0,0,4,0,0,0,0,0,0,0,6,17,1,0,0,0,0,0,0,0,0,1,1,2,0,0,0,0,0,1
0,6,13,0,1,1,4,0,0,0,14,22,4,0,0,4,2,5,0,6,0,0,3,19,1,0,0,4,0,1
0,8,25,4,0,0,2,1,0,0,8,40,2,0,0,2,0,5,0,2,0,1,4,12,1,0,0,2,0,1
0,1,3,6,0,2,0,0,1,0,1,6,8,0,0,0,2,0,0,0,0,0,0,10,0,0,0,8,0,1
0,0,3,4,0,0,0,0,0,0,2,2,2,0,0,0,0,0,0,0,0,0,0,2,0,0,0,2,0,1
0,4,32,0,1,0,0,1,0,0,1,4,1,0,0,0,1,1,0,0,0,0,0,11,0,0,0,2,0,1
0,5,26,2,0,0,2,0,0,0,2,9,3,0,0,2,0,0,0,3,0,1,1,4,1,0,0,1,0,1
0,0,9,2,0,0,0,0,0,0,3,8,1,0,0,0,0,1,0,0,0,0,0,3,0,0,0,2,0,1
1,2,26,2,0,0,2,1,3,0,14,21,4,1,0,0,4,4,0,2,0,1,0,8,0,0,0,3,0,1
0,2,13,0,0,0,0,0,0,0,3,3,3,0,0,1,0,1,0,1,0,0,0,8,1,0,0,0,1,1
0,2,22,6,1,0,0,0,1,0,8,25,1,0,0,0,0,3,0,1,0,1,0,9,3,0,0,1,0,1
0,0,8,0,0,0,0,1,0,0,5,8,0,0,0,0,1,1,0,0,0,0,0,4,0,0,0,0,0,1
1,4,16,13,0,0,2,1,2,0,8,22,14,0,0,2,3,3,0,3,0,0,4,7,0,0,1,11,0,1
0,3,15,1,0,0,0,0,0,0,5,16,2,0,0,0,0,1,0,1,0,2,1,3,1,0,0,1,0,1
0,0,1,2,0,0,0,0,0,0,1,0,2,0,0,0,0,1,0,0,0,0,0,1,0,0,0,2,0,1
0,0,1,0,0,0,0,0,0,0,0,0,0,0,0,0,0,0,0,0,0,0,0,0,0,0,0,0,0,1
0,0,2,0,0,0,0,0,0,0,0,2,0,0,0,0,0,0,0,0,0,0,0,0,0,0,0,0,0,1
3,9,94,9,0,1,4,1,1,0,17,34,5,2,0,1,4,4,0,12,0,1,7,27,1,0,2,3,2,1
0,0,0,1,0,0,0,0,0,0,1,0,1,0,0,0,0,0,0,0,0,0,0,0,0,0,1,0,0,1
1,9,60,13,8,4,3,1,1,0,9,18,3,0,0,2,6,2,0,2,0,0,3,18,3,0,1,2,1,0
2,4,37,7,1,1,1,0,3,0,5,14,1,0,0,0,5,1,0,0,0,0,1,13,1,0,0,1,0,0
0,0,0,1,0,0,0,1,0,0,1,2,2,0,0,0,0,0,0,0,0,0,0,1,0,0,0,2,0,1
0,0,2,0,0,0,0,0,0,0,1,0,0,0,0,0,0,1,0,0,0,0,0,1,0,0,0,0,0,1
0,0,2,0,0,0,0,0,0,0,2,0,0,0,0,0,0,0,0,0,0,0,0,1,0,0,0,0,0,1
0,5,14,2,0,0,0,0,0,0,4,2,1,2,0,0,0,3,0,0,0,0,0,1,0,0,1,7,0,1
0,0,0,0,0,1,0,0,0,0,0,1,0,0,0,0,1,0,0,0,0,0,0,0,0,0,0,0,0,1
0,2,13,1,0,0,1,0,2,0,1,7,1,0,0,0,0,1,0,0,0,0,1,7,0,0,0,0,0,1
0,8,44,5,0,2,1,1,2,0,6,32,4,0,0,0,4,2,0,2,0,1,5,10,0,0,0,3,0,1
0,4,27,1,1,0,1,1,0,0,2,2,2,1,0,0,0,0,0,1,0,0,0,8,0,0,0,0,0,1
0,1,28,1,0,0,0,0,1,0,0,3,1,0,0,0,2,0,0,0,0,0,1,10,0,0,0,1,0,1
0,1,23,0,0,1,1,0,1,0,2,7,1,0,0,1,0,0,0,0,0,0,1,6,0,0,0,0,0,1
1,9,23,13,0,0,1,2,3,1,6,22,12,1,0,2,2,1,0,5,0,1,4,10,0,0,1,12,0,1
1,10,45,14,0,0,1,4,4,1,17,44,20,1,0,2,6,4,0,6,1,1,4,17,0,0,3,14,0,1
0,0,1,0,0,0,0,0,0,0,0,1,0,0,0,0,0,0,0,0,0,0,0,0,0,0,0,0,0,1
0,0,2,0,0,0,0,0,0,0,0,0,0,0,0,0,0,0,0,0,0,0,0,0,0,0,0,3,0,1
0,4,44,6,4,14,1,1,0,0,15,15,0,0,0,2,15,2,0,3,0,0,4,13,1,0,0,2,0,0
0,3,16,0,4,0,0,0,1,0,5,14,0,0,0,4,0,5,0,0,0,1,1,5,0,0,0,0,0,0
0,23,39,1,0,1,1,1,0,0,7,8,1,0,0,4,5,0,0,4,0,0,0,16,3,0,0,0,0,0
1,3,8,0,0,0,2,0,0,0,6,8,0,0,0,0,0,2,0,0,0,0,0,6,2,0,0,0,0,0
1,15,17,1,0,0,3,1,0,0,9,8,1,0,0,1,2,1,0,0,0,2,1,9,0,0,0,2,1,0
2,4,15,18,3,1,0,0,0,0,5,12,10,0,0,0,3,4,0,1,0,0,2,20,1,0,0,7,0,0
0,33,206,5,0,3,6,4,0,0,9,6,0,2,0,3,5,3,0,0,0,0,0,65,0,0,0,0,0,0
1,13,36,1,0,0,3,1,2,0,4,2,0,0,0,0,0,0,0,0,0,0,0,17,2,0,0,5,0,0
1,0,11,1,0,1,0,1,0,0,5,25,1,0,0,0,1,3,0,4,0,1,3,5,0,0,1,0,0,0
0,5,50,0,0,1,0,1,2,0,4,16,1,0,0,0,1,3,0,0,0,1,0,15,0,0,0,0,0,0
0,10,87,1,0,0,6,5,3,0,7,15,3,0,0,2,1,3,0,0,0,0,0,25,0,0,0,4,1,0
0,0,36,5,1,2,1,0,0,0,7,8,3,0,0,1,3,10,0,0,0,2,3,14,1,0,1,1,0,0
0,5,12,11,4,0,0,0,0,0,6,12,1,0,0,0,1,3,0,3,0,1,3,8,1,0,0,0,0,0
0,2,25,4,0,2,1,0,0,0,3,12,0,0,0,0,2,0,0,1,0,0,1,11,2,0,0,0,0,0
0,0,1,2,0,0,0,0,0,0,0,1,2,0,0,0,1,1,0,0,0,1,2,1,1,0,0,3,0,1
1,0,2,6,0,0,0,0,0,0,1,0,3,0,0,0,3,0,0,0,0,0,1,1,1,0,0,4,0,0
0,3,52,3,0,0,0,2,0,0,2,35,3,0,0,1,0,0,0,1,0,0,1,25,3,0,0,1,0,0
0,5,5,1,0,0,0,0,0,0,3,3,1,0,0,0,0,0,0,1,0,0,0,1,0,0,0,2,0,0
0,0,6,0,0,0,0,0,0,0,0,1,0,0,0,0,0,0,0,0,0,1,0,0,0,0,0,0,0,0
0,1,9,2,0,0,0,1,0,0,4,1,2,0,0,0,0,0,0,0,0,0,1,2,0,0,0,2,0,0
0,1,11,1,0,0,0,0,0,0,3,2,1,0,0,0,0,0,0,0,0,0,1,2,0,0,0,2,0,0
0,2,21,0,0,0,0,0,1,0,8,15,0,0,0,0,1,3,0,1,0,1,0,6,0,0,0,0,0,0
0,0,18,1,0,0,1,0,0,0,3,16,5,0,0,0,0,0,0,0,0,0,0,6,0,0,0,0,0,1
1,26,68,2,3,1,4,2,2,0,12,24,2,0,0,0,1,3,0,1,0,1,0,26,2,0,0,1,0,1
0,0,0,0,0,0,0,0,0,0,0,1,0,0,0,0,1,0,0,0,0,0,0,0,0,0,0,0,0,1
0,0,0,2,1,0,0,0,0,0,3,0,0,0,0,0,0,1,0,0,0,1,0,0,0,0,0,0,0,0
0,4,7,2,0,0,1,0,1,0,5,15,5,0,0,1,1,2,0,0,0,1,0,9,0,0,0,3,0,1
0,0,1,0,0,0,0,0,0,0,0,0,0,0,0,0,0,0,0,1,0,0,0,0,0,0,0,0,0,1
5,20,56,2,0,1,12,4,0,0,11,15,4,0,0,0,0,2,0,3,0,0,1,41,0,0,0,1,1,0
3,3,6,2,0,0,0,0,0,0,6,9,3,0,0,2,1,4,0,4,0,1,0,6,0,0,0,2,0,1
0,4,42,1,0,0,2,0,0,0,5,12,1,0,0,3,6,1,0,2,1,1,3,19,1,0,0,2,1,1
0,1,22,1,0,4,1,0,0,0,2,26,0,0,0,0,5,0,0,0,0,0,2,4,1,0,0,2,0,1
1,4,8,4,0,0,3,2,2,0,15,20,5,0,0,2,1,1,0,3,0,2,2,5,0,0,2,2,2,1
0,0,8,0,0,0,0,1,0,0,7,11,0,0,0,1,2,0,0,4,0,0,0,6,0,0,0,0,1,1
0,1,5,0,0,0,0,0,0,0,6,6,3,0,0,0,0,1,0,1,0,0,0,6,0,0,0,0,0,0
1,0,3,0,0,0,0,0,1,0,10,12,1,0,0,0,2,2,0,11,0,0,0,2,0,0,0,0,0,0
1,9,27,29,18,7,6,6,3,1,24,31,18,0,0,2,9,5,0,4,0,1,2,36,0,0,1,19,1,0
0,1,7,0,0,0,1,0,0,0,4,4,0,1,0,0,1,3,0,0,0,0,0,2,0,0,0,2,0,0
0,0,14,0,1,0,1,0,0,0,4,23,1,0,0,1,0,3,0,1,0,0,0,6,0,0,0,0,0,0
0,15,20,4,2,1,4,0,0,0,6,6,2,0,0,4,3,5,0,0,0,1,1,9,3,0,0,0,5,0
0,0,3,0,0,0,0,0,0,0,1,1,0,0,0,0,0,0,0,0,0,0,0,2,0,0,0,0,0,0
0,0,11,0,0,0,0,0,0,0,0,2,0,0,0,0,0,0,0,1,0,0,0,3,0,0,0,0,0,0
0,1,6,0,0,0,0,0,0,0,3,5,0,0,0,0,0,2,0,1,0,0,0,4,0,0,0,0,0,0
0,0,9,1,0,0,0,0,0,0,1,3,0,0,0,0,0,1,0,0,0,1,1,0,1,0,0,1,0,0
0,0,0,0,0,0,0,0,0,0,0,0,0,0,0,0,0,0,0,0,0,0,0,0,0,0,0,0,0,0
0,0,0,0,0,0,0,0,0,0,1,1,0,0,0,0,0,0,0,0,0,0,0,0,0,0,0,0,0,0
0,0,0,0,0,0,0,0,0,0,1,15,0,0,0,0,0,2,0,0,0,1,0,1,0,0,0,0,0,0
0,0,0,0,0,0,0,0,0,0,1,5,0,0,0,1,0,0,0,0,0,0,1,1,0,0,0,0,0,0
0,0,0,0,0,0,0,0,0,0,1,0,0,0,0,0,0,0,0,0,0,0,0,1,0,0,0,0,0,0
0,0,1,0,0,0,0,0,0,0,3,5,1,0,0,0,0,4,0,0,0,0,0,4,0,0,0,0,0,0
0,0,4,1,0,0,0,0,0,0,0,1,1,0,0,0,0,0,0,0,0,0,0,2,0,0,0,1,0,0
0,0,0,0,0,0,0,0,0,0,1,10,0,0,0,1,0,1,0,0,0,1,4,1,0,0,0,0,0,0
0,0,1,0,0,0,0,0,0,0,1,3,0,0,0,0,0,0,0,0,0,0,1,0,0,0,0,0,0,0
0,0,0,2,0,0,0,0,0,0,0,14,2,0,0,0,0,2,0,0,0,1,3,2,0,0,0,2,0,0
0,0,1,0,0,0,0,0,0,0,2,1,0,0,0,0,0,0,0,0,0,0,0,1,1,0,1,0,0,0
0,0,0,0,0,0,0,0,0,0,0,2,1,0,0,0,0,0,0,0,0,1,0,0,0,0,0,0,0,0
0,0,1,1,0,0,0,0,0,0,1,2,0,0,0,0,0,1,0,0,0,0,2,0,1,0,0,1,1,0
0,0,1,1,0,0,0,0,0,0,0,2,0,0,0,0,0,0,0,1,0,0,0,1,0,0,0,1,2,0
0,1,2,0,0,0,0,0,0,0,0,0,0,0,0,0,0,0,0,1,0,0,0,1,0,0,0,0,0,0
0,0,1,0,0,0,0,0,0,0,0,2,0,0,0,0,0,0,0,0,0,0,1,0,1,0,0,0,0,0
0,0,0,0,0,0,0,0,0,0,2,3,0,0,0,0,0,0,0,1,0,0,0,0,0,0,0,0,0,0
0,0,0,1,0,0,0,0,0,0,0,1,0,0,0,0,0,0,0,0,0,0,0,1,0,0,0,1,0,0
0,0,0,0,1,0,0,0,0,0,2,0,1,0,0,0,0,3,0,0,0,0,0,0,0,0,0,0,0,0
0,0,0,0,0,0,0,0,0,0,0,3,0,0,0,0,0,1,0,0,0,0,0,0,0,0,0,0,0,0
0,0,0,0,0,0,0,0,0,0,1,1,0,0,0,0,0,1,0,0,0,0,0,0,0,0,0,0,0,0
1,0,2,2,0,0,2,0,0,0,6,3,1,0,0,0,0,1,0,0,0,0,1,1,2,0,0,1,0,1
0,0,3,0,0,0,0,0,0,0,1,2,1,0,0,0,0,2,0,0,0,0,0,2,0,0,0,1,0,0
1,2,2,2,0,0,0,0,0,0,11,3,3,0,0,0,0,1,0,0,0,0,0,3,0,0,0,1,0,1
0,1,31,0,0,0,1,0,1,0,3,14,0,0,0,0,0,0,0,0,0,0,0,14,0,0,0,1,0,1
1,1,6,0,0,0,0,0,0,0,2,7,1,0,0,0,0,1,0,1,0,0,0,3,2,0,0,0,0,1
0,0,8,0,0,0,0,0,0,0,2,0,0,0,0,1,0,1,0,1,0,0,1,3,0,0,0,0,0,0
0,0,14,14,1,0,2,1,0,0,3,8,19,0,0,1,0,1,0,0,0,0,2,20,0,0,2,14,0,1
0,2,10,12,0,0,0,0,0,0,2,9,7,0,0,0,0,0,0,0,0,1,0,8,0,0,0,7,0,1
0,11,31,16,0,0,0,2,5,2,22,31,14,0,0,1,8,11,0,7,2,0,4,15,0,0,2,14,2,1
0,1,3,0,0,0,0,0,0,0,6,3,0,0,0,0,0,0,0,2,0,3,1,2,0,0,0,0,0,1
2,4,8,0,0,0,0,0,0,0,8,4,1,0,0,0,2,3,0,2,0,0,0,1,1,0,0,0,0,0
0,0,2,0,0,0,0,0,0,0,4,1,0,0,0,0,1,1,0,0,0,0,0,0,0,0,0,0,1,1
0,0,10,3,0,0,0,1,0,0,3,9,3,0,0,2,1,0,0,0,0,0,2,6,0,0,0,2,0,1
0,0,0,0,0,0,0,0,0,0,1,0,0,0,0,0,0,0,0,0,0,0,0,0,0,0,0,0,0,1
0,0,0,0,0,0,0,0,0,0,1,0,0,0,0,0,0,0,0,0,0,0,0,0,0,0,0,0,0,1
0,0,0,0,0,0,0,0,0,0,1,0,0,0,0,0,0,0,0,0,0,0,0,0,0,0,0,0,0,1
0,0,0,0,0,0,0,0,0,0,0,1,0,0,0,0,0,0,0,0,0,0,0,0,0,0,0,0,0,1
0,0,0,0,0,0,0,0,0,0,0,0,0,0,0,0,0,0,0,0,0,0,1,0,0,0,0,0,0,1
0,0,0,0,0,0,0,0,0,0,0,0,0,0,0,0,0,0,0,0,0,0,1,0,0,0,0,0,0,1
0,1,6,2,1,0,1,0,0,0,1,5,1,0,0,0,1,0,0,0,0,0,1,4,0,0,0,0,0,1
0,0,15,3,0,0,1,0,1,0,2,5,1,0,0,0,0,0,0,0,0,2,1,6,0,0,0,0,0,1
0,0,28,0,1,1,0,2,0,0,3,8,0,0,0,0,1,1,0,0,0,0,1,6,0,0,0,0,1,0
0,0,5,5,0,0,4,1,0,0,1,3,1,0,0,1,1,0,0,0,0,0,0,1,0,0,0,1,0,0
0,0,1,1,3,0,0,0,0,0,1,1,0,0,0,0,0,0,0,0,0,0,0,1,0,0,0,0,0,0
0,1,6,2,1,0,5,0,0,0,3,2,0,0,0,1,1,0,0,0,0,0,1,4,0,0,0,0,0,0
1,3,14,12,0,0,1,0,1,0,3,5,4,0,0,0,2,0,0,0,0,0,1,8,1,0,0,4,0,1
0,1,1,0,0,0,1,0,0,0,1,0,0,0,0,0,0,0,0,0,0,0,0,2,0,0,0,1,0,1
0,3,20,1,0,9,2,0,0,0,1,14,0,0,0,3,0,14,0,1,0,4,2,5,0,0,0,0,0,1
0,2,12,0,0,0,2,0,1,0,1,5,0,0,0,0,0,2,0,1,0,0,0,5,0,0,0,0,0,1
0,0,11,0,0,0,0,0,0,0,9,4,0,0,0,0,0,2,0,0,0,1,0,4,0,0,0,1,0,1
0,1,6,0,0,0,0,0,0,0,0,3,0,0,0,3,0,0,0,0,1,0,1,3,0,0,0,1,4,1
0,0,0,0,0,0,0,0,0,0,1,0,0,0,0,0,0,0,0,0,0,0,0,0,0,0,0,0,0,1
0,0,1,0,0,0,0,0,0,0,0,0,0,0,0,0,0,0,0,0,0,0,0,0,0,0,1,0,0,1
0,0,1,0,0,0,0,0,0,0,1,1,0,0,0,0,0,0,0,0,0,0,0,1,0,0,0,0,0,0
0,0,9,0,0,0,0,0,0,0,2,14,2,0,0,0,1,0,0,1,0,0,1,2,0,0,0,2,0,1
0,1,3,0,0,0,0,0,0,0,0,0,0,0,0,0,1,0,0,0,0,0,0,0,0,0,0,0,0,1
0,0,18,2,0,1,2,0,0,0,0,9,1,0,0,1,3,0,0,0,0,0,1,6,0,0,0,1,0,1
0,0,2,1,0,0,0,0,0,0,1,5,2,0,0,2,0,0,0,0,0,0,1,1,0,0,0,2,0,0
0,1,14,2,0,1,1,0,1,0,4,0,0,0,0,0,1,0,0,0,0,0,0,4,1,0,0,0,0,0
0,3,38,4,0,0,0,0,1,0,6,41,2,0,0,0,2,0,0,0,0,0,2,27,1,0,2,4,4,0
5,3,26,1,0,3,1,1,2,0,8,5,0,0,0,0,2,1,0,4,0,0,0,13,0,0,0,1,0,1
0,0,18,4,0,0,1,0,0,0,2,1,0,0,0,0,0,0,0,0,0,0,0,4,0,0,0,1,0,1
3,83,77,37,1,1,9,4,3,0,60,20,18,20,0,2,2,2,0,3,0,0,0,19,1,0,0,10,0,1
0,0,10,1,0,0,1,0,1,0,0,6,1,0,0,0,0,0,0,1,0,0,0,4,0,0,0,1,0,1
1,1,3,2,0,0,2,0,0,0,2,2,0,0,0,0,0,0,0,2,0,0,0,1,0,0,0,0,0,1
0,8,37,2,0,1,10,0,3,0,22,21,3,0,0,1,1,3,0,18,0,0,1,14,1,0,1,1,0,1
0,0,3,0,0,0,0,0,0,0,0,1,0,0,0,0,0,0,0,1,0,0,0,0,0,0,0,0,0,1
0,0,5,3,0,0,1,0,1,0,3,34,6,0,0,1,1,0,0,3,0,0,5,8,0,0,1,3,4,0
0,0,3,3,0,0,0,0,0,0,0,8,2,0,0,1,1,1,0,3,0,0,0,6,0,0,0,0,0,0
0,0,7,4,0,0,1,0,1,0,3,35,6,0,0,1,1,1,0,2,0,1,6,9,1,0,1,4,5,0
0,0,4,0,0,0,0,0,0,0,0,1,0,0,0,0,0,1,0,0,0,0,0,3,0,0,0,0,0,1
2,3,54,8,2,4,0,2,7,0,11,20,4,0,0,0,8,4,0,0,0,0,6,28,2,0,0,4,2,1
0,1,23,3,0,0,1,0,3,0,2,52,4,1,1,0,4,0,0,0,0,2,0,4,0,0,0,3,1,1
1,0,3,0,0,0,0,0,0,0,1,2,0,0,0,1,0,0,0,0,0,0,0,1,0,0,0,0,0,1
0,0,16,3,0,0,0,0,0,0,10,45,2,0,0,0,0,7,0,2,0,0,15,6,2,0,3,2,4,0
0,6,46,6,0,0,0,2,0,0,10,20,1,0,0,1,2,9,0,0,0,0,3,15,1,0,1,2,2,0
0,0,2,0,0,0,0,0,0,0,4,6,2,0,0,0,0,5,0,0,0,0,0,5,0,0,0,0,0,0
0,1,17,0,0,0,0,0,0,0,0,3,0,0,0,1,0,0,0,0,0,0,0,3,0,0,0,0,0,0
0,0,2,0,0,0,0,0,0,0,0,0,0,0,0,0,0,0,0,0,0,0,0,0,0,0,0,0,1,1
0,1,5,0,0,1,2,1,0,0,2,1,1,0,0,1,1,0,0,2,0,0,0,3,0,0,0,2,1,1
3,0,14,4,0,2,0,0,3,0,16,20,2,0,0,5,2,0,0,10,0,1,3,4,1,0,0,9,5,0
0,0,1,0,0,0,0,0,0,0,2,0,1,0,0,0,0,0,0,0,0,0,0,0,0,0,1,0,0,1
0,4,15,0,0,0,0,0,0,0,3,4,2,0,0,0,0,2,0,1,0,1,0,2,0,0,0,1,0,0
0,1,17,0,0,0,0,0,0,0,0,3,1,0,0,1,0,0,0,0,0,0,0,3,0,0,0,0,0,0
0,2,19,3,1,0,10,0,1,0,5,9,1,0,0,2,0,1,0,0,0,3,0,3,0,0,0,1,0,1
0,0,7,0,0,0,0,0,0,0,1,1,0,0,0,0,0,0,0,0,0,0,0,0,0,0,0,0,0,1
0,0,20,2,0,0,0,0,0,0,1,4,1,0,0,0,3,1,0,0,0,1,0,4,0,0,1,1,0,0
0,0,1,1,0,0,0,0,0,0,0,1,1,0,0,0,0,0,0,0,0,0,0,0,0,0,0,1,0,1
1,0,5,4,0,0,0,0,0,0,0,2,5,0,0,0,0,1,0,0,0,0,1,3,0,0,0,5,0,0
0,0,0,0,0,0,0,0,0,0,1,3,0,0,0,0,0,0,0,0,0,0,1,0,0,0,1,0,0,1
0,0,11,7,0,0,0,1,0,0,5,17,2,0,0,0,1,2,0,2,0,2,3,5,0,0,0,7,2,0
0,0,2,0,0,0,0,0,0,0,1,1,2,0,0,0,1,0,0,0,0,0,0,1,0,0,0,1,0,1
0,0,22,1,0,1,1,0,0,0,0,7,0,0,0,0,1,0,0,0,0,0,0,6,0,0,0,0,0,0
0,0,24,0,0,0,1,0,0,0,13,34,0,0,0,0,1,4,0,1,1,0,4,12,1,0,0,0,0,0
0,1,18,4,0,1,0,0,0,0,4,6,3,0,0,0,1,1,0,1,0,1,0,1,0,0,0,1,0,0
0,5,19,2,0,0,3,0,0,0,20,9,11,0,0,0,0,3,0,2,0,0,0,11,2,0,1,11,0,1
0,1,20,0,0,0,4,0,0,0,3,7,2,0,0,0,0,0,0,0,0,1,1,7,1,0,1,0,0,1
0,2,33,8,3,0,1,2,0,0,9,32,2,0,0,0,1,1,0,0,0,1,3,10,0,0,0,6,1,0
0,4,31,13,2,0,0,6,0,0,19,54,10,0,0,3,0,5,0,4,1,1,8,28,5,0,0,15,2,0
0,1,1,0,0,1,0,1,0,0,0,0,0,0,0,0,1,0,0,0,0,0,3,3,0,0,0,0,0,1
0,1,11,0,0,0,2,0,0,1,0,2,1,0,0,0,0,0,0,0,0,0,0,0,0,0,0,0,0,1
0,1,3,0,0,1,0,1,0,0,1,3,2,0,0,0,0,1,0,2,0,0,0,1,0,0,0,0,0,1
0,0,8,2,2,2,1,0,0,0,7,22,6,0,0,0,4,2,0,0,3,0,0,0,0,0,0,2,1,1
0,0,6,1,1,1,1,0,0,0,4,12,3,0,0,0,2,0,0,0,2,0,0,0,0,0,0,1,1,1
0,1,17,2,1,1,2,0,0,1,5,12,7,0,0,0,0,0,0,2,2,0,0,3,0,0,0,2,0,1
0,0,1,0,0,0,0,0,1,0,0,0,0,0,0,0,0,0,0,0,0,0,0,0,0,0,0,0,0,1
1,16,142,19,3,8,1,2,3,0,17,54,18,1,0,4,11,7,0,2,0,2,7,40,1,0,2,16,2,0
2,6,8,12,0,10,0,2,0,0,3,10,11,0,0,1,7,4,0,4,0,2,1,2,0,0,0,12,3,1
0,1,16,1,1,1,2,0,0,1,4,12,7,0,0,0,0,0,0,2,2,0,0,2,0,0,0,1,0,1
0,3,7,0,0,0,0,0,0,0,0,14,0,0,0,0,1,0,0,0,0,0,0,7,0,0,0,0,0,1
0,0,1,1,0,0,0,0,0,0,0,2,0,0,0,0,0,1,0,0,1,1,0,1,0,0,0,2,0,1
0,0,9,1,0,0,0,0,1,0,0,1,1,0,0,0,0,1,0,0,1,0,1,3,0,0,0,2,0,1
0,1,4,1,0,0,0,0,0,0,8,0,0,0,0,0,0,0,0,0,0,0,0,1,0,0,0,2,0,1
0,0,0,0,0,3,1,0,1,0,1,4,0,0,0,0,3,1,0,4,0,0,0,4,0,0,0,1,0,1
1,0,3,0,0,0,0,0,0,0,1,2,0,0,0,1,0,0,0,0,0,0,0,1,0,0,0,0,0,1
0,3,6,3,1,7,0,1,1,0,6,1,5,1,0,2,7,0,0,0,0,0,3,3,0,0,0,6,2,1
0,45,25,33,3,8,8,1,0,8,6,11,3,0,0,0,6,28,0,0,0,1,2,5,0,0,1,2,1,1
6,16,47,2,0,1,2,4,0,0,7,7,1,0,0,1,11,0,0,4,0,0,1,17,0,0,0,0,1,1
0,0,0,0,0,0,0,0,0,0,0,0,0,0,0,0,0,0,0,0,0,0,0,0,0,0,0,0,0,1
1,0,1,3,0,0,2,1,1,0,10,8,6,0,0,0,0,0,0,1,0,0,3,15,0,0,1,4,0,1
0,0,4,10,0,0,0,1,0,0,4,15,11,0,0,0,0,2,0,0,0,0,2,2,0,0,0,8,0,1
0,0,1,11,0,0,0,0,0,0,2,6,9,0,0,0,1,1,0,0,1,0,1,4,1,0,1,10,0,1
0,1,3,19,0,0,1,0,0,0,2,11,21,0,0,0,0,2,0,0,1,0,1,8,0,0,0,20,0,1
0,0,4,8,0,0,0,0,0,0,0,4,7,0,0,0,0,0,0,0,0,0,0,0,1,0,0,9,0,1
0,1,8,19,0,0,0,1,1,0,3,7,21,0,0,2,0,0,0,0,0,0,0,4,1,0,0,9,0,1
0,0,8,16,0,0,0,1,0,0,0,4,21,0,0,1,0,0,0,0,0,0,0,2,1,0,0,18,0,1
4,1,37,76,0,0,0,0,0,0,8,45,80,0,0,5,5,1,0,1,2,1,9,15,4,0,0,69,4,1
0,0,11,30,1,2,1,1,1,0,2,24,25,0,0,1,3,1,0,1,2,2,0,19,1,0,2,15,2,1
0,0,6,14,0,0,0,0,0,0,1,17,18,0,0,1,0,0,0,0,1,0,2,6,1,0,1,17,0,1
0,0,6,11,0,0,0,0,0,0,1,7,13,0,0,0,0,0,0,0,1,0,0,5,0,0,0,10,0,1
4,0,12,22,1,6,1,2,1,0,16,48,15,0,0,1,8,0,0,7,0,0,12,16,3,0,0,15,1,1
0,0,1,0,0,0,0,0,0,0,1,13,0,0,0,0,0,1,0,0,0,0,2,1,1,0,1,0,1,0
0,0,4,7,0,0,0,0,0,0,4,8,3,0,0,0,0,2,0,0,0,0,8,8,1,0,3,6,3,0
1,1,7,10,0,0,0,0,0,0,12,25,3,0,0,0,1,2,0,0,0,0,3,5,4,0,3,9,3,0
0,2,5,0,0,0,1,0,1,0,0,2,1,0,0,0,0,0,0,0,0,0,0,0,0,0,0,1,0,1
0,0,1,0,0,0,0,0,0,0,1,0,0,0,0,0,0,0,0,0,0,0,0,1,0,0,0,0,0,1
0,1,5,0,0,0,3,0,1,0,1,1,0,0,0,0,0,0,0,3,0,0,0,2,0,0,0,0,0,1
0,1,10,0,0,0,1,0,0,0,5,7,2,0,0,0,0,2,0,1,0,0,0,6,1,0,1,0,0,1
0,2,9,0,0,1,2,0,1,0,3,4,16,0,0,0,3,1,0,2,0,0,0,5,0,0,0,2,0,1
0,1,20,45,1,1,1,1,1,0,2,20,21,2,0,0,6,3,1,0,3,3,10,4,9,0,3,27,3,1
1,5,29,29,1,2,0,0,0,0,4,14,40,0,0,0,5,2,0,0,0,1,5,10,3,0,0,29,3,1
1,14,18,11,1,2,0,1,5,0,4,29,6,0,0,6,10,8,0,1,12,0,6,18,1,0,2,9,3,1
0,1,7,2,0,0,2,0,0,0,0,5,1,0,0,1,2,0,0,0,0,0,3,1,1,0,0,1,0,1
0,0,13,6,0,0,0,1,0,0,5,5,2,0,0,0,2,0,0,2,1,0,0,4,1,0,1,6,0,1
0,0,44,13,0,2,0,1,0,0,1,24,21,0,0,0,2,0,0,0,0,1,7,12,0,0,0,24,1,1
0,4,50,53,2,13,0,2,0,0,7,40,67,1,0,3,10,4,0,3,0,0,7,12,0,0,3,61,1,1
0,3,4,9,0,1,0,0,0,0,2,0,4,0,0,0,0,1,0,0,0,0,0,2,0,0,0,5,0,1
0,2,3,0,0,0,0,0,0,0,0,4,0,0,0,0,0,0,0,0,0,0,0,0,0,0,0,0,0,1
0,1,10,0,0,0,0,0,0,0,0,3,0,0,0,0,0,0,0,1,0,0,1,2,0,0,0,0,0,1
0,0,2,0,0,1,0,0,0,0,1,0,0,0,0,0,1,0,0,0,0,0,0,0,0,0,0,0,0,1
0,1,0,1,0,0,0,0,0,0,0,0,1,0,0,0,0,1,0,0,0,0,0,1,0,0,0,1,0,1
0,1,0,0,0,0,1,0,0,0,0,3,0,0,0,1,0,1,0,0,0,0,0,1,0,0,0,0,0,1
0,1,1,1,0,0,1,0,0,0,0,0,1,0,0,0,0,0,0,0,0,0,0,0,0,0,0,1,0,1
0,0,0,0,0,0,0,0,0,0,2,1,0,0,0,0,0,0,0,1,0,0,0,0,0,0,0,0,0,1
0,0,0,0,0,0,0,0,0,0,1,0,0,0,0,0,0,0,0,0,0,0,0,0,0,0,0,0,0,1
0,0,0,0,0,0,0,0,0,0,1,0,0,0,0,0,0,1,0,0,0,0,0,0,0,0,0,0,0,1
0,0,1,0,0,0,1,0,0,0,3,2,0,0,0,0,0,1,0,0,0,0,0,0,1,0,0,0,0,1
0,0,3,0,0,0,0,0,0,0,1,0,0,0,0,0,0,0,0,0,0,0,0,0,0,0,0,0,0,1
2,52,41,16,2,5,19,3,0,0,34,8,4,11,0,0,5,4,0,7,0,0,0,13,1,0,0,2,0,1
0,0,2,0,0,0,0,0,0,0,0,1,0,0,0,0,0,0,0,0,0,0,0,2,0,0,0,0,0,1
0,5,1,1,0,11,1,0,2,0,3,8,1,0,0,1,9,4,0,0,0,0,2,1,1,0,0,1,0,1
0,1,2,0,0,0,0,0,0,0,3,2,0,0,0,0,0,1,0,0,0,0,0,1,1,0,0,1,1,1
0,0,0,0,0,0,0,0,0,0,0,0,1,0,0,0,0,0,0,0,0,0,0,1,0,0,0,0,0,1
0,0,6,4,0,0,0,0,0,0,0,12,2,1,0,0,0,0,0,1,0,1,0,5,0,0,0,5,0,1
1,5,9,1,0,0,0,0,0,0,5,6,0,0,0,0,1,0,0,0,0,1,0,7,0,0,0,0,0,1
0,0,1,1,0,0,0,0,1,0,0,0,0,0,0,0,0,0,0,0,0,0,0,0,0,0,0,0,0,1
0,1,2,4,0,0,0,0,0,0,1,1,0,0,0,0,2,1,0,0,0,0,1,1,1,0,0,0,2,1
0,0,0,0,0,0,0,0,0,0,0,0,1,0,0,0,0,0,0,0,0,0,0,1,0,0,0,0,0,1
0,1,10,0,0,0,0,0,0,0,2,15,1,0,0,1,2,0,0,4,0,2,2,4,1,0,0,1,1,1
0,0,4,0,0,0,1,0,0,0,2,1,0,0,0,0,0,0,0,1,0,0,0,3,0,0,0,0,0,1
0,17,48,8,0,3,5,2,1,0,7,10,1,0,0,1,5,4,0,6,0,1,8,25,1,0,0,3,1,1
1,16,25,2,4,1,2,0,3,0,7,7,1,0,0,0,4,6,0,2,0,0,0,10,0,0,0,1,1,1
0,0,0,0,0,0,0,0,0,0,0,0,0,0,0,0,0,0,0,0,0,0,0,0,0,0,0,0,0,1
0,1,6,3,0,0,0,0,0,0,0,2,0,0,0,0,1,0,0,0,0,0,0,0,0,0,0,0,0,1
0,13,15,12,1,0,0,0,3,0,9,12,1,0,0,0,2,0,0,2,0,0,0,3,0,0,0,4,1,1
2,4,38,50,1,1,0,2,1,0,18,66,54,0,1,2,7,1,0,1,4,3,4,32,3,0,1,49,5,1
0,4,10,16,0,1,4,1,3,0,13,19,15,0,0,1,2,3,0,2,0,1,7,9,2,0,0,18,0,1
0,0,1,0,0,0,0,0,0,0,0,0,0,0,0,0,0,0,0,0,0,0,0,0,0,0,0,0,0,1
0,0,0,0,0,0,0,0,0,0,0,0,0,0,0,0,0,0,0,0,0,0,0,1,0,0,0,0,0,1
0,0,1,0,0,0,0,0,0,0,0,1,0,0,0,0,0,0,0,0,0,0,0,0,0,0,0,0,0,1
0,0,1,0,0,0,0,0,1,0,1,0,0,0,0,0,0,0,0,0,0,0,0,1,1,0,0,0,0,1
0,0,0,0,0,0,0,0,0,0,1,0,0,0,0,0,0,0,0,1,0,0,0,0,0,0,0,0,0,1
0,0,5,0,0,0,0,0,0,0,4,12,0,0,0,0,0,0,0,3,0,0,0,1,0,0,0,0,0,0
0,3,17,0,0,0,0,0,0,0,2,1,0,0,0,0,0,1,0,0,0,0,0,7,0,0,0,0,0,0
0,1,11,0,0,0,1,0,0,0,0,14,0,0,0,0,0,0,0,1,0,0,1,10,0,0,0,0,0,0
0,0,1,1,0,0,0,1,0,0,2,12,0,0,0,0,0,0,0,1,0,0,0,2,0,0,0,0,0,0
0,0,0,0,0,0,0,2,0,0,3,15,0,0,0,0,0,0,0,1,0,1,2,2,0,0,0,0,0,0
0,0,3,1,1,0,0,0,1,0,2,0,0,0,0,0,1,0,0,0,0,0,0,1,0,0,0,0,0,0
0,1,3,0,1,0,0,0,1,0,1,5,0,0,0,0,0,0,0,6,0,0,0,0,1,0,0,0,0,0
1,0,7,28,0,3,1,3,0,0,9,7,26,0,0,0,5,0,0,1,1,0,0,8,0,0,0,24,0,1
1,29,66,10,0,1,3,3,2,0,27,34,7,0,0,0,13,10,0,4,0,0,1,21,3,0,1,5,3,1
0,0,2,0,0,0,0,0,0,0,0,1,0,0,0,0,0,0,0,0,0,0,0,1,0,0,0,0,0,0
0,0,3,0,0,0,0,0,0,0,1,1,0,0,0,0,0,0,0,0,0,0,0,1,0,0,0,0,0,0
0,0,0,0,0,0,0,0,0,0,2,3,0,0,0,0,0,1,0,0,0,0,0,1,0,0,0,0,0,0
0,0,0,0,0,0,0,0,0,0,0,0,0,0,0,0,0,0,0,0,0,0,0,0,0,0,0,0,0,0
0,0,1,0,0,0,0,0,0,0,0,6,0,0,0,0,0,0,0,0,0,0,0,1,0,0,0,0,0,0
0,0,0,0,0,0,0,0,0,0,0,2,0,0,0,0,0,0,0,0,0,0,0,0,0,0,0,0,0,0
0,0,0,0,0,0,0,0,0,0,0,0,0,0,0,0,0,0,0,0,0,0,0,0,0,0,0,0,0,0
0,0,1,0,0,0,0,0,0,0,0,1,0,0,0,0,0,0,0,0,0,0,0,0,0,0,0,0,0,0
0,0,4,7,0,0,0,0,0,0,2,1,14,0,0,0,3,1,0,0,0,0,0,1,0,0,0,12,0,1
0,0,4,7,0,0,0,0,0,0,2,1,14,0,0,0,3,1,0,0,0,0,0,1,0,0,0,12,0,1
0,0,2,1,0,0,0,0,0,0,2,0,5,0,0,0,1,0,0,0,0,0,0,0,0,0,0,3,0,1
0,0,1,1,0,0,0,0,0,0,1,0,2,0,0,0,0,0,0,0,0,0,0,0,0,0,0,2,0,1
0,0,3,1,0,0,0,0,0,0,0,1,2,0,0,0,0,0,0,0,0,0,1,2,0,0,0,1,0,1
0,0,3,0,0,0,0,0,0,0,0,2,0,0,0,0,0,0,0,0,0,0,0,0,0,0,0,0,0,1
0,0,1,0,0,0,0,0,0,0,0,0,0,0,0,0,0,0,0,0,0,0,0,0,0,0,0,0,0,1
0,0,0,0,0,0,0,0,0,0,0,0,0,0,0,0,0,0,0,0,0,0,0,1,0,0,0,0,0,1
0,0,0,0,0,0,0,0,0,0,1,0,0,0,0,0,0,0,0,0,0,0,0,0,0,0,0,0,0,1
0,0,0,0,0,0,0,0,0,0,0,0,0,0,0,0,0,0,0,0,0,0,0,1,0,0,0,0,0,1
0,0,0,0,0,0,0,0,0,0,0,0,0,0,0,0,0,0,0,0,0,0,0,0,0,0,0,0,0,1
0,1,0,0,0,0,0,0,0,0,1,0,0,0,0,0,0,1,0,0,0,0,0,0,0,0,0,0,0,1
0,0,2,0,0,1,1,0,0,0,0,0,0,0,0,0,2,0,0,0,0,0,0,0,0,0,0,0,0,1
0,0,1,1,0,0,0,0,0,0,1,0,0,0,0,0,0,0,0,0,0,0,0,0,0,0,0,0,0,1
0,0,0,0,0,0,0,0,0,0,0,0,0,0,0,0,0,0,0,0,0,0,0,0,0,0,0,0,0,1
0,0,0,0,0,0,0,0,0,0,1,1,0,0,0,0,0,1,0,0,0,0,0,0,0,0,0,1,0,1
0,0,1,1,0,0,0,0,0,0,1,0,2,0,0,0,0,0,0,1,0,0,0,0,0,0,0,1,0,1
0,1,12,0,0,0,0,0,0,0,8,6,0,0,0,0,2,1,0,1,0,0,0,1,1,0,0,1,0,1
0,0,1,0,0,0,0,0,0,0,0,4,0,0,0,0,1,0,0,0,0,0,0,0,0,0,0,0,0,1
0,2,16,2,1,0,3,0,0,0,3,11,0,0,0,1,0,1,0,0,0,0,1,10,1,0,0,2,1,1
0,0,1,0,0,0,0,0,0,0,0,0,0,0,0,0,0,0,0,0,0,0,0,0,0,0,0,0,0,1
2,9,33,5,0,0,7,0,1,0,3,27,4,0,0,1,2,1,0,2,0,1,1,8,1,0,0,4,1,1
0,4,25,2,1,0,2,1,1,0,12,27,4,0,0,1,3,1,1,3,2,0,3,14,0,0,0,3,3,1
1,30,21,21,0,10,8,1,1,0,15,11,1,0,0,3,11,17,1,2,0,2,2,11,1,0,1,11,4,1
0,3,14,0,4,0,1,0,0,0,2,18,1,0,0,0,0,0,0,3,0,0,0,15,2,0,0,1,0,1
0,1,6,1,0,0,1,0,1,0,5,12,0,0,0,0,0,0,0,0,0,0,0,1,1,0,1,0,0,1
0,0,10,7,0,0,0,0,0,0,2,8,2,0,0,0,2,0,0,0,0,0,1,6,1,0,0,3,0,1
0,4,31,0,1,0,0,1,0,0,1,4,1,0,0,0,1,1,0,0,0,0,0,11,0,0,0,2,0,1
1,3,7,2,1,0,6,1,0,0,8,7,4,0,0,1,1,2,0,0,0,0,0,4,0,0,0,1,0,1
1,12,26,5,1,0,0,1,1,1,7,2,0,0,0,0,0,0,0,1,0,0,1,10,0,0,0,2,0,0
14,64,101,14,3,7,19,6,2,0,45,21,3,1,0,0,11,1,0,19,2,0,0,45,1,0,1,0,1,0
0,1,19,0,0,0,4,0,0,0,2,5,2,0,0,0,0,0,0,0,0,1,1,7,1,0,1,2,0,1
0,0,8,0,0,0,0,0,0,0,2,0,0,0,0,1,0,1,0,1,0,0,1,3,0,0,0,0,0,0
0,4,12,1,0,2,0,0,2,0,4,2,0,0,0,1,2,0,0,1,0,0,0,3,0,0,0,1,0,1
0,0,18,39,1,4,0,2,1,0,10,25,29,1,0,2,3,6,0,1,0,0,2,19,1,0,0,28,0,1
2,5,26,0,0,0,0,1,4,0,1,11,0,0,0,0,5,0,0,0,0,0,1,7,0,0,0,0,0,1
0,2,20,17,0,4,0,1,1,0,7,12,38,0,0,0,7,2,0,0,0,0,1,12,1,0,0,37,0,1
0,0,1,1,0,0,0,0,1,0,0,0,1,0,0,0,1,0,0,0,0,0,0,0,0,0,0,1,0,1
0,0,6,0,0,0,0,0,0,0,1,0,1,0,0,0,0,0,0,0,0,0,0,0,0,0,0,1,1,1
0,9,20,3,0,0,7,0,0,0,5,7,0,0,0,0,0,1,0,6,0,0,0,5,0,0,0,2,0,1
1,2,21,1,0,0,4,0,0,0,2,4,0,0,0,0,0,0,0,5,0,0,0,6,0,0,0,0,0,1
1,0,3,2,0,0,0,0,0,0,1,0,2,0,0,0,1,0,0,0,0,0,0,0,0,0,0,2,0,1
1,6,16,0,0,1,2,0,1,0,1,1,1,0,0,1,4,1,0,3,0,0,0,4,0,0,0,0,0,1
0,1,7,24,0,0,0,1,0,0,7,11,21,0,0,0,0,1,0,1,0,0,0,8,1,0,1,19,1,1
2,11,34,2,0,1,3,3,1,0,7,2,0,1,0,0,4,1,0,2,0,0,0,6,0,0,0,1,1,1
3,15,58,5,0,2,0,2,10,0,7,55,1,1,0,0,20,0,0,0,0,0,0,24,0,0,0,0,0,1
1,3,18,18,0,0,0,0,2,0,7,8,7,1,0,0,0,1,0,0,0,0,1,9,3,0,0,6,1,1
0,0,9,4,1,0,0,0,1,0,1,0,0,0,0,1,0,1,0,1,0,0,0,5,0,0,0,1,0,1
0,2,7,1,0,0,0,0,0,0,1,4,2,0,0,0,0,3,0,0,0,0,0,2,0,0,0,0,0,1
1,1,24,118,0,20,1,4,0,0,48,31,70,6,0,2,17,3,0,21,0,3,10,17,0,0,1,77,9,1
1,5,17,14,1,2,2,2,0,0,8,6,0,0,0,2,3,3,0,5,0,0,1,5,0,0,0,0,1,1
0,1,18,0,0,4,0,0,1,0,6,5,0,0,0,0,3,0,0,5,0,0,0,3,1,0,0,0,0,1
1,1,22,0,1,2,1,1,1,0,1,23,1,0,0,0,3,2,0,0,0,0,4,10,0,0,1,0,0,1
0,1,22,1,0,0,0,0,1,0,4,3,1,0,0,0,1,2,0,1,0,1,0,3,0,0,0,2,0,1
2,2,19,1,0,0,2,0,0,0,4,5,0,0,0,0,0,1,0,1,0,1,0,8,0,0,0,1,1,1
0,0,6,3,0,0,0,0,0,0,4,1,1,0,0,0,1,0,0,0,0,0,0,2,0,0,0,2,1,1
0,0,0,0,0,0,0,0,0,0,0,2,1,0,0,0,0,0,0,0,0,0,0,0,0,0,0,1,0,1
0,0,5,0,0,0,0,0,3,0,2,2,0,0,0,1,3,0,0,0,0,0,0,3,0,0,1,1,0,1
0,0,2,0,0,0,0,0,0,0,0,0,0,0,0,0,0,0,0,0,0,0,0,0,0,0,0,0,0,1
0,0,20,0,0,0,0,0,2,0,1,1,0,0,0,0,2,0,0,0,0,0,0,7,0,0,0,0,0,1
0,0,11,0,0,0,0,0,1,0,2,3,0,0,0,0,1,0,0,1,0,0,0,3,0,0,0,0,0,1
0,2,21,0,0,0,1,0,5,0,3,13,1,0,0,2,10,1,0,0,0,0,1,7,1,0,0,1,0,0
0,0,6,0,0,0,0,0,4,0,4,3,0,0,0,0,4,0,0,0,0,0,0,2,0,0,0,0,1,1
0,0,4,0,0,0,1,0,2,0,2,1,0,0,0,0,1,0,0,0,0,0,0,1,0,0,0,1,0,1
0,0,18,0,0,0,0,0,2,0,0,1,0,0,0,0,2,0,0,0,0,0,0,8,0,0,0,0,0,1
4,2,9,0,0,0,0,0,1,0,1,6,0,0,0,0,2,0,0,0,0,1,0,3,0,0,0,0,0,1
1,0,3,0,0,0,0,0,0,0,1,3,1,1,0,0,0,0,0,0,0,0,0,1,0,0,0,0,0,1
0,0,4,1,0,0,0,0,0,0,0,4,0,0,0,0,0,0,0,0,0,0,0,2,0,0,0,2,0,1
0,0,5,3,0,0,0,0,0,0,0,12,2,1,0,0,0,0,0,1,0,1,0,5,0,0,0,4,0,1
0,0,0,0,0,0,0,0,0,0,0,2,1,0,0,0,0,0,0,0,0,0,0,0,0,0,0,1,0,1
0,2,10,2,2,0,1,0,2,0,2,3,1,0,0,0,0,0,0,0,0,1,0,2,0,0,0,0,0,1
0,0,9,3,0,0,0,0,1,0,3,4,3,0,0,0,0,0,0,0,1,0,0,1,3,0,0,2,0,1
1,0,7,13,0,0,0,0,1,0,1,2,12,0,0,1,0,1,0,0,0,0,0,6,1,0,0,14,0,1
0,0,13,9,0,0,0,0,1,0,3,3,8,0,0,0,1,0,0,0,0,0,1,2,0,0,0,8,0,1
0,0,1,0,0,0,0,0,0,0,0,0,0,0,0,0,0,0,0,0,0,0,0,1,0,0,0,0,0,1
3,11,38,7,1,0,2,0,0,0,8,4,0,4,0,0,1,3,0,3,0,0,0,7,0,0,1,0,0,0
0,0,1,4,0,0,0,0,0,0,0,6,0,0,0,0,0,0,0,0,0,0,3,0,0,0,0,0,0,1
2,1,31,4,0,2,0,0,0,0,13,34,4,0,0,2,2,6,0,4,0,3,12,7,1,0,1,3,3,0
0,1,12,4,0,0,0,0,1,0,1,10,2,1,0,0,1,1,0,1,0,0,1,3,0,0,1,1,0,0
0,0,1,0,0,0,0,0,0,0,1,0,1,0,0,0,0,0,0,0,0,0,0,0,0,0,0,1,0,1
0,0,2,3,0,0,0,0,0,0,0,3,0,0,0,0,0,0,0,0,0,0,1,0,1,0,0,1,0,1
0,4,25,23,0,0,0,0,0,0,0,10,18,3,0,1,0,0,0,1,1,3,13,5,3,0,1,15,0,0
0,0,2,0,0,0,0,0,0,0,0,2,0,0,0,0,0,0,0,0,0,0,0,0,2,0,0,0,0,0
0,0,0,1,0,0,0,0,0,0,1,1,0,0,0,0,0,1,0,0,0,0,0,0,1,0,0,1,0,0
0,0,2,0,0,0,0,0,0,0,0,0,0,0,0,0,0,0,0,0,0,0,0,1,0,0,0,0,0,0
0,1,2,0,0,0,0,0,0,0,2,0,1,0,0,0,0,0,0,2,0,0,0,3,0,0,0,0,0,0
0,0,0,2,0,0,0,0,0,0,0,0,2,0,0,0,0,1,0,0,0,0,2,0,2,0,0,2,0,0
0,0,3,1,0,0,0,0,0,0,0,1,1,0,0,0,0,0,0,0,0,0,0,8,0,0,0,1,0,0
0,0,0,2,0,0,0,0,0,0,1,1,1,0,0,0,1,0,0,0,0,0,1,0,0,0,0,2,1,0
0,0,2,0,0,0,2,0,0,0,0,2,0,0,0,0,0,0,0,0,0,0,0,0,0,0,0,0,0,0
0,0,0,0,0,0,0,0,0,0,1,0,0,0,0,0,0,0,0,0,0,0,0,0,0,0,0,0,0,0
0,0,1,0,0,0,0,0,0,0,0,2,0,0,0,0,0,0,0,0,0,0,0,0,0,0,0,0,0,0
0,1,12,0,0,0,0,0,0,0,0,9,0,0,0,0,0,1,0,0,0,0,1,6,0,0,0,0,0,0
0,0,6,1,0,1,0,2,1,0,0,10,0,0,0,0,1,1,0,0,0,0,0,8,0,0,0,0,1,0
0,0,7,0,0,0,0,0,1,0,0,7,0,0,0,0,0,0,0,0,0,0,0,5,0,0,0,0,0,0
0,0,1,0,0,0,0,0,1,0,1,3,0,0,0,0,2,0,0,0,0,0,0,1,0,0,0,0,0,0
0,0,4,0,0,0,0,0,0,0,2,2,1,0,0,0,0,0,0,0,0,0,0,2,0,0,0,0,0,0
0,1,7,2,0,0,0,1,0,0,0,3,0,0,0,0,0,0,0,0,0,0,0,4,0,0,0,0,0,0
0,0,6,2,0,0,1,0,0,0,0,4,0,0,0,0,0,0,0,0,0,0,0,1,0,0,0,0,0,0
0,0,8,1,0,0,0,0,0,0,5,10,1,0,0,0,0,2,0,0,0,0,1,10,1,0,0,0,0,0
0,0,37,5,1,2,1,0,0,0,9,8,3,0,0,1,3,10,0,0,0,2,3,14,1,0,1,1,0,0
0,0,8,1,0,0,0,0,0,0,4,11,2,0,0,1,0,0,0,0,0,0,0,5,0,0,0,0,0,0
0,1,28,2,1,0,0,0,0,0,12,28,6,0,0,0,0,2,0,2,0,0,2,15,1,0,0,0,0,0
0,2,4,7,0,0,2,0,1,0,1,9,3,1,0,1,1,1,0,1,0,0,1,0,0,0,0,6,1,0
0,2,16,38,0,1,0,0,5,0,4,24,30,1,0,1,5,0,0,1,1,0,4,11,3,0,5,29,7,0
1,1,7,10,0,0,0,0,0,0,11,25,3,0,0,0,1,2,0,0,0,0,3,5,4,0,3,9,3,0
0,3,2,20,0,0,1,0,0,0,2,3,6,0,0,0,0,6,0,0,0,0,2,2,1,0,0,15,1,0
1,0,5,9,0,1,1,0,0,0,10,24,6,0,0,1,2,2,0,0,0,1,4,4,3,0,1,8,1,0
0,0,3,0,0,0,0,0,0,0,3,6,1,0,0,0,0,3,0,2,0,0,0,3,0,0,0,0,0,0
0,2,6,2,0,0,0,0,0,0,3,2,2,0,0,0,0,1,0,0,0,0,0,0,0,0,0,0,0,0
0,0,4,0,0,0,0,0,0,0,2,2,0,0,0,0,0,0,0,0,0,0,0,3,0,0,0,0,0,0
0,0,2,1,0,0,0,0,0,0,0,1,0,0,0,0,0,0,0,0,0,0,0,0,0,0,0,0,0,0
0,0,0,0,1,0,0,0,0,0,0,0,0,0,0,0,0,0,0,0,0,0,0,0,2,0,0,0,0,0
0,0,0,2,0,0,0,0,0,0,1,1,3,0,0,0,0,0,0,0,0,0,0,0,1,0,0,2,0,0
0,0,1,0,0,0,0,0,0,0,0,5,0,0,0,0,0,0,0,0,0,0,0,1,0,0,0,0,0,0
0,1,1,0,0,0,1,0,0,0,0,2,0,0,0,0,0,0,0,0,0,0,0,1,1,0,0,0,0,0
0,0,0,0,0,1,0,0,0,0,1,1,0,0,0,0,0,0,0,0,0,0,0,1,0,0,0,0,0,0
0,0,1,1,0,0,0,0,0,0,0,0,0,0,0,0,0,0,0,0,0,0,0,0,0,0,0,0,0,0
1,1,1,0,0,0,0,0,0,0,0,1,0,0,0,0,0,0,0,0,0,0,0,1,0,0,0,1,0,0
0,0,12,7,0,3,0,2,2,0,5,9,1,1,0,0,4,1,0,0,0,0,1,3,3,0,1,3,2,0
0,0,1,0,0,0,0,0,0,0,0,1,0,0,0,0,0,0,0,0,0,0,0,0,0,0,0,0,0,0
0,1,4,0,0,0,0,0,0,0,0,1,0,0,0,0,0,2,0,0,0,0,6,2,1,0,0,0,0,0
0,2,4,3,0,1,0,2,0,0,3,13,2,0,0,0,1,1,0,1,0,1,6,2,0,0,0,2,1,0
0,0,11,0,0,0,0,0,0,0,1,1,0,0,0,0,0,0,0,0,0,0,0,3,0,0,0,0,0,0
0,0,3,0,0,3,0,0,0,0,1,9,0,0,0,0,2,2,0,0,0,1,1,0,0,0,0,0,2,0
0,0,5,0,0,0,0,0,0,0,1,2,0,0,0,0,0,0,0,0,0,0,0,2,0,0,0,0,0,0
0,0,1,0,0,0,0,0,0,0,0,1,0,0,0,0,0,0,0,0,0,0,0,1,0,0,0,0,0,0
0,2,11,0,0,0,1,1,0,0,0,1,0,0,0,1,0,0,0,0,0,0,0,3,0,0,0,0,0,0
0,0,2,0,0,0,0,0,0,0,1,1,0,0,0,0,0,0,0,0,0,0,1,1,0,0,0,0,0,0
0,1,8,0,0,0,0,0,0,0,0,1,0,0,0,0,0,0,0,0,0,1,1,0,0,0,1,0,0,0
0,0,2,0,2,0,0,0,0,0,2,4,0,0,0,0,0,0,0,0,0,0,0,2,0,0,0,0,0,0
0,0,4,0,0,0,0,0,0,0,1,5,0,0,0,0,0,1,0,0,0,0,0,0,0,0,0,0,0,0
0,2,7,0,0,0,1,0,0,0,1,0,0,0,0,0,0,2,0,0,0,0,0,0,0,0,0,0,0,0
0,0,2,0,0,0,0,0,0,0,2,2,0,0,0,0,0,1,0,0,0,0,0,1,0,0,0,0,0,0
0,0,1,0,0,0,0,0,0,0,1,2,0,0,0,1,0,1,0,0,0,0,1,3,0,0,0,0,0,0
0,0,2,0,1,1,0,0,0,0,1,2,0,0,0,0,1,1,0,0,0,0,0,1,0,0,0,0,0,0
1,1,5,4,1,0,0,1,0,0,4,2,0,0,0,0,0,0,0,1,0,0,1,2,0,0,0,0,0,0
0,0,2,0,0,0,0,0,0,0,1,4,0,0,0,0,0,0,0,0,0,0,0,0,0,0,0,0,0,0
0,0,1,0,0,0,0,0,0,0,0,2,0,0,0,0,0,1,0,0,0,0,0,1,0,0,0,0,0,0
0,0,0,0,0,0,0,0,0,0,0,1,0,0,0,0,0,0,0,0,0,0,0,0,0,0,0,0,0,0
0,0,3,0,0,0,0,0,0,0,1,1,0,0,0,0,0,0,0,0,0,0,0,0,0,0,0,0,0,0
0,0,0,0,0,0,0,0,0,0,0,2,0,0,0,0,0,0,0,0,0,0,0,0,0,0,0,0,0,0
0,0,0,0,0,0,0,0,0,0,0,5,0,0,0,0,0,0,0,0,0,0,0,0,0,0,0,0,0,0
0,3,7,0,0,0,0,0,0,0,0,3,0,0,0,0,0,0,0,0,0,0,0,2,0,0,0,0,0,0
0,1,6,0,0,0,0,1,0,0,0,3,0,0,0,0,0,0,0,0,0,0,0,3,0,0,0,1,0,0
0,0,0,0,0,0,0,0,0,0,1,3,0,0,0,0,0,0,0,0,0,1,0,0,0,0,0,0,0,0
0,0,0,0,0,0,0,0,0,0,0,0,0,0,0,0,0,0,0,1,0,0,0,1,0,0,0,0,0,0
0,0,1,0,0,0,0,0,0,0,0,1,0,0,0,0,0,0,0,0,0,0,0,1,0,0,0,0,0,0
0,0,0,0,0,0,0,0,0,0,1,2,0,0,0,0,0,1,0,0,0,0,0,0,0,0,0,0,0,0
0,0,2,0,0,0,0,0,0,0,1,0,0,0,0,0,0,1,0,1,0,0,0,0,0,0,0,0,0,0
0,0,0,0,0,0,0,0,0,0,1,0,0,0,0,0,0,1,0,0,0,0,0,1,0,0,0,0,0,0
0,0,0,0,0,0,0,0,0,0,1,4,0,0,0,0,0,0,0,0,0,0,0,4,0,0,0,0,0,0
0,0,0,0,0,0,0,0,0,0,0,1,0,0,0,0,0,0,0,0,0,0,0,1,0,0,0,0,0,0
0,0,1,0,0,0,0,0,0,0,0,2,0,0,0,0,0,1,0,0,0,0,0,1,0,0,0,0,0,0
0,0,5,1,0,0,0,0,0,0,1,0,0,0,0,0,0,0,0,0,0,0,0,3,0,0,0,0,0,0
0,0,2,0,0,0,0,0,0,0,0,0,0,0,0,0,0,0,0,0,0,0,0,0,0,0,0,0,0,0
0,0,0,0,0,0,0,0,0,0,0,1,0,0,0,0,0,0,0,0,0,0,0,0,0,0,0,0,0,0
0,0,1,1,0,0,0,0,0,0,2,7,1,0,0,0,0,3,0,0,0,0,2,3,0,0,0,0,1,0
0,0,0,1,0,0,0,0,0,0,1,5,0,0,0,0,0,0,0,0,0,0,0,1,0,0,0,0,0,0
0,0,0,0,0,0,0,0,0,0,0,1,0,0,0,0,0,0,0,0,0,0,0,0,0,0,0,0,0,0
0,0,1,0,0,0,0,0,0,0,0,1,0,0,0,0,0,0,0,0,0,0,0,0,0,0,0,0,0,0
0,0,0,0,0,0,0,0,0,0,0,0,0,0,0,0,0,0,0,0,0,0,0,0,0,0,0,0,0,0
0,0,0,0,0,0,1,0,0,0,0,0,0,0,0,0,1,0,0,0,0,0,0,5,0,0,0,0,0,0
0,1,4,0,0,0,0,0,0,0,0,1,0,0,0,0,0,0,0,1,0,0,0,1,0,0,0,1,0,0
0,1,1,0,0,0,0,0,0,0,0,2,0,0,0,0,0,0,0,0,0,0,0,0,0,0,0,0,0,0
0,0,2,0,0,0,0,0,0,0,0,1,0,0,0,0,0,0,0,0,0,0,0,0,0,0,0,0,0,0
0,0,1,0,0,0,0,0,0,0,0,4,0,0,0,0,0,0,0,0,0,0,0,0,0,0,0,0,0,0
0,0,1,0,0,0,0,0,0,0,0,2,1,0,0,0,0,0,0,0,0,0,0,0,0,0,0,0,0,0
0,0,2,0,0,0,0,0,0,0,0,0,0,0,0,0,0,0,0,0,0,0,0,0,0,0,0,0,0,0
4,2,0,0,0,0,0,0,0,0,5,4,1,0,0,0,0,2,0,5,0,0,4,6,0,0,0,0,0,0
0,1,3,1,9,2,0,0,0,0,6,0,0,0,0,0,2,0,0,0,0,0,0,3,0,0,0,0,1,0
0,4,22,1,31,5,0,4,0,0,9,11,0,0,0,1,6,0,0,0,0,0,0,7,0,0,0,0,3,0
1,0,1,3,0,0,0,0,1,0,1,1,0,0,0,0,0,0,0,1,0,0,0,2,0,0,0,0,0,0
0,2,8,3,1,0,0,1,0,0,5,4,0,0,0,1,0,2,0,0,0,0,1,3,0,0,0,0,0,0
0,0,6,0,0,0,0,0,0,0,0,2,0,0,0,0,0,0,0,1,0,0,0,4,0,0,0,1,0,0
0,0,5,2,0,0,0,0,0,0,6,8,0,0,0,0,1,1,0,0,0,0,0,7,0,0,0,0,0,0
0,1,6,1,1,1,0,0,1,0,5,7,2,0,0,1,1,1,0,1,0,0,0,1,0,0,0,1,0,0
0,0,2,0,0,0,0,0,0,0,6,10,2,0,0,0,0,1,0,0,0,0,0,2,0,0,1,0,0,0
0,1,13,0,7,1,0,0,0,0,6,8,0,0,0,0,0,0,0,0,0,0,0,13,1,0,1,0,0,1
5,10,42,10,0,1,3,2,0,0,16,10,1,0,0,0,2,4,0,5,0,1,0,20,0,0,0,0,0,0
0,2,17,0,0,0,0,0,0,0,4,14,0,0,0,0,3,5,0,2,0,0,0,4,0,0,0,0,1,0
0,1,8,5,14,0,0,0,2,0,13,5,0,0,0,1,1,4,0,0,0,0,0,9,1,0,0,1,2,0
0,0,3,1,0,0,0,0,0,0,2,4,0,0,0,1,2,0,0,0,0,0,0,1,0,0,0,0,0,0
0,1,8,0,0,0,2,0,0,0,0,9,0,0,0,0,2,2,0,0,0,0,0,1,0,0,0,0,0,0
0,0,1,0,0,1,0,0,0,0,2,1,1,0,0,0,0,0,0,0,0,0,0,0,0,0,0,0,0,0
0,1,0,0,0,0,1,0,0,0,0,0,0,0,0,0,0,0,0,0,0,0,0,0,0,0,0,0,0,0
1,8,52,7,15,4,1,1,1,0,18,48,11,0,0,2,4,2,0,1,0,0,7,28,2,0,2,13,0,0
0,0,6,0,0,0,0,0,0,0,0,19,0,0,0,0,0,0,0,0,0,0,2,2,0,0,0,0,0,0
1,1,13,0,0,0,1,0,1,0,2,2,1,0,0,0,13,1,0,0,0,0,0,4,0,0,1,0,0,0
1,8,26,1,0,0,1,3,1,0,11,10,6,0,0,0,3,0,0,3,0,1,1,12,0,0,0,3,1,0
0,3,54,5,0,0,1,1,2,0,11,21,5,0,0,1,2,5,0,0,0,0,3,20,1,0,3,5,0,0
0,0,4,0,0,0,0,0,0,0,1,1,0,0,0,0,0,0,0,0,0,0,0,2,0,0,0,0,0,0
0,1,1,2,0,0,0,0,0,0,2,2,1,0,0,0,0,3,0,0,0,0,1,2,1,0,0,1,2,0
0,0,0,4,0,0,0,0,0,0,0,1,1,0,0,0,0,0,0,0,0,0,0,0,0,0,0,4,0,0
0,0,9,1,0,0,0,0,0,0,1,0,3,0,0,0,0,2,0,0,0,1,4,2,3,0,1,2,0,0
0,0,1,0,0,0,0,0,0,0,2,1,1,0,0,0,0,0,0,1,0,0,0,1,0,0,0,0,0,0
0,0,4,0,1,0,0,0,0,0,0,2,0,0,0,0,0,3,0,0,0,0,1,2,1,0,0,0,0,0
0,0,0,1,0,0,0,0,0,0,0,3,3,0,0,0,0,0,0,0,0,0,0,0,0,0,0,5,1,0
0,0,2,6,0,0,0,0,0,0,0,3,0,0,0,0,5,0,0,0,0,0,0,0,3,0,0,6,1,0
0,0,8,1,0,0,0,0,0,0,1,0,0,0,0,0,0,3,0,0,1,0,1,1,1,0,0,0,0,0
0,0,2,4,0,0,0,0,0,0,0,0,0,0,0,0,2,1,0,0,0,0,0,0,0,0,0,2,0,0
0,0,0,2,0,0,1,0,0,0,0,0,0,0,0,0,0,1,0,0,0,0,1,0,0,0,0,0,0,0
0,0,1,0,1,0,0,0,0,0,1,0,0,0,0,0,0,0,0,0,0,1,0,0,0,0,0,0,0,0
0,0,8,1,0,0,0,0,0,0,2,1,3,0,0,0,0,2,0,0,0,0,1,2,3,0,0,0,0,0
0,0,1,0,0,0,0,0,0,0,0,1,0,0,0,0,0,0,0,0,0,0,0,0,0,0,0,0,0,0
0,0,1,0,0,0,0,0,0,0,0,0,0,0,0,0,0,0,0,0,0,0,0,1,0,0,0,0,0,0
0,1,5,0,0,0,0,0,0,0,0,2,0,0,0,0,0,0,0,0,0,0,0,0,0,0,0,0,0,0
0,0,5,0,0,0,0,0,0,0,0,4,0,0,0,0,0,1,0,1,0,0,0,2,0,0,0,0,0,0
0,0,0,0,0,0,0,0,0,0,0,3,0,0,0,0,0,0,0,0,0,0,2,2,0,0,0,0,0,0
0,0,3,1,0,2,0,0,0,0,0,2,0,0,0,0,1,0,0,0,0,0,0,1,0,0,0,1,0,0
1,2,2,3,0,1,0,0,0,0,1,2,3,0,0,3,2,0,0,0,0,0,1,1,2,0,0,2,0,0
1,0,0,0,0,0,0,0,0,0,1,1,0,0,0,1,0,0,0,0,0,0,0,0,0,0,0,0,0,0
0,0,0,0,0,0,0,0,0,0,0,2,0,0,0,0,0,0,0,0,0,0,0,0,0,0,0,0,0,0
0,0,1,0,0,0,0,0,0,0,0,2,0,0,0,0,0,0,0,1,0,0,0,0,0,0,0,0,0,0
0,0,2,0,0,0,0,0,0,0,0,1,0,0,0,0,0,0,0,0,0,0,0,0,0,0,0,0,0,0
0,0,0,0,0,0,0,0,0,0,0,1,0,0,0,0,0,0,0,0,0,0,0,0,0,0,0,0,0,0
0,0,0,0,0,0,0,0,0,0,1,1,0,0,0,1,0,1,0,0,0,0,0,2,0,0,0,1,0,0
0,0,3,0,0,0,0,0,0,0,5,29,0,0,0,1,0,4,0,0,0,0,3,2,4,0,0,0,1,0
0,0,0,0,0,0,0,0,0,0,3,10,0,0,0,0,0,3,0,0,0,0,0,0,2,0,0,0,0,0
0,0,2,0,0,0,0,0,0,0,7,0,1,0,1,3,0,2,0,0,0,1,3,3,0,0,0,0,1,0
0,0,0,0,0,0,0,0,0,0,1,7,0,0,0,0,0,1,0,0,0,0,0,0,0,0,0,0,0,0
0,0,3,0,0,0,0,0,0,0,1,11,0,0,0,0,0,0,0,1,0,0,8,4,0,0,0,0,1,0
0,0,2,2,0,0,0,0,0,0,4,12,2,0,0,0,0,1,0,0,0,0,2,5,0,0,0,2,1,0
0,0,5,0,0,0,0,0,0,0,5,11,0,0,0,1,0,4,0,0,0,0,1,3,1,0,0,0,0,0
0,0,0,0,0,0,0,0,0,0,0,0,0,0,0,0,0,0,0,0,0,0,0,0,0,0,0,0,0,0
0,0,9,1,0,0,0,0,0,0,1,0,3,0,0,0,0,2,0,0,0,1,4,2,3,0,1,2,0,0
0,0,1,0,0,0,0,0,0,0,2,1,1,0,0,0,0,0,0,1,0,0,0,1,0,0,0,0,0,0
0,0,2,0,0,0,0,0,1,0,0,14,1,0,0,0,0,0,0,0,0,0,2,0,0,0,0,0,0,0
0,0,7,0,0,0,0,0,0,0,1,0,0,0,0,0,0,2,0,0,0,0,0,1,0,0,0,0,0,0
0,0,2,0,0,0,0,0,0,0,0,1,0,0,0,0,0,0,0,0,0,0,0,1,0,0,0,0,0,0
0,1,2,5,0,0,0,0,0,0,2,0,2,0,0,0,0,1,0,0,1,1,0,0,0,0,0,2,0,0
0,0,5,3,0,0,0,0,0,0,1,1,0,0,0,0,0,0,0,0,1,0,1,1,0,0,0,0,0,0
0,0,1,1,0,0,0,0,0,0,0,0,0,0,0,0,0,1,0,0,0,0,0,1,0,0,0,1,1,0
0,0,0,0,0,0,0,0,0,0,0,0,0,0,0,0,0,0,0,0,0,0,0,0,0,0,0,0,0,0
0,0,2,0,1,1,0,0,0,0,0,29,1,0,0,3,1,2,0,0,0,4,8,0,1,0,1,0,0,0
0,0,1,0,0,0,0,0,0,0,1,3,0,0,0,0,0,1,0,0,0,0,2,1,0,0,0,0,0,0
0,0,0,1,0,0,0,0,0,0,1,0,0,0,0,0,0,0,0,0,0,0,1,1,1,0,0,1,0,0
0,0,0,1,0,0,0,0,0,0,0,3,0,0,0,0,0,1,0,0,0,0,1,1,1,0,0,1,0,0
0,1,1,0,0,0,0,0,0,0,0,0,0,0,0,0,0,0,0,0,0,0,0,0,0,0,0,0,0,0
3,2,9,8,0,1,0,1,1,0,5,10,6,0,0,0,2,3,0,10,0,0,6,4,0,0,0,1,0,0
0,0,0,0,0,0,0,0,0,0,0,0,0,0,0,0,0,0,0,0,0,0,0,0,0,0,0,0,0,0
0,0,3,0,0,0,0,0,0,0,5,29,0,0,0,1,0,4,0,0,0,0,3,2,4,0,0,0,1,0
0,0,0,0,0,0,0,0,0,0,0,3,0,0,0,0,0,0,0,1,0,0,1,0,0,0,0,0,0,0
0,0,2,0,0,0,0,0,0,0,2,0,0,0,0,0,0,1,0,0,0,0,0,0,0,0,0,0,0,0
0,0,2,0,5,0,0,0,0,0,0,1,0,0,0,0,1,1,0,0,0,0,0,0,2,0,0,0,0,0
0,1,3,0,0,0,0,1,0,0,1,1,0,0,0,0,0,0,0,0,0,0,3,1,0,0,0,0,0,0
0,0,3,0,0,0,0,0,0,1,0,1,0,0,0,0,0,0,0,0,0,0,0,0,0,0,0,0,0,0
0,0,7,0,5,0,0,1,0,0,4,3,0,0,0,0,0,2,0,0,0,0,0,5,0,0,0,0,2,0
0,0,1,0,0,0,0,0,0,0,1,0,0,0,0,0,0,0,0,0,0,0,0,1,0,0,0,0,0,0
0,0,6,0,0,0,0,0,0,0,0,1,0,0,0,0,0,0,0,0,0,0,0,4,0,0,0,0,0,0
0,0,0,0,0,0,0,0,0,0,0,0,0,0,0,0,0,0,0,0,0,0,0,0,0,0,0,0,0,0
0,0,1,0,0,0,0,0,0,0,0,0,0,0,0,0,0,0,0,0,0,0,0,0,0,0,0,0,0,0
1,0,5,0,0,0,0,0,0,0,6,7,2,1,0,0,0,1,0,0,0,0,0,2,0,0,0,0,0,0
0,1,10,9,0,0,0,0,0,0,4,11,4,1,0,0,0,3,0,0,0,0,3,1,2,0,1,7,2,0
0,0,0,1,0,0,0,0,0,0,0,3,3,1,0,0,0,0,0,0,0,0,0,0,0,0,0,3,0,0
0,0,2,6,0,0,0,0,0,0,1,2,0,0,0,0,3,0,0,0,0,0,0,0,3,0,0,2,1,0
0,0,0,0,0,0,0,0,0,0,0,0,0,0,0,0,0,0,0,0,0,0,0,0,0,0,0,0,0,0
0,0,0,6,1,0,0,0,0,0,0,1,1,0,0,1,0,1,0,0,0,2,2,0,4,0,0,7,0,0
0,0,1,1,0,0,0,0,0,0,1,0,1,0,0,0,0,0,0,0,0,0,0,0,0,0,0,0,0,0
0,0,1,0,1,0,1,0,0,0,2,5,1,0,0,0,0,1,0,1,0,0,0,2,0,0,0,0,0,0
0,0,1,0,3,0,0,2,0,0,0,4,0,0,0,0,0,3,0,0,0,0,0,6,0,0,0,1,0,0
0,0,1,0,1,0,0,0,0,0,0,1,0,0,0,0,1,0,0,0,0,0,0,2,0,0,0,0,0,0
0,0,2,0,0,0,0,0,0,0,0,1,0,0,0,0,0,0,0,0,0,0,0,0,0,0,0,0,0,0
0,1,4,2,0,0,0,0,0,0,0,0,0,0,0,0,0,0,0,0,0,0,0,1,0,0,0,0,0,0
0,1,1,1,0,0,0,0,0,0,0,4,2,0,0,0,0,0,0,0,0,0,0,0,0,0,0,2,0,0
1,0,1,6,0,0,0,0,0,0,3,6,10,0,0,0,0,1,0,0,0,0,0,1,0,0,0,10,0,0
0,0,7,12,0,3,0,0,0,0,1,10,17,0,0,0,4,2,0,0,0,0,1,2,0,0,0,17,0,0
0,1,20,7,0,3,0,0,2,0,2,10,0,0,0,2,3,2,0,0,0,0,1,11,0,0,0,0,2,0
0,0,1,10,0,0,0,0,0,0,1,20,13,0,0,0,0,1,0,0,1,1,2,7,0,0,1,10,0,0
0,0,7,0,5,0,0,1,0,0,4,3,0,0,0,0,0,2,0,0,0,0,0,5,0,0,0,0,2,0
0,0,0,0,0,0,0,0,0,0,2,9,0,0,0,0,0,2,0,0,0,0,1,4,0,0,0,1,0,0
0,0,0,0,0,0,0,0,2,0,0,21,0,0,0,1,0,0,0,0,0,2,7,3,0,0,0,0,1,0
0,0,2,0,0,0,0,0,0,0,1,1,0,0,0,0,0,0,0,0,0,0,0,2,0,0,0,0,0,0
0,0,2,0,0,0,0,0,1,0,0,6,0,0,0,1,1,0,0,0,0,0,2,9,0,0,0,0,1,0
0,0,0,0,0,0,0,0,0,0,0,0,0,0,0,0,0,1,0,1,0,0,0,1,0,0,0,0,0,0
0,1,0,0,0,0,0,0,0,0,0,1,0,0,0,0,0,0,0,0,0,0,0,1,0,0,0,0,0,0
0,0,0,0,0,0,0,0,0,0,0,0,0,0,0,0,0,0,0,0,0,0,0,0,0,0,0,0,0,0
0,1,10,3,0,0,2,0,0,0,4,10,0,0,0,0,2,2,1,0,1,0,1,11,3,0,0,0,0,0
0,0,0,0,0,0,0,0,0,0,0,2,0,0,0,0,0,0,0,1,0,0,0,0,0,0,0,1,0,0
0,0,0,0,0,0,0,0,0,0,0,0,0,0,0,0,0,0,0,0,0,0,0,0,0,0,0,0,0,1
0,0,1,0,0,0,0,0,0,0,0,0,0,0,0,0,0,0,0,0,0,0,0,0,0,0,0,0,0,1
0,0,6,1,0,0,0,0,0,0,0,2,0,0,0,1,0,0,0,0,0,0,0,6,1,0,0,1,0,1
0,0,6,1,0,0,0,0,0,0,0,2,0,0,0,1,0,0,0,0,0,0,0,6,1,0,0,1,0,1
0,1,0,0,0,0,0,1,0,0,0,0,0,0,0,0,0,0,0,0,0,0,0,0,0,0,0,0,0,1
1,0,36,0,0,0,0,1,0,0,2,10,1,0,0,0,0,1,0,0,0,0,0,23,0,0,0,1,0,1
0,0,2,0,0,0,1,0,0,0,0,0,0,0,0,0,0,0,0,0,0,1,0,1,0,0,0,0,0,1
0,0,5,2,0,0,0,0,0,0,2,2,0,0,0,0,0,1,0,0,0,4,4,1,1,0,3,2,1,1
0,0,10,0,0,1,1,0,0,0,3,2,0,0,0,1,1,0,0,2,0,3,0,3,0,0,0,1,0,0
0,1,1,1,0,0,0,0,1,0,2,0,1,0,0,1,0,0,0,0,0,0,0,0,0,0,0,0,0,1
0,0,2,0,0,0,1,0,0,0,1,0,0,0,0,0,0,0,0,0,0,0,0,0,0,0,0,0,0,1
0,0,0,0,0,0,0,0,0,0,0,1,0,0,0,0,0,0,0,0,0,0,0,0,0,0,0,0,0,1
0,3,9,1,0,2,1,0,0,0,8,4,4,0,0,0,1,1,0,10,0,0,1,3,1,0,0,1,0,0
0,5,16,5,0,14,2,1,0,0,1,24,3,0,0,20,18,5,0,2,1,1,11,14,5,0,0,6,5,0
0,0,2,8,0,0,0,0,0,0,1,5,5,1,0,0,2,1,0,1,0,1,1,1,0,0,1,7,3,1
1,0,2,2,0,0,0,0,0,0,0,0,3,0,0,0,1,0,0,0,0,0,0,0,0,0,0,4,0,1
0,0,5,1,0,0,0,0,0,0,0,1,0,0,0,0,0,0,0,0,0,0,0,1,0,0,0,1,0,0
0,0,1,1,0,0,0,0,0,0,0,2,0,0,0,0,0,0,0,0,0,0,0,0,0,0,0,0,0,1
0,0,3,1,0,0,0,0,0,0,0,0,0,0,0,0,0,1,0,0,0,0,0,0,0,0,0,1,0,0
0,0,1,2,0,0,0,0,0,0,0,0,0,0,0,0,0,0,0,0,0,0,0,0,0,0,0,1,0,1
0,0,4,4,0,0,0,0,0,0,1,8,1,0,0,0,0,0,0,0,0,1,7,2,0,0,0,3,0,1
0,0,10,0,0,0,1,1,0,0,1,1,0,0,0,0,1,0,0,3,0,0,0,2,1,0,0,2,1,0
0,0,1,4,0,0,0,0,0,0,0,0,0,0,0,0,0,0,0,0,0,0,0,1,0,0,0,4,0,1
0,0,0,2,0,0,0,0,0,0,0,0,0,0,0,0,0,0,0,0,0,0,0,0,0,0,0,1,0,0
0,0,1,2,0,0,0,0,0,0,1,1,2,0,0,0,1,1,0,0,0,0,3,1,1,0,0,3,0,1
0,0,0,1,0,0,0,0,0,0,0,1,0,0,0,0,0,0,0,0,0,0,1,0,0,0,0,0,1,0
0,0,1,0,0,0,0,0,0,0,1,0,0,0,0,0,0,0,0,0,0,0,0,0,0,0,0,0,0,1
0,0,0,0,0,0,0,0,0,0,0,0,0,0,0,0,0,0,0,0,0,0,0,1,0,0,0,0,0,0
0,0,2,0,0,0,0,0,0,0,1,0,1,0,0,0,0,0,0,0,0,0,0,1,0,0,0,1,0,1
0,0,2,0,0,0,0,0,0,0,0,0,0,0,0,0,0,0,0,0,0,0,0,1,0,0,0,0,0,1
0,0,1,3,0,0,0,0,0,0,0,3,0,0,0,0,0,0,0,0,0,0,1,0,1,0,0,2,0,1
0,0,0,4,0,0,0,0,0,0,0,2,2,0,0,0,0,1,0,0,0,0,0,0,0,0,0,2,0,0
0,0,1,1,0,0,0,0,0,0,0,1,0,0,0,0,0,0,0,0,0,0,0,1,0,0,0,0,0,0
0,0,3,0,0,0,0,0,0,0,1,1,0,0,0,0,0,1,0,0,1,0,2,0,2,0,1,0,0,0
0,0,0,2,0,0,0,0,0,0,0,2,1,0,0,1,0,0,0,0,0,0,2,0,0,0,0,1,0,0
0,0,2,5,0,0,0,0,0,0,0,2,5,0,0,0,1,0,0,0,0,0,2,0,1,0,1,5,0,0
0,0,1,0,0,0,0,0,0,0,2,2,0,0,0,0,1,1,0,0,0,0,1,0,0,0,0,0,0,0
0,0,0,0,0,0,0,0,0,0,0,0,0,0,0,0,0,1,0,0,0,0,1,0,0,0,0,0,0,0
0,0,1,0,0,0,0,0,0,0,1,2,0,0,0,0,0,0,0,0,0,0,0,2,0,0,0,0,0,0
0,1,1,0,0,0,0,0,0,0,1,5,1,0,0,0,0,1,0,0,0,0,0,0,0,0,1,0,0,0
0,0,0,1,0,0,0,0,0,0,0,0,1,0,0,0,0,0,0,0,0,0,0,0,0,0,0,1,0,0
0,0,1,0,0,0,0,0,0,0,1,1,0,0,0,0,0,0,0,0,0,0,1,0,0,0,1,0,0,0
1,0,2,1,0,0,0,0,0,0,0,0,0,0,0,0,0,0,0,0,0,0,0,2,0,0,0,1,0,0
0,0,1,1,0,0,0,0,0,0,1,1,0,0,0,0,0,0,0,0,0,0,2,0,0,0,1,0,0,0
0,0,3,1,0,0,0,0,0,0,0,0,0,0,0,0,0,1,0,0,1,0,0,2,0,0,0,1,0,0
0,0,1,1,0,0,0,0,0,0,0,0,0,0,0,0,0,0,0,0,0,0,0,0,0,0,0,1,0,0
0,0,1,1,0,0,0,0,0,0,0,1,0,0,0,0,0,0,0,0,0,0,2,0,0,0,0,1,0,0
0,0,0,0,0,0,0,0,0,0,1,5,0,0,0,0,0,0,0,0,0,0,1,2,0,0,0,0,0,0
0,0,4,0,0,0,0,0,0,0,0,1,0,0,0,0,0,0,0,1,0,0,0,0,0,0,0,0,0,0
0,0,1,0,0,0,0,0,0,0,0,2,0,0,0,0,0,0,0,0,0,0,2,0,0,0,1,2,0,0
0,0,1,2,0,0,0,0,0,0,0,0,0,0,0,0,0,0,0,0,0,0,0,0,0,0,0,1,0,0
0,0,3,0,0,0,0,0,0,0,0,3,0,0,0,0,0,0,0,0,0,0,1,1,0,0,0,0,0,0
0,0,5,3,0,0,0,0,0,0,0,0,0,0,0,0,0,0,0,0,0,0,0,0,0,0,0,0,0,0
0,0,2,0,0,0,0,0,0,0,0,0,0,0,0,0,0,0,0,0,0,0,0,1,0,0,0,0,0,0
0,0,2,0,0,0,0,0,0,0,1,0,0,0,0,0,0,0,0,0,0,0,0,1,0,0,0,0,0,1
0,0,0,0,0,0,0,0,0,0,0,0,0,0,0,0,0,1,0,0,0,0,0,0,0,0,0,0,0,1
0,0,2,0,0,0,0,0,0,0,0,0,0,0,0,0,0,0,0,0,0,0,0,2,0,0,0,0,0,1
0,0,3,0,0,0,0,0,0,0,1,0,0,0,0,0,0,0,0,0,0,0,0,2,0,0,0,0,0,1
0,0,8,0,0,0,0,0,0,0,0,5,0,0,0,0,0,0,0,1,0,0,0,3,0,0,0,0,0,0
0,0,1,0,0,0,0,0,0,0,2,2,0,0,0,0,0,0,0,0,0,0,0,0,0,0,0,0,0,0
0,0,0,0,0,0,0,0,0,0,3,18,0,0,0,1,0,1,0,0,0,1,3,2,1,0,1,0,0,0
0,0,0,0,0,0,0,0,0,0,1,6,0,0,0,0,0,0,0,0,0,0,0,1,0,0,0,0,0,0
0,0,2,1,0,0,0,0,0,0,4,0,0,0,0,0,0,4,0,0,0,0,1,0,2,0,0,1,0,0
0,0,1,0,0,0,0,0,0,0,3,4,0,0,0,0,0,1,0,0,1,0,0,2,0,0,0,0,0,0
0,0,0,0,0,0,0,0,0,0,1,1,0,0,0,1,0,0,0,0,0,0,0,0,0,0,0,0,0,0
0,0,0,0,0,0,0,0,0,0,2,5,0,0,0,0,0,1,0,0,0,0,0,1,0,0,0,0,0,0
0,0,0,0,0,0,0,0,0,0,1,7,0,0,0,0,0,0,0,0,0,0,0,1,0,0,0,1,0,0
0,0,0,0,0,0,0,0,0,0,2,5,1,1,0,0,0,1,0,0,0,0,0,3,0,0,0,1,0,0
0,0,0,0,0,0,0,0,0,0,1,1,0,0,0,0,0,2,0,0,0,0,0,3,0,0,0,0,0,0
0,0,0,0,0,0,0,0,0,0,0,0,0,0,0,0,0,0,0,0,0,0,0,3,0,0,0,0,0,0
0,0,9,2,0,0,0,0,0,0,6,8,0,0,0,0,1,4,0,0,0,0,3,0,3,0,1,2,2,0
0,0,1,1,0,0,0,0,0,0,2,1,0,0,0,0,0,2,0,0,0,0,1,0,1,0,0,0,2,0
0,0,3,0,0,0,0,0,0,0,3,8,0,0,0,0,0,5,0,0,0,0,1,3,0,0,0,0,0,0
0,0,0,0,0,0,0,0,0,0,1,0,0,0,0,0,0,1,0,0,0,0,0,0,0,0,0,0,0,0
0,0,8,2,0,0,0,0,0,0,3,2,0,0,0,0,0,1,0,0,1,0,0,7,0,0,0,0,0,0
0,0,3,2,0,0,0,0,0,0,0,0,1,0,0,0,0,0,0,0,0,1,1,0,0,0,1,1,0,0
0,0,0,2,0,0,0,0,0,0,1,0,0,0,0,0,0,1,0,0,0,0,1,0,1,0,0,0,0,0
0,0,0,2,0,0,0,0,0,0,0,0,0,0,0,0,2,0,0,0,0,0,0,0,2,0,0,1,0,0
0,0,4,4,0,0,0,0,0,0,2,3,0,0,0,0,0,0,0,0,0,0,0,1,0,0,0,0,0,0
0,0,4,1,0,0,0,0,0,0,1,0,0,0,0,0,0,1,0,0,0,0,0,0,0,0,0,1,0,0
0,0,1,0,0,0,0,0,0,0,0,0,0,0,0,0,0,0,0,0,0,0,1,0,0,0,0,1,0,1
1,0,1,0,0,0,1,0,0,0,1,0,1,0,0,1,2,0,0,0,0,0,1,0,0,0,0,1,0,1
0,0,0,0,0,0,0,0,0,0,1,1,0,0,0,0,0,0,0,1,0,0,0,0,0,0,0,0,0,1
0,1,1,0,0,0,1,0,0,0,0,1,0,0,0,0,0,0,0,0,0,0,1,0,0,0,0,0,0,1
1,0,20,5,0,0,1,0,0,0,1,2,3,0,0,0,0,3,0,2,0,2,0,4,0,0,0,3,0,0
0,1,8,1,0,0,1,0,0,0,0,4,0,0,0,0,0,2,0,1,0,0,0,1,0,0,0,0,0,0
0,0,0,0,0,0,0,0,0,0,0,0,0,0,0,0,0,0,0,0,0,0,0,0,0,0,0,0,0,1
0,4,31,0,1,0,0,1,0,0,1,4,1,0,0,0,1,1,0,0,0,0,0,11,0,0,0,2,0,1
0,1,15,0,1,0,0,1,0,0,1,3,0,0,0,0,2,1,0,0,0,0,0,6,0,0,0,1,0,1
0,0,1,4,0,0,0,0,0,0,0,0,0,0,0,0,0,0,0,0,0,0,0,1,0,0,0,4,0,1
0,0,0,2,0,0,0,0,0,0,0,0,0,0,0,0,0,0,0,0,0,0,0,0,0,0,0,1,0,0
0,0,1,0,0,0,0,0,0,0,0,11,0,0,0,0,0,0,0,0,0,0,2,2,0,0,0,0,0,0
0,0,1,0,0,0,0,0,0,0,0,9,0,0,0,1,0,0,0,0,0,0,1,3,0,0,0,0,0,0
0,0,3,0,0,0,0,0,0,0,0,27,0,0,0,0,0,0,0,6,0,0,1,4,0,0,0,0,0,0
0,1,18,6,0,5,1,1,0,0,2,35,4,0,0,3,6,2,0,0,0,8,15,4,0,0,1,4,6,0
0,0,5,1,0,1,1,1,1,0,5,22,2,0,0,2,3,0,0,1,0,3,4,12,1,0,0,1,2,0
0,0,9,0,1,0,0,0,1,0,7,4,1,0,0,0,2,0,0,1,0,0,0,1,0,0,0,1,0,0
0,0,1,0,0,0,0,0,0,0,0,0,0,0,0,0,0,0,0,0,0,0,0,1,0,0,0,0,0,1
0,1,13,0,1,0,1,0,0,0,0,12,0,0,0,0,0,0,0,0,0,1,0,6,0,0,0,0,0,0
0,1,2,0,1,0,0,0,0,0,0,0,0,0,0,1,0,0,0,0,0,0,2,0,0,0,0,0,0,1
0,0,1,11,0,0,0,0,0,0,2,6,9,0,0,0,1,1,0,0,1,0,1,4,1,0,1,10,0,1
0,0,4,8,0,0,0,0,0,0,0,4,7,0,0,0,0,0,0,0,0,0,0,0,1,0,0,9,0,1
1,0,0,4,0,0,0,0,1,0,4,0,8,0,0,0,0,1,0,0,0,0,2,0,0,0,0,5,0,1
0,1,6,18,0,0,0,1,1,0,4,7,20,0,0,1,0,0,0,0,1,1,0,4,1,0,0,9,0,1
4,0,12,23,1,6,1,2,1,0,16,48,15,0,0,1,8,0,0,7,0,0,12,16,3,0,0,15,1,1
0,0,6,11,0,0,0,0,0,0,0,7,13,0,0,0,0,0,0,0,1,0,0,5,0,0,0,10,0,1
0,0,6,14,0,0,0,0,0,0,0,17,18,0,0,1,0,0,0,0,1,0,2,6,1,0,1,17,0,1
0,0,11,30,1,2,1,1,1,0,4,23,25,0,0,1,3,1,0,1,2,2,0,19,1,0,2,14,2,1
3,1,37,76,0,0,0,0,0,0,8,45,77,0,0,5,4,1,0,1,2,1,9,15,5,0,0,69,4,1
0,0,8,16,0,0,0,1,0,0,0,4,21,0,0,1,0,0,0,0,0,0,0,1,1,0,0,18,0,1
0,0,2,0,0,0,0,0,0,0,0,0,0,0,0,0,0,0,0,0,0,0,0,1,0,0,0,0,0,1
0,3,9,3,0,0,0,0,0,0,2,1,1,0,0,0,1,2,0,0,0,0,1,2,0,0,0,1,0,1
0,2,3,0,0,0,0,0,0,0,0,0,0,0,0,0,0,1,0,0,0,0,0,0,0,0,0,0,0,0
0,0,8,0,0,0,0,0,0,0,1,1,0,0,0,0,0,0,0,0,0,0,0,0,1,0,0,0,0,1
0,0,20,0,0,0,3,0,1,0,7,19,0,0,0,0,0,0,0,0,0,0,0,7,1,0,0,0,0,1
0,0,3,0,0,0,0,0,0,0,0,3,0,0,0,0,0,0,0,0,0,0,0,0,0,0,0,0,0,0
0,0,6,3,0,0,0,0,0,0,3,7,0,0,0,0,1,0,0,0,0,0,0,1,0,0,0,1,0,1
0,0,10,1,0,0,0,0,0,0,1,2,0,0,0,0,0,0,0,0,0,0,0,0,0,0,0,0,0,0
0,0,5,0,0,0,0,0,0,0,0,3,0,0,0,1,0,0,0,0,0,0,1,1,0,0,0,0,0,0
0,0,1,0,0,0,0,0,0,0,0,0,0,0,0,0,0,0,0,0,0,0,0,1,0,0,0,0,0,1
0,0,0,0,0,0,0,0,0,0,0,0,0,0,0,0,0,0,0,0,0,0,0,2,0,0,0,0,0,1
0,0,2,0,0,0,0,0,0,0,0,1,0,0,0,0,0,0,0,0,0,1,1,0,1,0,0,0,0,1
0,0,0,0,0,0,1,0,0,0,1,0,0,0,0,0,0,0,0,1,0,0,0,0,0,0,0,0,0,1
0,1,4,0,0,0,0,0,0,0,0,0,0,0,0,0,0,0,0,0,0,0,0,1,0,0,0,0,0,1
0,0,1,0,0,0,0,0,0,0,0,2,0,0,0,0,0,0,0,0,0,0,0,0,0,0,0,0,0,1
0,1,19,0,0,0,4,0,0,0,2,5,2,0,0,0,0,0,0,0,0,1,1,7,1,0,1,2,0,1
0,0,4,0,0,0,0,0,0,0,1,1,0,0,0,0,0,0,0,0,0,0,0,3,0,0,0,0,0,1
0,0,3,0,0,0,0,0,0,0,0,0,0,0,0,0,0,0,0,0,0,0,0,1,0,0,0,0,0,1
0,0,8,0,0,0,0,0,0,0,1,4,0,0,0,0,0,1,0,0,0,0,0,8,0,0,0,0,0,0
0,1,7,0,0,0,0,0,0,0,1,7,1,0,0,0,0,0,0,0,0,0,0,2,0,0,0,1,0,0
0,0,0,0,0,0,0,0,0,0,2,3,0,0,0,0,0,1,0,0,0,0,0,4,0,0,0,0,0,0
0,0,0,0,0,0,0,0,0,0,1,0,0,0,0,0,0,0,0,0,0,0,0,0,0,0,0,0,0,0
1,1,0,0,0,0,0,0,0,0,3,5,1,0,0,0,0,2,0,2,0,0,4,2,0,0,1,0,0,0
0,0,14,0,0,1,0,0,0,0,4,0,0,0,0,0,0,0,0,0,0,0,0,4,0,0,0,0,0,0
0,0,16,0,0,1,0,0,0,0,2,1,0,0,0,0,0,1,0,0,0,0,0,9,0,0,0,0,0,0
0,0,0,0,0,0,0,0,0,0,3,4,1,0,0,0,0,0,0,0,0,0,2,3,0,0,1,0,0,0
0,0,4,0,0,0,0,0,0,0,2,6,0,0,0,0,0,1,0,1,0,0,0,1,0,0,0,0,0,0
0,0,0,0,0,0,0,0,0,0,1,0,0,0,0,0,0,1,0,0,0,0,0,0,0,0,0,0,0,0
0,0,2,0,0,0,0,0,0,0,1,1,0,0,0,0,0,1,0,0,0,0,2,1,0,0,0,0,0,0
0,0,2,0,0,0,0,0,1,0,2,2,1,0,0,0,0,0,0,0,0,0,0,4,0,0,0,0,0,0
0,0,2,0,0,0,0,0,0,0,0,1,0,0,0,0,0,0,0,0,0,0,0,1,0,0,0,0,0,0
0,0,4,4,0,0,0,0,0,0,2,0,0,0,0,0,0,2,0,1,0,0,1,1,1,0,0,1,1,0
0,0,1,1,0,0,0,0,0,0,1,0,1,0,0,0,0,1,0,0,0,0,0,0,0,0,0,0,0,0
0,0,2,0,0,0,0,0,0,0,1,0,0,0,0,0,0,1,0,0,0,0,0,0,0,0,0,0,0,0
0,0,1,0,0,0,0,0,0,0,0,0,0,0,0,0,0,0,0,0,0,0,0,0,0,0,0,0,0,0
0,0,1,0,0,0,0,0,0,0,0,0,0,0,0,0,0,1,0,0,0,0,0,0,0,0,0,0,0,0
0,0,4,7,0,0,0,0,0,0,4,7,3,0,0,0,0,1,0,0,0,0,6,7,1,0,3,6,3,0
0,1,4,0,0,0,0,0,0,0,2,0,0,0,0,0,0,1,0,0,0,0,1,1,1,0,0,0,0,0
0,0,0,0,0,0,0,0,0,0,3,0,0,0,0,0,0,0,0,0,0,0,3,1,0,0,0,0,0,0
0,0,0,6,0,0,0,0,0,0,3,4,1,0,0,0,0,1,0,0,0,0,0,1,0,0,0,4,0,0
0,0,0,5,0,0,0,0,0,0,2,2,1,0,0,0,0,0,0,0,0,0,0,2,0,0,0,4,1,0
0,0,1,0,0,0,0,0,0,0,1,8,0,0,0,0,0,0,0,0,0,0,0,0,1,0,1,0,1,0
0,0,1,0,0,0,0,0,0,0,3,8,0,0,0,1,0,1,0,0,0,1,5,1,1,0,0,1,0,0
1,2,13,1,0,0,1,1,0,0,6,2,2,1,0,1,0,1,0,0,0,0,0,4,0,0,0,1,0,1
0,0,1,1,0,0,0,0,0,0,0,1,1,0,0,0,0,0,0,0,0,0,0,0,0,0,0,1,0,1
0,3,1,0,0,0,2,0,0,0,0,2,0,0,0,0,0,0,0,0,0,0,0,0,0,0,0,0,0,1
0,1,11,0,0,0,0,0,0,0,0,10,0,0,0,0,0,0,0,0,0,0,1,5,0,0,0,0,1,1
5,12,62,10,1,0,5,2,0,0,20,19,12,3,0,2,3,5,0,5,0,3,8,10,2,0,2,5,0,1
0,0,0,0,0,0,0,0,0,0,1,0,0,0,0,0,0,0,0,0,0,0,0,0,0,0,0,0,0,1
1,2,1,2,0,0,0,0,0,0,0,2,0,0,0,0,0,0,0,0,0,0,1,4,0,0,0,0,0,1
0,0,0,0,1,0,0,0,0,0,1,0,0,0,0,0,0,0,0,0,0,0,0,0,0,0,0,0,0,1
0,0,0,0,0,0,0,0,0,0,0,0,0,0,0,0,0,0,0,0,0,0,0,0,0,0,0,0,0,1
0,0,1,0,0,0,0,0,0,0,0,0,0,0,0,0,0,0,0,0,0,0,0,1,0,0,0,0,0,1
1,6,29,0,0,2,4,0,0,0,5,19,0,0,0,0,2,8,0,0,0,0,0,9,0,0,1,0,0,1
0,0,13,0,0,0,0,0,0,0,2,19,1,0,0,0,0,2,0,0,0,0,1,8,0,0,0,0,0,1
0,5,24,2,0,0,3,0,0,0,2,8,3,0,0,2,0,0,0,3,0,1,1,4,1,0,0,1,0,1
0,0,1,0,0,0,0,0,1,0,4,2,0,0,0,0,0,1,0,1,0,1,0,1,0,0,0,0,0,1
0,0,2,0,0,0,0,0,1,0,0,2,1,0,0,0,0,2,0,0,0,0,0,3,0,0,0,0,0,1
0,1,1,0,0,0,0,0,0,0,2,0,0,0,0,0,0,0,0,0,0,0,0,0,0,0,0,0,0,1
0,0,0,0,0,0,0,0,0,0,0,1,0,0,0,0,0,0,0,0,0,0,0,0,0,0,0,0,0,1
0,0,0,0,0,0,0,0,0,0,0,0,0,0,0,0,0,0,0,0,0,0,0,0,0,0,0,0,0,1
7,6,40,22,0,15,2,10,0,1,32,87,16,0,0,10,19,4,0,13,1,26,77,46,8,0,8,11,18,0
0,0,7,0,0,0,0,0,0,0,5,21,0,0,0,0,0,4,0,1,0,0,2,7,1,0,0,1,0,0
0,1,3,0,0,0,0,1,1,0,9,27,0,0,0,0,0,7,0,1,0,0,0,5,0,0,0,1,0,0
0,3,16,0,1,0,0,0,0,0,2,10,2,0,0,1,1,3,0,1,0,0,0,16,1,0,1,0,0,0
0,1,16,13,0,0,0,0,0,0,2,8,10,0,0,1,0,1,0,0,0,0,3,7,1,0,0,7,3,0
0,3,25,3,0,0,0,0,0,0,6,12,7,0,0,0,0,0,0,1,0,1,1,11,0,0,0,6,1,0
0,0,16,6,0,0,0,0,2,0,19,44,8,0,0,0,1,7,0,0,0,0,6,17,2,0,0,7,0,0
0,5,30,4,0,0,0,0,0,1,8,13,10,0,0,1,1,8,0,0,0,2,2,7,0,0,1,1,0,0
0,1,10,5,0,0,0,0,0,0,3,12,3,0,0,0,1,4,0,1,0,0,1,3,1,0,0,4,2,0
0,0,6,0,0,0,0,0,0,0,0,13,0,0,0,1,0,0,0,0,0,0,0,4,0,0,0,0,0,0
0,0,1,0,0,0,0,0,0,0,1,2,0,0,0,0,0,0,0,0,0,0,1,0,0,0,0,0,0,0
0,0,12,0,0,0,0,0,0,0,2,1,0,0,0,0,0,0,0,1,0,0,0,3,0,0,0,0,0,0
0,0,4,0,0,0,0,0,0,0,2,5,0,0,0,1,0,1,0,0,0,1,1,0,0,0,0,0,0,0
0,0,3,1,0,0,0,0,0,0,11,36,2,0,0,2,0,6,0,1,0,1,15,5,2,0,1,0,0,0
0,0,15,9,0,0,0,0,0,0,4,5,2,0,0,0,1,2,0,1,0,0,4,4,2,0,1,7,2,0
0,0,12,6,1,0,1,0,0,0,9,17,4,0,0,1,0,2,0,2,0,0,1,13,0,0,2,6,3,0
0,0,1,2,0,0,0,0,0,0,0,0,1,0,0,0,0,0,0,0,0,0,0,0,0,0,0,2,0,0
0,0,1,3,0,0,0,0,0,0,0,0,3,0,0,0,0,0,0,1,0,0,0,0,0,0,0,3,0,1
0,0,1,3,0,0,0,0,0,0,2,1,3,0,0,0,0,0,0,1,0,0,0,0,0,0,1,1,0,1
0,0,2,2,0,0,0,0,0,0,0,1,2,0,0,0,0,0,0,0,0,0,0,0,0,0,0,2,0,1
0,0,5,0,0,0,0,0,0,0,0,0,0,0,0,0,0,0,0,0,0,0,0,2,0,0,0,0,0,1
0,0,2,1,0,0,0,0,0,0,1,0,0,0,0,1,0,0,0,0,0,0,0,0,0,0,0,0,0,1
0,1,6,2,1,0,1,0,0,0,1,5,1,0,0,0,1,0,0,0,0,0,1,4,0,0,0,0,0,1
0,0,1,0,0,1,0,1,0,0,0,1,0,0,0,0,1,1,0,0,0,0,0,0,0,0,0,0,0,1
0,0,2,1,0,0,0,0,0,0,0,1,0,0,0,0,0,0,0,0,0,0,4,0,0,0,0,0,0,1
0,0,1,2,0,0,0,0,0,0,0,0,1,0,0,0,1,0,0,0,0,0,0,0,0,0,0,1,0,1
0,0,0,0,0,0,0,0,0,0,0,0,0,0,0,0,0,0,0,0,0,0,0,0,0,0,0,0,0,1
0,0,3,0,0,0,0,0,0,0,1,0,1,0,0,0,1,0,0,0,0,0,0,1,0,0,0,0,0,1
0,0,1,0,0,0,0,0,0,0,1,0,0,0,0,0,0,0,0,0,0,0,0,0,0,0,0,0,0,1
0,1,1,0,0,0,0,0,0,0,0,1,0,0,0,0,0,0,0,0,0,0,0,0,0,0,0,0,0,1
0,0,1,0,0,0,0,0,0,0,0,0,0,0,0,0,1,0,0,0,0,0,0,0,0,0,0,0,0,1
0,0,1,0,0,0,0,0,0,0,0,1,0,0,0,0,0,0,0,0,0,0,0,0,0,0,0,0,0,1
5,5,12,15,0,1,0,0,2,0,14,23,2,0,0,2,9,6,0,4,0,1,3,8,2,0,0,6,0,1
0,3,2,9,4,0,0,0,1,0,4,10,13,0,0,1,0,1,0,2,0,0,3,5,0,0,2,12,0,1
0,4,17,1,1,8,3,0,0,0,1,15,0,0,0,2,0,13,0,0,0,2,2,3,0,0,0,0,0,1
0,4,21,1,0,0,0,0,2,0,1,10,1,0,0,1,1,1,0,0,1,0,1,7,0,0,0,0,0,1
0,0,1,0,0,0,0,0,0,0,0,0,0,0,0,0,0,1,0,0,0,0,0,0,0,0,0,0,0,1
0,0,1,0,0,0,0,0,0,0,0,3,0,0,0,0,0,0,0,0,0,0,0,1,0,0,0,0,0,1
0,0,0,0,0,0,0,0,0,0,0,0,0,0,0,0,0,0,0,0,0,0,0,1,0,0,0,0,0,1
0,0,0,1,0,0,0,0,0,0,1,0,0,0,0,0,0,0,0,0,0,0,0,0,0,0,0,0,0,1
0,1,0,0,0,0,0,0,0,0,1,2,0,0,0,0,0,0,0,1,0,0,1,1,0,0,0,0,0,1
0,0,0,0,0,0,0,0,0,0,0,1,0,0,0,0,0,0,0,0,0,0,0,0,0,0,0,0,0,1
0,0,1,0,0,0,0,0,0,0,0,0,0,0,0,0,0,1,0,0,0,0,0,0,0,0,0,0,0,1
0,0,2,0,0,0,0,0,0,0,0,2,0,0,0,0,0,0,0,0,0,0,0,1,0,0,0,0,0,1
0,0,2,0,0,0,0,0,0,0,0,1,0,0,0,0,0,1,0,0,0,0,0,1,0,0,0,0,0,1
0,0,0,0,0,0,0,0,0,0,0,0,0,0,0,0,0,0,0,0,0,0,0,0,0,0,0,0,0,1
0,0,12,0,0,0,0,0,0,0,2,9,1,0,0,0,0,0,0,0,0,0,0,3,0,0,0,1,0,1
0,0,3,0,0,0,0,0,0,0,1,2,0,0,0,0,0,0,0,0,0,0,0,2,0,0,0,0,0,1
0,5,17,1,1,1,0,0,0,0,6,3,2,0,0,0,2,4,0,1,0,2,2,4,2,0,0,0,0,1
0,1,0,0,0,0,0,0,0,0,1,1,0,0,0,0,0,0,0,0,0,1,0,0,0,0,0,0,0,1
0,0,1,0,0,0,0,0,0,0,0,0,0,0,0,0,0,0,0,0,0,0,0,0,0,0,0,0,0,1
0,0,3,0,0,0,0,0,0,0,1,2,0,0,0,0,0,0,0,0,0,0,1,1,0,0,0,0,0,1
0,1,5,2,0,0,0,0,0,0,0,3,10,0,0,0,0,1,0,1,0,0,0,0,4,0,0,3,0,1
0,0,3,0,0,0,0,1,0,0,0,0,2,0,0,0,0,0,0,0,0,0,0,1,1,0,0,0,0,1
0,3,13,1,0,0,0,0,0,0,6,16,2,0,0,0,0,1,0,1,0,2,0,3,1,0,0,1,0,1
0,0,2,0,0,0,0,0,0,0,0,5,0,0,0,0,0,0,0,0,0,0,0,0,0,0,0,0,0,1
0,2,27,0,0,0,1,0,3,0,0,14,0,0,0,0,0,0,0,1,0,1,0,10,0,0,0,1,0,1
0,0,1,0,0,0,0,0,0,0,0,1,0,0,0,0,0,0,0,0,0,0,0,0,1,0,0,1,0,1
0,0,1,0,0,0,0,0,0,0,0,1,0,0,0,0,0,0,0,0,0,0,0,1,0,0,0,0,0,1
0,0,3,0,0,0,0,0,0,0,0,1,0,0,0,0,1,0,0,0,0,0,0,1,0,0,0,0,0,1
0,0,1,3,0,0,0,0,0,0,0,2,2,0,0,0,0,0,0,0,0,0,0,2,0,0,0,2,0,1
0,0,1,0,0,0,0,0,0,0,1,0,0,0,0,0,0,0,0,0,0,0,0,0,0,0,0,0,0,1
0,0,6,0,0,0,0,0,0,0,0,1,0,0,0,0,0,1,0,0,0,0,0,3,0,0,0,0,0,1
0,0,6,0,0,0,0,0,0,0,0,1,0,0,0,0,0,0,0,0,0,1,0,1,0,0,0,1,0,1
0,0,1,0,0,0,0,0,0,0,1,4,0,0,0,0,0,0,0,0,0,0,0,0,0,0,0,0,0,1
1,0,0,1,0,0,0,0,0,0,0,1,0,0,0,0,0,0,0,0,0,0,0,1,0,0,0,1,0,1
0,0,0,4,0,0,0,0,0,0,0,1,2,0,0,0,0,0,0,0,0,0,0,0,0,0,0,2,0,1
0,0,1,0,0,0,0,0,0,0,0,0,0,0,0,0,0,0,0,0,0,0,0,0,0,0,0,0,0,1
0,0,0,0,0,0,0,0,0,0,0,0,0,0,0,0,0,0,0,0,0,0,0,0,0,0,0,0,0,1
0,0,1,0,0,0,0,0,0,0,0,0,0,0,0,0,0,0,0,0,0,0,0,0,0,0,0,0,0,1
0,1,8,0,0,0,0,0,0,0,5,6,0,0,0,0,1,3,0,0,0,0,0,4,1,0,0,0,0,1
3,1,1,4,0,0,0,0,1,0,15,19,4,0,0,0,0,2,0,5,0,0,8,19,0,0,0,4,1,0
0,0,3,0,1,0,1,0,0,0,5,25,0,0,0,7,1,3,0,1,0,4,5,13,2,0,4,0,1,0
0,0,2,0,1,0,0,1,0,0,2,25,0,0,0,0,0,2,0,3,0,0,2,8,0,0,0,0,0,0
0,0,1,11,0,1,1,1,1,0,3,6,7,0,0,1,2,5,0,1,0,0,1,4,0,0,0,5,0,0
0,0,5,2,0,0,0,0,0,0,7,11,0,0,0,0,0,3,0,0,0,0,2,7,0,0,2,0,0,0
27,1,8,6,0,1,0,0,0,0,47,25,4,0,0,1,3,3,0,34,0,0,1,8,0,0,1,2,2,0
0,2,6,2,1,0,0,0,0,0,1,11,1,0,0,0,0,0,0,0,0,0,2,21,0,0,0,0,0,0
0,2,4,1,0,0,0,0,0,0,7,11,0,0,0,0,0,3,0,1,1,0,0,2,0,0,0,0,0,0
0,5,2,0,0,0,2,0,0,0,2,8,0,0,0,0,0,4,0,0,0,0,0,5,1,0,0,0,0,0
1,0,2,0,0,0,0,0,0,0,2,10,0,0,0,0,0,1,0,1,0,0,0,1,0,0,0,2,0,0
0,0,1,0,0,0,0,0,0,0,1,5,0,0,0,0,0,4,0,0,0,0,0,0,0,0,0,0,0,0
0,0,13,10,0,0,0,0,5,0,12,10,11,0,0,0,0,4,0,2,0,0,0,10,0,0,0,6,0,0
0,0,8,0,0,0,0,0,0,0,0,1,0,0,0,0,0,0,0,3,0,0,1,4,0,0,0,0,2,0
0,0,9,4,0,0,1,0,0,0,3,16,6,0,0,0,1,1,0,4,0,0,6,7,1,0,1,4,3,0
0,1,16,1,2,1,1,1,1,0,17,92,1,0,0,2,2,3,0,2,0,5,21,19,5,0,1,3,6,0
0,0,14,1,1,8,1,8,0,0,11,27,0,0,0,3,7,1,0,2,0,14,17,17,2,0,1,2,3,0
0,0,1,1,0,0,0,0,0,0,0,2,0,0,0,0,0,0,0,0,0,0,2,0,0,0,0,0,0,0
0,1,1,0,0,0,0,0,0,0,1,1,3,0,0,1,0,1,0,0,0,0,3,0,0,0,0,0,1,0
0,0,3,7,0,0,0,0,0,0,0,1,0,0,0,0,0,0,0,0,0,0,1,0,0,0,0,2,0,0
0,0,4,1,0,0,0,0,0,0,0,1,1,0,0,1,0,0,0,0,0,10,3,1,0,0,2,0,1,0
0,0,8,0,0,0,0,0,0,0,1,1,0,0,0,0,0,0,0,1,0,0,0,2,0,0,0,0,0,0
0,0,4,0,0,0,0,0,0,0,0,0,0,0,0,0,0,0,0,0,0,0,1,0,0,0,0,0,0,0
2,2,9,0,0,0,0,0,0,0,8,12,1,0,0,0,1,2,0,2,0,1,0,10,0,0,1,1,0,0
0,0,5,5,0,0,0,1,0,0,0,2,3,0,0,0,0,0,0,2,0,0,0,1,0,0,0,6,2,0
0,0,3,0,0,0,0,0,0,0,0,0,0,0,0,0,0,0,0,0,0,0,0,0,0,0,0,0,0,0
0,0,1,3,1,1,0,1,0,0,2,2,0,0,0,0,3,0,0,0,0,2,0,5,0,0,0,0,0,0
0,0,5,0,0,0,0,0,0,0,2,5,2,0,0,0,0,0,0,0,0,0,0,1,0,0,0,0,0,0
0,0,1,0,1,0,0,0,0,0,2,1,0,0,0,0,0,0,0,0,0,0,0,1,0,0,0,0,0,0
0,0,5,1,0,0,0,0,0,0,2,0,0,0,0,0,0,0,0,0,0,1,0,1,0,0,0,0,0,0
0,1,2,2,0,0,0,0,0,0,1,1,1,0,0,0,0,1,0,0,0,1,0,0,0,0,0,3,0,0
0,0,11,1,0,0,0,0,0,0,1,20,0,0,0,0,0,0,0,0,1,0,4,5,3,0,0,1,0,0
0,0,2,6,1,0,0,2,0,0,5,10,10,0,0,0,1,1,0,1,0,2,7,10,0,0,1,5,1,0
0,0,3,1,0,0,0,0,0,0,1,4,1,0,0,0,0,0,0,0,0,0,0,5,0,0,0,2,0,0
0,2,0,1,0,0,0,0,0,0,1,1,0,0,0,0,0,0,0,0,0,0,0,0,0,0,0,1,0,0
0,0,2,6,0,0,0,0,0,0,0,0,3,0,0,2,0,0,0,0,0,0,1,0,1,0,0,2,0,0
0,0,0,4,0,0,0,0,0,0,0,2,2,0,0,0,0,1,0,0,0,0,0,0,0,0,0,2,0,0
0,1,1,0,0,0,0,0,0,0,1,1,0,0,0,1,0,0,0,0,0,0,0,1,0,0,0,0,0,0
0,3,18,10,0,1,0,0,2,2,0,6,1,0,0,0,2,0,0,0,0,0,0,10,0,0,0,0,1,0
0,2,6,2,0,0,1,2,0,0,12,11,1,0,0,0,1,2,0,0,0,0,0,5,0,0,0,0,0,0
0,0,7,4,0,0,0,0,0,0,5,3,0,0,0,0,1,0,0,0,0,0,0,8,0,0,0,3,1,0
0,1,5,1,0,0,0,0,0,0,1,8,0,0,0,0,0,0,0,0,0,0,2,2,0,0,0,1,0,0
0,0,18,0,1,0,0,1,2,0,5,16,1,0,0,1,0,0,0,1,0,0,0,4,0,0,0,0,1,0
0,4,43,8,2,2,3,2,0,0,6,5,2,0,0,0,4,2,0,1,0,0,0,9,0,0,0,2,2,0
0,66,57,10,1,3,11,2,0,0,7,6,1,5,0,0,3,1,0,2,0,0,0,21,0,0,0,0,0,0
2,4,19,10,18,3,2,2,0,0,18,18,9,0,0,3,4,4,0,2,0,1,5,21,3,0,1,9,6,0
0,0,7,4,24,0,0,0,0,0,16,9,1,0,0,3,1,2,0,1,0,0,0,8,0,0,0,2,0,0
2,4,37,7,1,1,1,0,4,0,4,12,1,0,0,0,6,1,0,0,0,0,0,15,1,0,0,1,0,0
0,6,67,21,0,9,0,4,0,0,9,22,1,0,0,1,11,2,0,1,0,2,3,19,2,0,0,1,2,0
0,2,21,12,2,5,0,3,0,0,1,6,1,0,0,0,7,0,0,1,0,0,0,6,0,0,1,2,0,0
0,1,3,0,0,0,0,0,0,0,2,11,0,0,0,0,0,0,0,0,0,0,0,4,0,0,0,0,0,0
0,0,10,0,0,0,0,0,0,0,1,17,0,0,0,0,0,0,0,0,0,0,3,5,0,0,0,0,0,0
0,0,2,0,0,0,0,0,0,0,1,3,0,0,0,0,0,0,0,0,0,0,0,6,0,0,0,0,0,0
0,3,34,2,0,1,2,1,0,0,4,23,4,0,0,1,1,4,0,1,0,0,4,24,3,0,0,4,2,0
0,0,18,1,0,2,0,1,0,0,1,28,2,0,0,0,3,0,0,1,0,0,3,17,0,0,0,1,0,0
0,22,51,14,3,11,5,3,0,3,13,5,0,1,0,1,11,10,0,0,0,0,1,9,0,0,0,1,1,0
0,1,21,0,0,0,2,0,0,0,4,15,0,0,0,0,1,1,0,0,0,1,0,8,0,0,0,0,0,0
0,3,31,6,3,1,0,0,0,0,4,7,3,0,0,2,2,0,0,0,0,0,0,8,0,0,1,6,0,0
0,0,11,0,1,1,0,0,0,0,1,6,0,0,0,0,0,4,0,0,2,0,1,5,0,0,0,0,0,0
0,0,1,2,0,0,0,0,0,0,3,5,1,0,0,1,1,0,0,0,0,0,0,1,0,0,0,0,0,0
0,0,6,11,1,0,0,0,0,0,3,7,6,0,0,0,0,1,0,0,0,1,0,3,0,0,1,5,1,0
0,3,33,6,1,0,2,0,2,0,3,16,1,0,0,0,3,0,0,0,0,0,0,8,0,0,0,1,0,0
0,0,3,1,0,0,0,0,0,0,0,0,0,0,0,0,0,0,0,0,0,0,0,1,1,0,0,0,0,0
1,0,14,10,0,0,1,0,0,0,3,13,3,0,0,2,6,0,0,1,0,1,1,5,3,0,0,2,0,0
0,7,17,9,1,0,1,0,1,0,2,8,1,0,0,0,3,0,0,0,0,0,1,3,1,0,0,2,4,0
0,2,6,2,2,0,0,0,3,0,3,11,0,0,0,0,2,0,0,1,0,0,0,4,1,0,0,1,0,0
0,0,57,0,0,0,0,0,0,0,3,8,0,0,0,0,4,0,0,0,0,0,2,13,0,0,0,10,0,0
0,15,17,1,0,1,0,1,0,0,1,0,1,0,0,0,2,0,0,1,0,0,0,3,0,0,0,0,0,0
0,2,28,0,0,0,0,1,0,0,2,10,1,0,0,0,0,0,0,0,1,0,0,3,0,0,0,1,1,0
0,5,10,3,0,1,0,0,0,0,5,9,1,0,0,0,1,0,0,0,0,0,0,3,0,0,0,1,2,0
0,4,24,0,0,0,0,1,0,0,3,7,0,0,0,0,0,0,0,0,0,0,0,5,0,0,0,1,0,0
0,0,6,0,0,0,0,0,0,0,2,2,1,0,0,0,0,0,0,0,0,0,0,1,0,0,0,0,0,0
0,3,22,4,0,1,1,0,0,0,3,8,2,0,0,1,1,1,0,0,0,0,1,6,0,0,0,4,0,0
0,0,19,1,0,0,2,0,0,0,3,16,1,0,0,0,0,0,0,0,0,0,0,8,2,0,0,1,0,0
0,1,15,0,0,0,0,0,0,0,1,8,0,0,0,0,0,0,0,0,0,0,0,2,0,0,0,0,0,0
0,5,34,13,2,2,4,0,0,4,12,17,2,0,0,1,6,1,0,0,0,0,2,12,2,0,1,2,2,0
0,1,9,0,1,0,0,0,2,0,1,6,0,0,0,0,3,0,0,0,0,0,0,2,0,0,0,0,0,0
