persons,norps,facs,orgs,gpes,products,events,arts,laws,langs,dates,times,percents,moneys,ords,cards,quants,location,label_fake
0,0,0,0,0,0,0,0,0,0,0,0,0,0,0,1,0,0,1
1,2,0,2,0,0,0,0,0,0,0,0,0,0,0,1,0,0,1
1,2,0,1,0,1,0,0,0,0,0,0,0,0,0,1,0,0,1
0,0,0,1,2,0,0,0,0,0,0,0,0,0,0,0,0,0,1
0,0,0,2,2,0,0,0,0,0,0,0,0,0,0,0,0,0,1
0,0,0,2,2,0,0,0,0,0,0,0,0,0,0,3,0,0,1
1,0,0,3,1,0,0,0,0,0,1,0,0,0,0,4,0,0,1
0,1,0,1,0,0,0,0,0,0,0,0,0,0,0,1,0,0,1
1,0,1,1,0,0,0,0,0,0,0,0,0,0,0,0,1,0,0
0,0,0,1,1,0,0,0,0,0,0,1,0,0,0,1,0,0,1
0,0,0,1,0,0,0,0,0,0,0,0,0,0,0,0,0,0,1
1,0,0,0,0,0,0,0,0,0,0,0,0,0,0,0,0,0,1
0,0,0,0,1,0,0,0,0,0,1,0,0,0,0,0,0,0,1
0,0,0,0,0,0,0,0,0,0,0,0,0,0,0,0,0,0,0
0,0,0,1,0,0,0,0,0,0,0,0,0,0,0,0,0,0,0
0,0,0,0,0,0,0,0,0,0,0,0,0,0,0,0,0,0,0
0,0,0,0,0,0,0,0,0,0,0,0,0,0,0,0,0,0,0
0,0,0,0,0,0,0,0,0,0,0,0,0,0,0,1,0,0,0
0,0,0,0,0,0,0,0,0,0,0,0,0,0,0,1,0,0,0
0,0,0,0,0,0,0,0,0,0,0,0,0,0,0,0,0,0,0
0,0,0,0,0,0,0,0,0,0,0,0,0,0,0,0,0,0,0
0,0,0,0,0,0,0,0,0,0,0,0,0,0,0,0,0,0,0
0,0,0,0,0,0,0,0,0,0,1,0,0,0,0,0,0,0,0
0,0,0,0,0,0,0,0,0,0,0,0,0,0,0,0,0,0,0
0,1,0,1,1,0,0,0,0,0,0,0,0,0,0,1,0,0,0
0,0,0,0,0,0,0,0,0,0,0,0,0,0,0,0,0,0,0
1,0,0,0,0,0,0,0,0,0,0,0,0,0,0,0,0,0,0
0,0,0,1,0,0,0,0,0,0,0,0,0,0,0,0,0,0,0
0,0,0,0,0,0,0,0,0,0,0,0,0,0,0,0,0,0,0
0,0,0,1,0,0,0,0,0,0,0,0,0,0,0,0,0,0,0
0,0,0,0,0,0,0,0,0,0,0,0,0,0,0,2,0,0,0
0,0,0,4,1,0,0,0,0,0,2,4,0,0,1,9,1,0,1
0,0,0,0,0,0,0,0,0,0,0,0,0,0,0,0,0,0,1
0,0,0,3,2,0,0,1,0,0,0,0,0,0,0,0,0,0,1
0,0,0,1,0,0,0,0,0,0,0,0,0,0,0,0,0,0,1
0,0,0,0,0,0,0,0,0,0,0,0,0,0,0,0,0,0,1
0,0,0,4,3,0,0,0,0,0,1,0,0,0,0,1,0,0,1
0,0,0,1,4,0,0,0,0,0,0,0,0,0,0,2,0,0,1
3,2,0,9,8,1,0,0,0,0,2,0,0,0,1,9,3,0,1
5,3,0,8,9,0,0,1,0,0,6,0,0,0,2,7,0,3,0
2,0,0,0,6,1,0,0,0,0,0,0,0,0,0,0,0,0,1
0,0,0,0,0,0,0,0,0,0,0,0,0,0,0,0,0,1,1
9,8,0,6,18,0,1,0,0,0,7,0,0,0,0,3,0,0,1
0,2,0,0,3,0,0,0,0,0,1,0,0,0,0,0,0,0,1
0,1,0,0,2,0,0,0,0,0,1,0,0,0,0,0,0,0,1
0,0,0,0,2,0,0,0,0,0,1,0,0,0,0,0,0,0,1
0,0,0,0,1,0,0,0,0,0,0,0,0,0,0,0,0,0,1
0,0,0,0,2,0,0,0,0,0,0,0,0,0,0,0,0,0,1
0,0,0,0,4,0,0,0,0,0,2,0,0,0,0,1,0,0,1
0,0,0,1,2,0,0,0,0,0,1,0,0,0,0,1,0,0,1
6,7,0,8,27,0,2,0,0,0,11,0,0,0,0,15,0,6,1
4,2,0,6,9,0,0,0,0,0,5,0,0,0,0,1,0,0,0
2,1,0,9,4,0,0,0,0,0,6,0,0,1,2,5,0,0,1
0,0,0,1,1,0,0,0,0,0,2,0,0,0,1,2,0,1,0
2,0,0,5,1,0,0,0,0,0,3,0,0,0,0,0,0,0,0
0,0,0,3,6,0,0,0,0,0,0,0,0,0,0,0,0,0,1
1,2,0,4,1,0,0,0,0,0,0,0,0,0,0,0,0,0,0
1,1,0,3,0,0,0,0,0,0,0,0,0,0,0,0,0,0,0
0,1,0,2,0,0,0,0,0,0,0,0,0,0,0,0,0,0,0
2,0,0,2,1,0,0,0,0,0,0,0,0,0,0,0,0,0,0
1,1,0,1,2,0,0,0,0,0,0,0,0,0,0,4,0,0,0
1,0,0,2,0,0,0,0,0,0,1,0,0,0,0,2,0,0,0
0,0,0,2,4,0,0,0,0,0,1,0,0,0,0,0,0,1,0
1,1,0,3,0,0,0,0,0,0,0,1,0,0,0,0,0,0,0
1,0,0,0,0,0,0,0,0,0,0,0,0,0,0,1,0,0,0
3,4,1,42,6,0,0,0,0,0,16,0,0,1,2,10,0,3,0
8,2,0,14,14,1,0,0,0,0,6,0,0,0,2,32,0,2,0
3,1,0,16,4,0,0,0,0,0,3,0,0,0,1,7,0,1,0
4,2,0,42,4,0,0,0,0,0,7,0,0,1,2,8,1,2,0
0,1,0,2,3,0,0,0,0,0,0,0,0,0,0,0,0,3,1
0,0,0,1,10,0,0,0,0,0,0,0,0,1,0,0,0,0,1
3,2,0,1,1,1,0,2,0,0,2,0,0,0,1,1,0,0,1
1,0,0,0,2,0,0,0,0,0,0,0,0,0,0,0,0,0,1
0,0,0,1,6,0,0,0,0,0,0,0,0,0,0,0,0,0,1
3,7,0,2,3,0,0,0,0,0,2,1,0,0,0,6,0,0,0
4,10,1,7,14,0,0,0,0,0,4,1,0,0,3,8,0,2,0
0,0,0,1,1,0,0,0,0,0,0,0,0,0,0,0,0,0,1
1,0,0,0,0,0,0,0,0,0,1,0,0,0,0,0,0,0,1
1,8,1,10,38,0,0,0,0,0,8,0,0,0,0,8,2,7,1
4,9,2,10,38,0,1,0,1,0,2,0,0,0,2,4,0,0,1
0,0,0,0,2,0,0,0,0,0,0,0,0,0,0,4,0,1,1
2,0,0,0,1,0,0,0,0,0,0,0,0,0,1,0,0,2,1
0,0,0,2,0,0,0,0,0,0,0,0,0,0,0,0,0,0,1
1,0,0,4,1,0,0,0,0,0,4,0,0,0,1,1,0,0,1
0,1,1,16,16,0,1,0,0,0,11,1,0,0,1,3,0,2,0
2,4,0,7,24,0,0,0,0,0,14,1,4,0,3,10,0,1,0
9,8,1,15,16,1,0,0,0,0,11,0,0,0,3,4,1,2,0
0,0,0,2,0,1,0,0,0,0,1,0,0,0,0,1,0,0,0
1,0,0,1,0,0,0,0,0,0,0,0,0,0,0,0,0,0,0
0,1,0,1,0,0,0,0,0,0,2,0,0,0,0,0,0,0,0
2,0,0,1,0,0,0,0,0,0,3,2,0,0,0,4,2,0,0
1,0,0,3,1,0,0,0,0,0,0,0,0,0,0,0,2,0,0
5,0,0,6,3,0,0,0,1,0,2,0,0,0,1,1,0,1,1
8,3,0,6,16,2,1,0,0,0,18,0,0,0,1,11,0,0,1
1,4,0,9,16,1,1,0,0,0,5,0,0,0,0,8,0,0,1
15,7,0,23,20,1,0,0,0,0,8,0,1,1,6,6,1,1,1
4,3,0,4,5,0,1,0,0,0,6,0,0,0,0,10,0,0,1
20,7,4,51,31,1,0,2,0,0,13,3,0,0,8,30,2,0,1
2,0,1,7,1,0,0,0,0,0,0,0,0,0,0,2,0,0,1
5,4,0,7,4,1,0,0,0,0,2,1,0,0,2,5,0,0,1
0,0,0,0,0,0,1,0,0,0,0,0,0,0,1,4,0,0,1
25,16,1,86,31,1,1,0,0,0,35,0,2,2,1,47,0,0,1
4,11,0,6,8,0,1,0,0,0,3,0,0,0,3,3,1,0,1
7,5,0,6,8,0,0,0,0,1,2,0,1,0,0,1,0,0,1
1,2,0,2,1,0,0,0,0,0,0,0,0,0,1,1,0,0,1
7,0,0,12,4,0,0,0,1,0,4,1,0,0,1,1,0,1,1
2,0,0,7,0,0,0,0,0,0,7,0,0,0,0,2,0,0,1
12,3,3,47,48,2,0,1,0,0,45,0,3,2,9,18,3,1,1
4,0,0,0,0,0,0,1,0,0,2,0,0,0,1,2,0,0,1
2,1,0,1,3,1,0,0,1,0,3,0,0,0,0,2,0,0,0
3,0,0,13,2,0,0,0,0,0,0,0,0,0,0,0,1,0,0
8,3,0,10,0,0,0,0,2,0,3,0,0,0,0,5,0,0,1
17,4,0,52,21,0,3,2,2,0,13,1,0,0,4,48,2,2,1
0,1,0,2,0,0,0,0,0,0,0,0,0,0,0,0,0,0,1
5,1,0,24,0,0,0,0,0,0,1,1,0,0,2,3,0,0,0
3,0,0,3,2,1,1,0,0,0,1,0,0,0,0,1,0,0,1
0,0,0,1,0,0,0,0,0,0,1,0,0,0,0,0,0,0,1
0,1,2,5,0,0,0,3,0,0,4,0,0,0,0,11,1,0,1
0,0,0,4,2,0,0,0,0,0,0,0,0,0,0,1,0,0,1
2,0,0,0,2,1,0,1,0,0,4,0,0,0,0,4,1,0,1
2,0,0,0,1,0,0,0,0,0,0,0,0,0,0,1,0,0,1
0,0,0,1,0,0,0,0,0,0,0,1,0,0,0,0,0,0,1
6,3,0,25,0,0,0,0,0,0,2,0,0,0,0,2,0,0,0
12,3,0,13,2,1,0,0,0,0,4,2,0,0,0,4,0,0,0
14,1,0,23,10,0,0,0,0,0,5,1,0,0,1,8,0,1,0
9,3,0,23,17,0,0,0,0,0,20,0,3,1,2,10,2,1,0
3,0,0,10,1,0,0,0,0,0,1,0,0,0,1,5,0,1,0
1,5,0,13,31,2,1,0,0,0,30,0,8,0,1,17,2,2,0
16,3,1,11,14,0,0,1,0,0,11,0,0,0,3,12,0,1,0
12,17,0,21,39,1,0,1,0,0,26,2,1,0,3,22,0,3,1
5,1,0,5,30,0,1,0,0,0,1,0,0,1,0,9,1,6,1
2,0,0,1,0,0,0,0,0,0,0,0,0,0,0,0,0,0,1
0,0,0,1,2,0,0,0,0,0,0,0,0,0,0,2,0,0,1
2,2,0,2,13,0,0,0,0,0,6,0,0,0,4,1,0,0,1
1,0,0,6,1,0,0,0,0,0,0,0,0,0,0,0,0,0,1
1,1,0,5,7,0,0,0,0,0,0,0,0,0,1,0,0,0,1
2,1,0,9,2,0,0,0,0,0,2,1,0,0,0,10,0,0,0
14,2,0,29,6,2,0,1,0,0,24,0,0,2,4,17,0,0,0
3,3,0,7,10,0,0,0,0,0,3,0,0,0,2,2,0,0,0
1,0,0,4,4,0,1,0,0,0,7,0,0,0,5,4,0,0,0
27,6,0,39,43,2,0,0,0,0,18,0,0,6,7,35,0,3,0
20,2,0,42,14,5,1,0,0,0,19,0,0,2,2,12,0,1,0
6,3,2,16,21,1,0,0,0,0,13,1,0,0,3,50,0,10,1
7,2,0,11,2,1,0,1,0,0,5,1,0,1,0,11,0,0,1
40,4,0,60,11,0,0,1,4,0,18,2,0,1,3,12,0,0,1
20,2,0,23,9,1,0,3,1,0,10,0,0,0,2,16,1,0,1
20,6,0,40,26,2,0,2,0,0,21,1,0,2,3,25,0,4,1
21,4,0,35,8,2,1,1,2,0,23,0,0,0,3,15,0,1,1
20,10,0,46,25,0,1,3,1,0,9,3,2,0,3,23,1,1,1
6,2,2,13,6,0,0,0,1,0,5,1,0,0,0,5,0,0,1
0,0,0,0,0,0,0,0,0,0,2,0,0,0,0,0,0,0,1
1,2,0,4,15,1,0,1,0,0,4,0,0,0,1,1,0,0,1
14,16,2,51,24,2,0,1,0,0,17,0,0,0,10,6,2,0,1
5,1,0,10,8,0,0,0,0,0,12,0,0,0,4,10,0,0,0
8,0,0,19,9,0,0,0,0,0,16,7,0,0,1,10,0,0,0
5,1,0,7,3,2,0,0,0,0,8,7,0,0,0,2,4,1,0
6,0,0,8,0,0,1,0,0,0,6,2,0,0,2,1,1,0,0
5,0,0,15,1,0,0,0,1,0,18,3,0,0,0,5,1,0,0
3,0,1,1,0,2,0,0,0,0,5,0,0,0,0,1,0,0,0
1,0,0,3,2,0,0,0,0,0,1,0,0,0,2,1,0,0,0
2,0,0,0,0,0,0,0,0,0,0,1,0,0,0,0,0,0,0
0,0,0,1,0,0,0,0,0,0,1,0,0,0,0,0,0,0,0
0,0,0,2,0,0,0,0,0,0,0,0,0,0,0,0,0,0,0
0,0,0,2,1,0,0,0,0,0,3,0,0,0,0,0,0,0,0
0,0,0,0,0,0,0,0,0,0,1,0,0,0,0,1,0,0,0
1,0,0,1,3,0,0,0,0,0,0,0,0,0,0,2,0,0,0
0,0,0,0,0,0,0,0,0,0,0,0,0,0,0,0,1,0,0
0,0,0,0,0,1,0,0,0,0,0,3,0,0,0,0,0,0,0
0,0,0,2,1,0,0,0,0,0,0,0,0,0,0,1,0,0,0
7,1,0,15,4,0,0,0,0,0,1,1,1,0,0,0,0,0,0
31,15,3,51,57,1,2,4,2,0,41,3,0,2,9,34,2,0,1
10,3,3,53,48,2,2,2,0,0,46,0,3,3,9,23,3,1,1
1,0,0,3,1,0,0,1,0,0,4,0,0,0,1,6,0,0,0
1,0,0,5,1,0,0,0,0,0,7,0,1,0,0,4,0,0,1
3,5,0,6,6,0,0,0,0,0,4,0,0,0,0,3,0,1,1
5,4,0,8,11,0,0,0,0,0,7,0,0,0,0,1,0,0,1
2,0,0,6,0,0,1,0,0,0,6,0,0,0,0,3,0,0,1
28,8,2,27,11,2,0,4,0,0,17,0,3,2,4,15,1,3,1
10,0,0,20,4,0,1,1,7,0,13,0,0,1,4,5,0,1,1
4,4,0,7,7,0,0,0,0,0,23,0,0,0,2,14,0,2,0
11,8,0,31,16,0,0,2,0,0,10,0,0,2,0,5,0,0,1
19,5,4,24,22,2,1,0,0,0,11,4,0,1,0,11,0,1,1
0,0,0,0,6,0,0,0,0,0,1,0,0,0,0,0,0,0,1
8,10,0,13,30,1,0,0,0,0,16,0,0,0,0,15,1,2,1
3,2,0,13,3,0,0,0,1,0,5,0,0,0,0,5,0,0,1
0,0,0,1,1,0,0,0,0,0,2,0,0,0,0,4,0,0,1
0,0,0,0,2,1,0,0,0,0,0,0,0,0,0,0,0,0,1
21,2,0,15,11,0,1,2,0,0,24,6,0,1,1,30,8,1,1
11,15,1,25,9,2,2,0,0,0,9,1,0,0,3,13,0,1,1
1,0,0,8,4,0,0,0,0,0,4,0,0,0,0,0,0,0,1
19,31,2,73,18,2,0,0,1,0,22,0,0,0,2,7,1,2,1
0,1,0,0,0,0,0,0,0,0,0,0,0,0,0,0,0,0,1
5,3,0,9,9,0,0,1,0,0,6,0,0,0,2,5,0,3,0
16,14,3,13,15,0,0,1,0,0,10,1,0,0,2,13,0,1,1
12,4,1,3,11,0,0,0,0,0,7,0,0,0,0,3,0,1,1
4,2,0,15,7,0,1,2,2,0,16,0,0,0,3,5,0,0,1
2,0,0,6,8,0,0,0,0,0,4,0,0,0,0,12,1,1,1
7,6,0,23,14,1,0,1,0,0,10,1,0,0,0,13,4,1,1
3,1,0,9,1,0,0,0,0,0,1,0,0,0,1,5,0,1,0
19,10,0,62,84,1,0,3,0,0,67,2,0,0,8,54,3,3,0
3,3,0,14,3,1,0,0,0,0,4,0,0,0,0,11,0,0,1
11,1,0,20,0,0,0,1,0,0,8,0,0,0,1,3,0,0,1
5,6,0,16,6,1,0,0,0,0,10,0,0,0,3,7,0,0,1
5,5,1,20,12,0,0,0,0,0,9,0,0,0,5,17,0,0,1
9,0,0,3,5,1,0,1,0,0,6,1,0,1,0,18,0,0,1
11,1,0,7,4,0,0,0,0,0,5,1,1,0,2,8,1,0,1
6,4,0,2,7,1,0,1,0,0,6,0,0,0,0,8,0,0,1
6,0,0,8,2,0,0,0,0,0,8,0,0,0,1,7,0,0,1
10,0,0,0,4,0,0,0,0,0,1,0,0,0,1,11,0,0,1
6,1,0,2,6,0,0,0,0,0,4,0,0,0,0,5,0,0,1
8,1,0,7,10,0,0,0,0,0,12,0,0,0,2,5,3,0,0
1,6,0,9,10,0,0,1,0,0,4,0,1,0,0,3,0,0,1
3,1,0,15,12,0,0,1,0,0,13,0,1,0,3,26,0,3,1
2,3,1,14,15,0,0,1,0,0,7,1,0,0,0,3,0,0,1
2,1,0,2,0,0,0,0,0,0,1,0,0,0,0,0,0,0,1
0,0,0,0,2,0,0,0,0,0,1,0,0,0,0,2,0,0,1
29,2,0,40,23,6,0,2,0,0,19,0,5,0,7,47,0,1,1
7,0,0,15,2,0,0,0,2,0,9,0,0,0,1,18,0,2,0
0,0,0,0,0,0,0,0,0,0,1,0,0,0,0,0,0,0,1
13,5,0,20,12,0,0,0,0,0,8,0,0,0,1,10,1,0,1
11,3,0,18,8,0,0,0,0,0,7,0,0,0,1,10,0,3,1
6,0,0,17,1,0,0,0,2,0,6,0,0,0,0,17,0,1,0
9,2,1,24,4,1,1,2,0,0,16,4,3,1,0,17,1,1,1
5,0,0,2,2,0,0,0,0,0,2,2,0,0,0,7,0,0,1
1,2,0,4,14,1,0,1,0,0,5,0,0,0,1,2,0,0,1
20,21,0,40,40,0,0,1,0,0,31,2,0,1,6,38,1,1,1
8,1,1,16,3,0,1,0,0,0,6,0,0,0,1,11,0,0,1
20,38,1,54,82,0,0,1,0,0,31,1,0,0,5,26,0,4,1
22,34,2,51,96,2,2,1,0,0,21,2,0,0,3,41,0,2,1
45,14,1,20,38,2,1,1,0,0,34,4,0,1,3,19,6,5,1
5,5,0,15,53,0,2,1,0,0,11,2,1,0,4,48,0,8,1
9,2,1,22,5,2,0,1,0,0,19,5,0,1,0,22,1,1,1
17,5,0,54,21,0,3,1,2,0,14,1,0,0,4,42,2,2,1
3,0,1,6,3,0,0,1,0,0,1,0,0,0,0,6,0,0,1
9,1,1,7,3,0,0,0,0,0,1,0,1,0,0,5,0,0,1
2,0,2,11,32,0,2,2,0,0,5,0,0,0,3,13,0,3,1
0,2,1,8,3,0,0,0,0,0,3,2,0,1,0,3,0,0,1
8,1,0,13,5,0,0,0,0,0,8,1,0,0,0,10,0,0,1
8,4,0,17,7,0,0,2,0,0,12,2,0,0,1,7,0,2,1
4,1,0,3,2,0,0,0,0,0,3,0,0,0,0,4,0,1,1
0,0,0,0,0,0,0,0,0,0,0,0,0,0,0,2,0,0,1
1,0,0,0,2,0,0,0,0,0,0,0,0,0,0,0,0,0,1
15,0,0,11,7,1,0,0,2,0,4,0,0,0,0,1,0,1,1
6,8,0,17,13,2,0,0,0,0,8,0,0,0,1,3,0,2,1
12,4,0,10,12,0,1,0,0,0,5,0,1,0,3,1,0,1,1
1,1,0,4,9,0,0,0,0,0,0,3,0,0,1,0,0,0,1
4,0,0,9,4,1,0,0,0,0,1,1,0,0,1,3,0,2,1
4,4,0,16,1,3,0,0,1,0,6,0,0,0,3,5,1,0,1
4,4,0,16,1,3,0,0,1,0,6,0,0,0,3,5,1,0,1
4,0,0,9,4,1,0,0,0,0,1,1,0,0,1,3,0,2,1
1,1,0,4,9,0,0,0,0,0,0,3,0,0,1,0,0,0,1
12,4,0,10,12,0,1,0,0,0,5,0,1,0,3,1,0,1,1
6,8,0,17,13,2,0,0,0,0,8,0,0,0,1,3,0,2,1
15,0,0,11,7,1,0,0,2,0,4,0,0,0,0,1,0,1,1
15,0,0,11,7,1,0,0,2,0,4,0,0,0,0,1,0,1,1
6,8,0,17,13,2,0,0,0,0,8,0,0,0,1,3,0,2,1
4,0,0,9,4,1,0,0,0,0,1,1,0,0,1,3,0,2,1
4,0,0,9,4,1,0,0,0,0,1,1,0,0,1,3,0,2,1
6,8,0,17,13,2,0,0,0,0,8,0,0,0,1,3,0,2,1
4,4,0,16,1,3,0,0,1,0,6,0,0,0,3,5,1,0,1
15,0,0,11,7,1,0,0,2,0,4,0,0,0,0,1,0,1,1
6,8,0,17,13,2,0,0,0,0,8,0,0,0,1,3,0,2,1
12,4,0,10,12,0,1,0,0,0,5,0,1,0,3,1,0,1,1
6,8,0,17,13,2,0,0,0,0,8,0,0,0,1,3,0,2,1
3,0,1,6,1,0,0,0,0,0,0,0,0,0,0,2,0,0,1
3,2,0,10,9,1,0,2,0,0,5,0,0,0,1,3,0,0,1
3,0,0,8,6,1,0,0,0,0,4,0,1,0,2,2,0,0,1
7,12,0,13,6,1,0,0,0,0,4,0,0,0,2,5,0,0,1
8,0,0,12,0,0,0,1,0,0,3,1,0,0,1,9,0,0,1
14,3,0,15,12,0,0,0,1,0,2,0,0,0,1,2,0,0,1
8,5,0,28,22,0,1,0,0,0,5,0,0,1,0,6,2,0,1
2,0,0,3,5,0,0,0,0,0,0,0,0,0,1,4,0,0,1
18,4,0,55,20,0,3,1,2,0,11,1,0,0,4,46,2,2,1
11,6,1,21,13,1,0,0,1,0,21,1,0,2,3,19,0,1,1
7,3,0,28,43,0,1,1,0,0,21,0,0,0,0,25,1,1,1
1,3,0,4,2,0,0,0,0,0,4,0,0,0,0,8,0,0,1
2,0,0,24,9,0,0,1,0,0,5,3,0,1,1,8,0,0,1
10,13,2,39,64,0,3,2,1,0,27,1,0,0,5,24,0,4,1
5,0,0,4,4,0,0,0,0,0,7,0,0,0,0,19,0,0,1
6,1,0,4,4,0,0,0,0,0,2,2,0,1,0,7,0,0,1
6,18,1,13,27,1,0,0,0,0,9,0,0,0,0,12,0,2,1
7,15,0,13,33,0,0,2,0,0,8,0,0,0,1,4,0,1,1
3,2,0,13,3,0,0,0,1,0,5,0,0,0,0,5,0,0,1
22,16,0,75,46,1,4,2,2,0,59,0,0,2,6,44,1,4,1
5,14,0,7,19,0,1,0,0,0,9,0,0,0,1,4,0,0,1
7,10,3,32,38,0,5,0,0,0,19,0,0,0,1,10,0,5,1
11,2,0,9,7,0,1,1,0,0,1,0,0,0,0,1,1,0,1
25,11,2,28,10,0,0,2,0,0,17,0,0,1,2,10,0,0,1
4,11,0,23,62,1,0,1,0,0,11,2,0,1,0,24,2,3,1
0,0,0,1,2,0,0,0,0,0,0,0,0,0,0,0,0,0,1
0,1,0,0,1,0,0,0,0,0,0,0,0,0,0,1,0,0,1
4,0,0,0,0,0,0,0,0,0,1,0,0,0,0,2,0,0,1
26,22,3,67,41,4,1,3,0,0,24,1,0,0,4,19,6,2,1
1,0,0,0,2,0,0,0,0,0,0,0,0,0,0,0,0,0,1
45,22,0,54,22,1,0,0,1,0,35,1,3,2,9,36,0,0,0
11,1,0,28,11,2,0,0,0,0,19,1,1,1,6,30,0,1,0
0,1,0,0,0,0,0,1,0,0,0,0,0,0,0,0,0,0,1
0,2,1,0,2,0,0,0,0,0,0,0,0,0,0,1,0,0,1
0,1,0,1,1,0,0,0,0,0,1,0,0,0,0,0,0,0,1
7,2,0,9,1,0,0,0,0,0,1,0,2,0,0,3,0,0,1
0,0,0,1,1,0,0,0,0,0,1,0,0,0,1,3,0,0,1
5,18,0,17,7,2,0,2,0,0,7,0,0,0,1,1,1,0,1
23,35,2,74,17,2,1,0,1,0,22,0,0,0,2,7,1,3,1
20,16,2,33,22,4,4,3,0,0,9,0,0,0,3,8,0,0,1
16,19,2,29,7,2,0,1,0,0,4,0,0,0,0,0,0,0,1
4,2,1,9,9,1,0,1,0,0,2,0,0,0,1,8,3,0,1
18,12,0,24,12,3,0,0,0,1,14,0,0,0,2,9,0,1,1
35,25,0,76,52,3,1,1,2,1,56,0,0,4,3,36,0,1,1
0,0,0,0,1,0,0,0,0,0,0,0,0,0,0,0,0,0,1
1,4,1,0,1,0,0,0,0,0,0,0,0,0,0,0,0,1,1
7,2,0,11,2,0,0,1,0,0,6,0,0,0,0,15,1,0,0
10,0,0,4,1,0,0,1,0,0,12,0,0,0,1,2,0,0,0
15,4,0,11,14,2,0,0,0,0,9,0,0,0,2,3,0,2,0
12,5,0,20,6,0,0,2,0,0,11,2,0,0,2,6,0,0,0
21,3,1,15,31,0,0,0,0,0,14,0,0,0,4,17,0,2,0
11,4,0,37,9,0,0,0,0,0,28,2,0,0,1,18,0,2,0
13,2,3,24,22,0,0,3,0,0,18,0,0,4,9,16,0,0,0
8,4,0,18,28,0,0,1,0,0,8,0,0,0,3,11,0,0,0
11,0,0,13,14,0,1,0,0,0,17,0,0,1,1,12,0,0,0
10,3,0,27,8,0,0,1,0,0,9,0,1,0,2,8,1,0,0
20,13,0,40,18,2,0,3,1,0,15,0,5,0,3,17,4,2,0
8,3,0,9,3,0,0,0,0,0,1,1,0,0,0,3,3,0,0
5,13,2,10,11,0,1,1,0,0,4,0,0,0,2,4,1,3,0
12,13,0,11,18,0,0,1,0,0,2,0,0,0,0,5,0,2,0
0,0,0,3,2,0,0,1,0,0,0,0,0,0,0,0,0,0,1
0,0,0,1,0,0,0,0,0,0,0,1,0,0,0,0,2,0,0
9,3,0,23,16,0,0,0,0,0,18,0,3,0,2,11,2,2,0
9,3,1,4,2,0,0,0,0,0,0,0,0,0,0,1,0,0,0
0,0,0,3,5,0,0,1,0,0,1,0,0,0,1,0,0,0,0
4,2,0,4,1,0,0,0,0,0,5,0,0,0,0,6,0,1,0
8,3,0,12,1,0,0,0,0,0,3,0,0,0,0,8,0,0,0
6,1,0,15,0,0,0,0,0,0,7,0,0,0,2,1,0,0,0
3,3,0,14,3,0,0,0,0,0,5,0,0,0,0,10,0,0,1
7,6,4,34,29,0,0,0,1,0,20,0,0,1,3,16,0,1,1
2,3,0,6,5,0,0,0,0,0,0,0,0,0,0,0,0,0,1
0,1,0,8,11,0,0,0,0,0,1,0,0,0,0,0,0,0,0
9,17,0,21,33,1,1,1,0,0,25,2,1,0,3,25,0,3,1
0,1,0,0,0,0,0,0,0,0,0,0,0,0,0,0,0,0,1
6,3,0,16,4,2,0,1,0,0,4,0,0,0,0,15,0,0,0
6,3,0,14,3,2,0,1,0,0,7,0,0,1,3,10,0,3,1
16,19,0,19,20,0,1,4,0,0,15,0,0,0,4,6,0,7,1
1,0,0,4,10,0,0,2,0,0,15,0,0,0,2,5,0,2,1
13,11,1,51,20,0,5,6,4,0,13,0,0,4,1,17,1,9,1
3,2,0,5,5,0,0,1,0,0,17,1,1,0,1,6,0,1,1
1,0,0,7,2,0,0,0,0,0,7,0,0,0,0,10,0,1,0
5,0,0,12,11,0,0,0,0,0,15,0,0,0,1,8,0,1,0
10,5,0,28,28,2,0,0,0,0,53,0,0,0,2,51,0,4,0
2,0,0,9,3,0,0,1,0,0,6,0,0,0,1,7,0,3,0
4,1,0,5,3,1,0,0,0,2,14,0,0,0,6,13,0,0,0
6,0,0,17,0,1,0,1,0,0,13,0,8,3,4,21,3,0,0
1,0,0,1,0,0,0,0,0,0,1,0,0,0,0,0,0,0,0
0,0,0,2,0,0,0,0,0,0,0,0,0,0,0,0,0,1,0
2,0,0,2,5,0,0,0,0,0,7,0,0,0,1,6,0,0,0
0,0,0,0,0,0,0,0,0,0,2,1,0,0,0,2,1,0,0
0,0,0,0,0,0,0,0,0,0,3,0,0,0,0,0,0,0,0
0,0,0,1,0,0,0,0,0,0,2,0,0,0,0,1,0,0,0
1,0,0,1,3,0,0,0,0,0,1,0,0,0,0,0,0,0,0
0,0,0,0,0,0,0,0,0,0,1,0,0,0,0,0,0,0,0
0,0,0,0,0,0,0,0,0,0,2,0,0,0,0,2,0,0,0
0,0,0,0,1,0,0,0,0,0,1,0,0,0,0,2,0,0,0
0,0,0,0,0,0,0,0,0,0,1,0,0,0,0,0,0,0,0
0,0,0,1,0,0,0,0,0,0,0,0,0,0,0,0,0,0,0
1,0,0,0,0,0,0,0,0,0,0,0,0,0,0,0,0,0,0
1,0,0,1,0,0,0,0,0,0,0,0,0,0,0,0,0,0,0
0,0,0,0,0,0,0,0,0,0,0,0,0,0,0,2,0,0,0
0,0,0,0,0,0,0,0,0,0,0,0,0,0,0,0,0,0,0
0,0,0,0,0,0,0,0,0,0,0,1,0,0,0,0,1,0,0
0,0,0,0,0,0,0,0,0,0,0,0,0,0,0,1,1,0,0
0,1,0,2,1,0,0,0,0,0,1,0,0,0,0,0,0,0,0
0,0,0,0,0,0,0,0,0,0,0,0,0,0,0,0,0,0,0
0,1,0,1,2,0,0,0,0,0,1,0,0,0,0,0,0,0,0
0,0,0,0,0,0,0,0,0,0,1,0,0,0,1,0,0,0,0
0,0,1,2,0,0,0,0,0,0,0,0,0,0,0,0,0,0,0
0,0,0,1,0,0,0,0,0,0,0,0,0,0,0,0,0,0,0
1,0,0,1,0,0,0,0,0,0,0,1,0,0,0,0,0,0,0
7,4,0,11,13,0,0,0,0,0,5,2,0,0,0,4,0,1,1
2,1,0,3,7,0,0,0,0,0,10,3,0,1,5,7,1,0,0
16,27,2,25,32,1,0,1,0,0,3,1,0,0,1,12,0,3,1
6,12,0,22,76,0,4,0,0,0,15,0,0,1,2,21,0,7,1
5,8,0,26,31,0,0,0,0,0,6,0,0,0,0,4,0,1,1
5,2,0,9,4,0,0,0,0,0,3,0,0,0,1,3,1,0,0
18,8,0,18,13,0,1,0,0,0,5,1,0,0,2,7,0,2,1
7,5,0,8,8,0,0,0,0,0,8,0,0,0,1,6,0,1,1
32,11,2,59,43,1,3,2,1,0,39,1,0,3,6,31,0,1,1
6,11,0,9,31,0,0,0,0,0,1,0,0,0,0,6,0,3,1
10,14,0,16,15,0,0,0,0,0,13,2,4,0,2,8,0,3,0
1,10,0,7,11,0,0,0,0,0,2,0,0,0,0,3,1,1,1
0,11,0,4,1,1,1,1,0,0,6,0,0,0,1,9,0,3,1
0,0,0,1,0,0,0,0,0,0,0,0,0,0,0,0,0,0,1
0,0,0,1,0,0,0,0,0,0,0,0,0,0,0,0,0,0,1
0,0,0,1,0,0,0,0,0,0,0,0,0,0,0,0,0,0,1
1,0,0,1,0,0,0,0,0,0,0,0,0,0,0,0,0,0,1
1,0,0,1,0,0,0,0,0,0,0,0,0,0,0,0,0,0,1
1,0,0,1,0,0,0,0,0,0,0,0,0,0,0,0,0,0,1
11,6,0,17,1,0,0,2,0,0,7,0,0,0,1,3,0,0,1
10,1,2,6,4,0,0,0,0,0,0,0,0,0,2,4,0,1,1
3,0,0,12,6,1,0,0,0,0,1,0,0,0,1,0,0,0,0
8,2,0,5,0,0,0,1,0,0,2,0,0,0,0,3,0,0,0
2,1,0,2,0,0,1,0,0,0,1,0,0,0,0,1,0,0,0
8,4,0,13,0,0,0,0,0,0,3,0,0,0,0,1,0,0,0
12,24,0,26,43,0,2,0,0,0,10,0,0,1,4,16,2,1,1
10,9,0,3,8,0,0,1,0,0,2,0,0,0,0,0,0,0,1
12,24,1,19,42,0,0,0,0,1,6,0,0,0,3,3,1,17,1
3,16,0,16,34,0,1,0,0,0,12,0,0,0,3,3,0,4,1
21,20,2,29,77,0,2,0,2,0,14,0,0,0,1,4,0,6,1
6,5,2,22,11,1,0,1,1,0,10,0,0,0,0,3,0,4,1
1,0,0,1,0,0,0,0,0,0,0,0,0,0,0,1,0,0,1
2,0,0,0,0,0,0,0,0,0,1,0,0,0,0,0,0,0,1
5,1,0,2,4,0,0,0,0,0,5,0,0,0,0,0,0,0,0
1,1,0,9,10,0,0,0,0,0,8,0,0,0,0,3,0,4,1
0,5,0,1,4,0,0,0,0,0,2,0,0,0,0,0,0,0,1
2,17,2,21,20,0,0,0,1,0,10,0,0,0,1,6,1,1,1
4,1,0,5,3,0,0,0,0,0,3,0,0,0,4,9,0,2,0
5,9,1,25,14,0,0,0,0,0,10,0,0,0,1,5,0,0,0
16,5,0,26,22,0,0,0,0,0,8,1,3,0,1,15,0,2,0
1,5,0,8,4,0,0,0,0,0,4,0,0,0,1,5,0,0,1
5,3,0,10,10,0,0,0,0,0,10,0,0,0,0,3,1,0,1
13,0,0,20,32,6,0,2,8,0,11,0,0,1,2,57,1,0,1
6,10,0,12,11,0,1,0,0,0,3,0,0,0,4,3,1,0,1
0,1,0,3,1,1,0,0,0,0,2,0,0,0,0,1,0,0,1
42,18,6,97,43,0,2,3,2,0,46,0,0,1,6,25,0,2,1
1,2,0,2,1,0,0,0,0,0,0,0,0,0,1,1,0,0,1
2,0,0,6,5,0,0,0,0,0,2,3,0,0,0,11,0,0,0
3,1,0,5,10,0,0,0,0,0,13,1,0,0,1,4,1,0,0
1,0,0,7,4,0,0,0,0,0,2,3,0,0,0,10,0,0,0
4,0,0,3,1,0,0,0,1,0,1,0,0,0,0,0,0,0,1
12,10,0,38,18,0,1,0,2,0,24,0,0,0,6,21,0,1,1
10,5,0,19,16,0,1,0,0,0,11,0,0,1,5,24,0,2,1
11,0,0,14,4,1,0,0,0,0,3,0,0,0,0,3,0,2,1
3,0,0,8,0,0,0,0,0,0,6,1,0,0,1,3,4,1,0
5,0,0,5,0,0,0,0,0,0,10,1,0,0,2,4,1,1,0
1,1,0,6,0,0,0,0,0,0,2,0,0,0,1,2,3,0,0
2,3,0,14,3,0,0,0,0,0,6,0,0,0,1,2,0,0,0
0,0,0,0,0,0,0,0,0,0,1,0,0,0,0,0,0,0,1
3,0,0,5,0,0,0,0,0,0,2,1,0,0,0,1,0,0,1
7,0,2,26,4,1,0,1,0,0,10,1,0,0,1,5,0,0,0
1,0,0,1,3,0,0,0,0,0,0,0,0,0,0,0,0,0,1
1,1,1,3,6,0,1,0,0,0,9,0,0,0,0,0,0,1,0
2,3,0,14,3,0,0,0,0,0,6,0,0,0,1,1,0,0,0
11,10,0,16,24,0,0,0,0,0,11,0,0,1,1,7,0,4,1
0,0,0,1,0,0,0,0,0,0,0,0,0,0,0,0,0,0,1
0,2,0,1,2,0,0,0,0,0,1,0,0,0,0,0,0,0,0
0,0,0,0,0,0,0,0,0,0,0,0,0,0,0,0,0,0,1
2,0,0,5,1,0,0,0,0,0,1,0,0,0,0,0,0,0,0
0,0,0,0,0,0,0,0,0,0,0,0,0,0,0,0,0,0,1
5,2,0,15,0,0,0,0,0,0,8,1,0,0,1,2,1,0,0
1,0,1,2,2,0,0,0,0,0,3,0,0,0,0,0,0,0,1
2,0,0,3,1,0,0,0,0,0,3,1,0,0,2,6,0,0,0
3,3,0,3,6,0,0,1,0,0,12,1,0,0,1,0,1,1,0
0,0,0,7,0,0,0,0,0,0,3,7,0,0,0,3,1,0,0
16,14,3,13,15,0,0,1,0,0,10,1,0,0,2,14,0,1,1
7,5,0,11,11,0,0,0,0,0,4,0,0,1,3,4,0,0,1
5,0,0,8,4,0,0,2,0,0,9,0,1,0,0,17,2,3,0
25,2,0,38,23,1,0,1,0,0,17,2,8,1,2,22,4,2,0
0,0,0,2,0,0,0,0,0,0,1,0,0,0,0,2,0,0,1
0,0,0,5,8,0,0,0,0,0,7,0,0,0,3,14,0,0,1
1,0,0,1,6,0,0,0,0,0,6,0,0,0,0,13,0,0,1
3,3,0,8,14,0,0,2,0,0,4,0,0,0,3,52,0,1,1
3,2,0,11,13,0,0,1,0,0,7,0,0,0,4,37,0,1,1
1,1,0,10,9,0,0,0,0,0,7,0,0,0,5,19,0,0,1
0,0,0,0,3,0,0,0,0,0,0,0,0,0,0,1,0,0,1
15,7,0,45,22,0,0,1,0,1,37,4,0,0,5,18,2,1,0
5,2,0,16,1,0,0,1,0,0,8,0,0,0,1,7,0,0,1
0,1,0,10,9,0,0,0,0,0,7,0,0,0,5,18,0,0,1
2,3,0,4,11,0,0,0,0,1,4,0,0,0,3,25,0,1,1
19,5,0,11,3,0,0,0,0,0,4,0,0,1,0,9,0,0,1
14,1,0,6,1,0,0,0,0,0,1,0,0,0,0,6,0,4,1
8,1,0,0,2,0,0,0,2,0,3,0,0,1,0,7,0,0,1
10,0,0,9,4,0,0,0,0,0,1,0,0,0,0,13,0,0,1
11,0,0,14,4,1,0,0,0,0,3,0,0,0,0,3,0,2,1
24,12,1,28,6,1,0,1,0,0,6,0,0,3,1,32,0,4,1
9,4,0,11,6,0,0,1,0,0,12,0,0,0,2,10,0,2,1
20,3,0,39,6,1,0,2,0,0,10,0,0,0,1,11,0,0,1
0,0,0,0,0,0,0,0,0,0,0,0,0,0,0,2,0,0,1
17,0,0,35,8,0,1,1,0,0,5,4,0,0,1,6,0,0,1
3,3,0,11,7,0,1,0,0,0,8,0,0,0,1,6,0,0,1
6,4,0,5,5,0,0,0,0,0,3,0,0,0,0,7,0,0,1
2,0,0,7,3,0,0,0,0,0,7,0,0,0,2,5,0,0,1
0,0,0,1,0,0,0,0,0,0,1,2,0,0,0,3,1,0,1
5,3,0,8,7,0,0,0,0,0,4,0,0,0,4,1,0,0,1
1,0,0,5,0,0,0,0,0,0,6,0,0,0,0,3,0,0,1
16,2,0,18,9,0,1,2,0,0,24,6,0,1,1,30,8,1,1
5,3,0,11,4,0,0,0,0,0,3,0,0,0,2,2,3,1,1
7,0,0,8,0,0,0,0,0,0,8,1,0,1,0,9,0,0,1
2,1,1,3,4,0,0,0,0,2,7,0,0,0,0,6,0,1,1
13,1,0,35,5,4,0,1,0,0,11,2,0,0,0,27,0,1,1
0,0,0,1,0,0,0,0,0,0,1,0,0,0,0,0,0,0,0
2,1,0,1,1,0,0,0,0,0,2,2,0,0,0,4,3,0,0
0,0,0,3,1,0,0,0,0,0,4,4,0,0,2,7,1,0,0
4,1,0,5,1,0,1,0,0,0,1,0,0,0,0,3,0,0,1
0,0,0,1,0,0,0,0,0,0,0,0,0,0,0,1,0,0,1
1,1,0,2,7,0,1,0,0,0,3,0,0,0,0,12,0,0,1
2,3,0,8,17,1,0,0,0,0,2,0,0,0,0,27,0,7,1
3,4,0,12,6,0,0,1,0,0,4,0,0,0,0,48,0,0,1
9,1,0,16,4,2,0,1,0,0,5,5,0,0,2,8,0,0,1
8,1,1,15,3,0,0,0,0,0,9,3,0,1,0,11,1,0,1
7,3,0,14,1,0,0,0,0,0,3,0,0,0,0,15,0,0,1
2,0,0,7,1,0,0,1,0,0,6,0,0,0,1,4,0,0,1
2,1,0,4,6,0,0,0,0,0,1,0,0,0,0,5,0,0,1
10,2,0,7,6,2,1,1,0,0,11,3,0,1,2,8,0,1,1
16,6,1,20,26,0,1,1,0,0,18,9,0,0,8,21,2,2,1
3,1,0,2,1,1,0,0,0,0,2,0,0,0,0,3,0,0,1
0,0,0,3,4,0,0,0,0,0,5,0,0,0,1,6,0,0,1
2,0,1,1,4,0,0,0,0,0,0,0,0,0,0,6,0,0,1
3,0,0,0,1,0,0,0,0,0,1,0,0,0,0,6,0,0,1
0,0,0,0,0,0,0,0,0,0,0,0,0,0,0,2,0,0,1
2,1,0,1,1,0,0,0,0,0,0,0,0,0,1,2,0,1,1
0,1,0,0,0,0,0,0,0,0,0,0,0,0,0,0,0,0,1
0,0,0,3,0,0,0,0,0,0,0,0,0,0,0,0,0,0,1
0,1,0,1,1,0,0,0,0,0,0,0,0,0,0,0,0,0,1
0,5,0,3,4,0,0,0,0,0,0,0,0,0,0,0,0,0,1
1,0,1,1,5,0,0,0,0,0,0,0,0,0,0,0,0,1,1
2,3,0,2,3,0,0,0,0,0,0,0,0,0,0,4,0,1,1
5,4,1,8,7,2,1,1,0,0,6,0,0,0,1,27,0,0,1
1,0,0,1,2,0,0,0,0,0,0,0,0,0,0,1,0,0,1
3,1,0,8,4,0,0,0,0,0,3,2,0,0,2,20,3,0,1
0,1,0,2,0,0,0,0,0,0,3,1,0,0,0,2,0,0,1
2,0,0,1,0,0,0,0,0,0,2,0,0,1,0,1,0,0,1
6,18,0,17,10,1,0,0,0,0,13,0,0,2,0,16,0,0,1
7,3,0,1,0,1,0,1,0,0,5,0,0,0,0,1,0,0,1
3,1,0,6,0,0,0,0,0,0,1,0,0,0,0,0,0,0,1
3,0,0,0,1,0,0,0,0,0,0,0,0,0,0,1,0,1,1
2,0,0,1,0,0,0,0,0,0,2,0,0,1,0,1,0,0,1
3,2,0,10,7,0,0,3,0,0,4,1,0,1,1,3,0,5,1
1,0,0,3,0,0,0,0,0,0,1,0,0,0,0,3,0,0,1
8,7,0,47,10,1,1,0,2,0,20,0,0,1,4,13,0,0,1
7,5,1,55,13,0,0,0,0,0,11,1,0,1,3,12,0,0,1
0,0,0,1,0,0,0,0,0,0,0,1,0,0,0,1,0,0,1
4,0,0,2,1,0,0,0,1,0,0,0,0,0,0,2,0,0,1
11,1,2,28,4,1,0,2,2,0,19,1,0,0,0,16,0,1,1
45,14,1,19,38,2,1,2,0,0,33,4,0,1,3,20,6,5,1
5,5,0,15,53,0,2,1,0,0,11,2,1,0,4,47,0,8,1
0,0,0,0,0,0,0,0,0,0,0,0,0,0,0,2,0,0,1
0,0,0,0,0,0,0,0,0,0,0,0,0,0,0,1,0,0,1
0,0,0,0,0,0,0,0,0,0,0,0,0,0,0,1,0,0,1
1,0,1,5,0,0,0,0,0,0,1,0,0,0,1,2,0,0,1
0,0,0,1,0,0,0,0,0,0,0,0,0,0,0,2,0,0,1
5,1,1,9,15,0,0,0,0,0,15,2,0,0,1,5,0,1,0
0,1,0,2,3,0,0,0,0,0,3,0,0,1,1,1,0,0,0
0,4,0,1,1,0,0,0,0,0,4,0,0,4,1,3,0,0,0
0,3,0,0,11,0,0,0,0,0,14,0,0,0,2,7,0,2,0
0,1,0,1,1,0,0,0,0,0,4,0,0,0,2,2,0,0,0
1,0,0,2,0,0,0,0,0,0,1,0,0,0,0,1,0,0,0
2,3,1,2,8,0,0,0,0,0,9,0,0,0,1,2,0,0,0
4,1,0,6,3,0,0,0,0,0,3,0,0,0,0,8,1,0,1
43,23,13,98,36,4,2,4,0,0,34,0,2,3,0,23,0,2,1
1,0,0,0,2,0,0,0,0,0,1,0,0,0,1,0,0,0,0
0,1,0,0,0,0,0,0,0,0,0,0,0,0,0,0,0,0,0
0,0,0,0,0,0,0,0,0,0,0,0,0,0,0,0,0,0,0
0,0,0,0,0,0,0,0,0,0,0,0,0,0,0,0,0,0,0
0,0,0,1,0,0,0,0,0,0,0,0,0,0,0,0,0,0,0
0,0,0,0,0,0,0,0,0,0,0,0,0,0,0,0,0,0,0
1,0,0,0,0,0,0,0,0,0,0,0,0,0,0,0,0,0,0
0,0,0,0,0,0,0,0,0,0,0,0,0,0,0,0,0,0,0
1,0,0,9,0,0,0,0,1,0,3,7,0,0,0,7,3,1,1
1,0,0,9,0,0,0,0,1,0,3,7,0,0,0,7,3,1,1
0,0,0,4,0,0,0,0,0,0,0,0,0,0,1,1,0,0,1
0,0,0,3,0,0,0,0,0,0,2,2,0,0,0,5,1,0,1
2,0,0,5,0,0,0,0,0,0,3,3,0,0,1,3,0,0,1
2,0,0,1,0,0,0,0,0,0,0,0,0,0,0,0,0,0,1
1,0,0,1,0,1,0,0,0,0,0,0,0,0,0,0,0,0,1
0,0,0,0,0,0,0,0,0,0,0,0,0,0,0,0,0,0,1
4,1,0,1,1,0,0,0,0,0,0,0,0,0,0,1,0,0,1
0,0,0,0,0,0,0,0,0,0,0,0,0,0,0,0,0,0,1
0,1,0,1,5,0,0,0,0,0,0,0,0,0,0,0,0,0,1
0,0,0,1,0,0,0,0,0,0,1,0,0,0,0,0,0,0,1
1,0,1,2,2,0,0,0,0,0,2,1,0,0,0,1,0,0,1
0,0,0,2,1,0,0,0,0,0,0,0,0,0,0,0,0,0,1
2,0,0,1,0,0,0,0,0,0,0,0,0,0,0,0,0,0,1
4,0,0,0,0,0,0,0,0,0,0,0,0,0,0,1,0,0,1
1,1,0,2,0,0,0,0,0,0,0,0,0,0,0,0,0,0,1
18,5,0,13,3,0,0,0,2,0,8,0,0,0,1,5,0,1,1
0,0,0,2,2,0,0,0,0,0,1,0,1,0,0,0,0,1,1
16,16,0,17,22,2,1,1,1,0,6,1,1,0,3,16,1,2,1
3,0,0,0,1,1,0,1,0,0,0,0,0,0,0,1,0,0,1
12,34,4,70,94,1,0,2,2,0,17,0,0,2,6,35,1,5,1
25,8,1,38,15,1,3,3,5,0,19,0,0,0,4,21,0,2,1
14,8,0,27,8,7,0,4,0,0,20,1,0,1,1,14,1,3,1
12,0,0,12,2,0,1,0,0,0,5,0,0,0,1,12,0,0,1
7,8,0,7,8,1,0,0,0,0,4,0,0,0,1,6,0,0,1
6,3,0,13,4,0,3,2,1,0,9,0,1,0,5,6,0,0,1
6,18,1,13,26,1,0,0,0,0,9,0,0,0,0,12,0,1,1
6,9,1,26,51,0,3,1,0,0,15,0,0,2,0,7,0,5,1
1,1,0,12,8,0,0,0,0,0,3,2,0,0,0,3,0,0,0
13,1,0,15,7,3,0,0,2,0,4,0,0,0,3,14,0,0,0
5,5,0,9,12,0,0,0,0,0,4,0,0,1,3,4,0,0,1
5,2,0,9,4,0,0,0,0,0,3,0,0,0,1,3,1,0,0
3,0,1,6,3,0,0,0,0,0,5,0,0,1,0,1,0,0,1
12,2,0,20,15,0,0,0,0,0,9,0,0,1,1,9,0,1,1
16,3,0,33,9,0,0,2,0,0,13,0,0,1,4,10,0,0,1
17,1,0,11,9,0,0,0,0,0,15,1,0,1,3,17,0,0,1
0,0,0,1,0,0,0,0,0,0,0,0,0,0,0,0,0,0,1
4,0,0,1,3,0,0,0,0,0,0,0,0,0,0,2,0,0,1
8,6,0,3,7,0,0,4,0,0,2,0,0,0,0,1,0,0,1
7,2,0,2,4,0,0,2,0,0,5,0,0,0,2,0,0,1,1
1,0,0,0,0,0,0,0,0,0,0,0,0,0,0,0,0,0,1
6,7,0,4,5,0,0,0,0,0,7,0,3,0,2,5,0,0,1
7,3,0,6,8,0,0,1,0,0,5,0,0,2,0,3,0,0,1
8,5,0,13,23,1,0,1,1,2,12,0,0,0,1,7,0,0,1
31,6,1,58,14,0,0,1,0,0,24,0,0,0,3,28,0,1,1
2,0,0,4,1,0,0,0,0,0,2,0,0,0,1,7,0,1,1
6,1,0,3,2,1,0,0,0,0,2,0,0,0,1,6,0,0,1
1,0,0,11,7,0,0,0,0,0,2,0,0,0,0,13,0,1,1
8,2,0,8,2,0,0,1,0,0,0,0,0,0,2,41,1,1,1
1,0,0,3,4,0,0,0,0,0,1,0,2,0,1,15,0,3,1
7,1,4,14,14,0,0,0,1,0,2,0,0,0,0,18,1,1,1
0,7,0,8,11,0,0,1,0,0,2,0,0,0,1,6,0,0,1
5,6,1,17,12,1,0,0,0,0,4,0,0,0,2,2,0,0,1
8,2,0,15,6,1,0,0,0,0,11,0,0,0,4,9,1,0,1
10,3,0,14,4,0,1,1,0,0,3,0,0,0,2,4,0,1,1
7,2,0,8,2,0,1,0,0,0,2,0,0,0,0,0,0,0,1
11,2,0,6,0,0,1,0,0,0,1,0,1,0,0,1,0,0,1
4,0,0,2,2,0,1,0,0,0,2,0,0,0,0,0,0,0,1
4,2,0,15,18,0,0,2,0,0,7,0,0,0,2,5,0,0,1
4,0,0,7,14,0,0,2,0,0,6,0,0,0,2,2,0,0,1
22,2,1,43,11,0,0,2,0,0,24,1,0,2,2,9,0,0,0
9,9,0,33,12,0,0,0,1,0,5,0,0,0,0,2,0,0,1
7,2,0,8,5,0,0,0,0,0,5,2,0,1,0,2,0,0,1
5,2,0,16,17,0,0,2,0,0,7,0,0,0,1,5,0,0,1
2,0,0,6,2,0,0,0,0,0,12,0,0,0,3,7,0,0,1
8,2,2,8,7,0,0,0,0,0,5,0,0,0,1,1,0,0,1
5,7,0,5,4,0,1,0,0,0,4,0,0,0,0,8,0,0,1
6,16,0,21,7,1,1,0,0,0,10,0,0,2,0,17,0,0,1
8,2,0,7,2,0,1,0,0,0,2,0,0,0,0,0,0,0,1
7,2,0,7,8,0,1,0,0,0,1,0,0,0,0,2,0,0,1
11,4,0,5,7,0,0,0,0,0,1,0,0,1,0,2,0,0,1
15,5,0,11,13,0,0,0,0,0,2,0,8,0,0,7,0,0,1
6,3,0,13,4,0,0,0,0,0,3,0,0,0,0,6,0,0,1
0,1,0,0,0,0,0,0,0,0,0,0,0,0,0,0,0,0,1
0,0,0,5,1,1,0,1,0,0,4,0,0,0,3,7,0,0,0
0,0,0,0,0,0,0,0,0,0,2,2,1,0,0,0,2,0,1
5,0,0,22,4,0,0,0,0,0,4,2,0,0,3,13,2,0,0
0,0,0,3,0,0,0,1,0,0,1,0,0,0,0,2,0,0,0
0,0,0,0,0,0,0,0,0,0,0,0,0,0,0,0,0,0,1
0,0,0,0,1,0,0,0,0,0,1,0,0,0,0,0,0,0,1
4,1,0,13,0,0,0,0,0,0,2,1,0,0,0,3,1,0,0
0,1,0,1,1,0,0,0,0,0,0,0,0,0,0,4,0,0,0
0,0,0,1,0,0,0,0,0,0,1,1,0,0,0,0,0,0,0
0,0,0,0,0,0,0,0,0,0,0,0,0,0,0,0,0,0,0
1,1,0,6,0,0,0,0,0,0,0,0,0,0,0,0,0,0,0
0,0,0,5,0,0,0,0,0,0,0,2,2,0,0,0,0,0,0
0,0,0,0,1,0,0,0,0,0,0,0,0,0,2,1,0,0,0
0,0,0,0,0,0,0,0,0,0,1,0,0,0,0,1,0,0,0
1,2,0,1,1,0,2,0,0,0,5,0,0,0,0,2,0,0,0
0,0,0,3,0,0,0,0,0,0,0,0,0,0,0,0,0,0,0
0,0,0,1,0,0,0,0,0,0,0,0,0,0,0,0,0,0,0
0,1,0,0,2,0,0,0,0,0,3,0,1,0,0,16,2,0,0
2,1,0,1,4,0,0,0,0,0,2,0,6,0,1,10,0,0,0
1,0,0,2,1,0,0,0,0,0,5,0,0,0,0,0,0,0,0
1,1,0,4,14,0,1,0,0,0,5,0,0,0,2,5,0,3,0
2,1,0,3,1,0,0,0,0,0,2,0,0,0,0,0,0,0,0
2,1,0,3,3,0,0,0,0,0,7,0,0,0,1,2,0,0,0
5,2,0,9,3,0,0,0,0,0,1,1,0,0,0,1,0,2,0
9,2,0,10,7,1,0,0,0,0,7,0,0,0,0,5,0,1,0
8,3,0,9,2,0,0,0,0,0,1,1,0,0,0,3,2,0,0
5,0,3,7,5,0,0,0,0,0,3,0,0,0,0,3,1,2,0
8,0,0,21,15,0,0,0,0,0,11,0,8,0,0,12,1,1,0
3,0,0,4,0,0,0,0,0,0,1,0,1,0,0,2,0,0,0
0,1,1,7,1,1,0,0,0,0,8,4,1,0,0,12,0,1,0
0,0,0,4,0,0,0,0,0,0,4,4,0,0,2,7,1,0,0
0,0,0,1,0,2,0,0,0,0,2,0,0,0,0,5,1,0,0
4,2,0,3,0,0,0,0,0,0,2,3,0,0,3,7,2,1,0
2,0,1,3,2,0,0,0,0,0,1,0,0,0,0,0,0,0,0
1,0,0,7,0,0,0,0,0,0,1,1,1,0,0,3,0,0,0
2,1,0,6,2,0,0,0,0,0,3,0,1,0,1,1,0,0,0
2,0,0,4,2,0,0,0,0,0,2,2,0,0,0,1,0,0,0
1,0,0,0,0,0,0,0,0,0,0,0,0,0,0,2,2,0,0
2,0,0,2,1,0,0,0,0,0,0,0,2,0,0,0,0,0,0
1,0,0,1,0,0,0,0,0,0,0,0,0,0,1,0,0,0,0
1,0,0,0,0,0,0,0,0,0,1,1,0,0,0,0,0,0,0
0,0,0,1,0,0,0,0,0,0,1,0,0,0,1,0,0,0,0
1,0,0,1,0,0,0,0,0,0,0,0,0,0,0,0,0,0,0
2,0,0,2,3,0,0,0,0,0,1,0,0,0,0,0,0,0,0
7,0,0,12,4,0,0,1,0,0,4,1,1,0,0,4,2,0,0
1,0,0,2,0,0,0,0,0,0,0,0,0,0,0,0,0,0,0
0,0,0,2,0,0,0,0,0,0,0,0,0,0,0,0,0,0,0
1,0,0,4,0,0,0,0,0,0,1,0,0,0,0,1,0,0,0
0,0,0,0,0,0,0,0,0,0,0,0,0,0,2,1,0,0,0
0,0,0,0,0,0,0,0,0,0,0,0,0,0,0,0,0,0,0
0,0,0,0,0,0,0,0,0,0,0,0,0,0,0,0,0,0,0
0,0,0,0,0,0,0,0,0,0,4,0,0,0,0,1,0,0,0
0,1,0,2,0,0,0,0,0,0,0,0,0,0,0,0,0,0,0
1,0,0,1,0,0,0,0,0,0,0,0,0,0,0,0,0,0,0
0,0,0,0,0,0,0,0,0,0,0,0,0,0,0,0,0,0,0
1,0,0,0,0,0,0,0,0,0,2,0,0,0,1,0,0,0,0
0,0,0,0,0,0,0,0,0,0,0,1,0,0,0,0,0,0,0
0,0,0,2,1,0,0,0,0,0,1,0,0,0,1,3,0,0,0
0,0,0,1,1,0,0,0,0,0,0,0,0,0,0,1,0,0,0
0,0,0,0,1,0,0,0,0,0,0,0,0,0,0,0,0,0,0
0,0,0,0,0,0,0,0,0,0,0,0,0,0,0,0,0,0,0
0,0,0,4,0,0,0,0,0,0,0,0,0,0,1,2,0,0,0
0,0,0,1,0,0,0,0,0,0,0,0,0,0,0,0,0,0,0
0,0,0,0,0,0,0,0,0,0,1,0,0,0,0,0,0,0,0
0,0,0,0,6,0,0,0,0,0,3,0,0,0,0,0,0,0,0
1,1,1,1,1,0,0,0,0,0,2,1,0,0,0,3,0,5,0
0,0,0,0,6,0,0,0,0,0,0,0,0,0,3,0,0,0,0
1,0,0,0,0,0,0,0,0,0,0,0,0,0,0,0,0,0,0
0,0,0,0,1,0,0,0,0,0,1,0,0,0,0,1,0,0,0
1,0,0,1,0,0,0,0,0,0,1,0,0,0,0,1,0,0,0
0,0,0,1,0,0,0,0,0,0,0,0,0,0,0,3,0,0,0
0,0,0,0,0,0,0,0,0,0,1,0,0,0,0,2,0,0,0
0,0,0,0,0,0,0,0,0,0,0,0,0,0,0,0,0,0,0
1,0,0,0,3,0,0,0,0,0,2,0,0,0,0,1,0,0,0
1,0,0,0,3,0,0,0,0,0,0,1,0,0,0,0,0,0,0
0,0,0,0,0,0,0,0,0,0,0,0,0,0,0,1,0,0,0
0,0,0,1,0,0,0,0,0,0,1,0,0,0,0,0,0,0,0
0,0,0,1,0,0,0,0,0,0,0,0,0,0,0,0,0,0,0
0,0,0,0,0,0,0,0,0,0,1,0,0,0,0,0,0,0,0
1,0,0,0,0,0,0,0,0,0,5,0,0,0,2,2,0,0,0
0,0,0,2,0,0,0,0,0,0,0,0,0,0,1,1,0,0,0
1,0,0,0,1,0,0,0,0,0,0,0,0,0,0,0,0,0,0
0,0,0,1,0,0,0,0,0,0,0,0,0,0,0,0,0,0,0
0,0,0,3,0,0,0,0,0,0,0,0,0,0,0,0,0,0,0
0,0,0,0,0,0,0,0,0,0,0,0,0,0,0,0,0,0,0
0,1,0,1,0,0,1,0,0,0,0,0,0,0,0,1,0,0,0
0,0,0,0,0,0,0,0,0,0,0,0,0,0,0,0,0,0,0
0,0,0,1,0,0,0,0,0,0,0,0,0,0,1,2,0,0,0
0,1,0,2,0,0,0,0,0,0,1,0,0,0,0,0,0,0,0
0,0,0,0,3,0,0,0,0,0,0,0,0,0,0,0,0,2,0
0,0,0,0,0,0,0,0,0,0,1,0,0,0,0,0,0,0,0
0,0,0,0,0,0,0,0,0,0,0,0,0,0,0,0,0,0,0
0,0,0,0,1,0,0,0,0,0,0,0,0,0,2,0,0,0,0
0,0,0,0,0,0,0,0,0,0,0,0,0,0,0,0,0,0,0
1,1,0,2,1,0,0,0,0,0,1,0,0,0,0,1,0,0,0
2,1,1,4,3,0,0,0,0,0,3,0,0,0,1,1,0,0,0
13,1,0,10,8,0,0,0,0,0,13,0,4,0,2,11,0,1,0
3,0,0,7,0,0,0,0,0,0,3,0,0,0,0,2,0,0,0
14,1,0,12,8,0,0,0,0,0,5,0,0,0,0,1,0,1,0
2,1,0,5,0,0,1,0,0,0,2,0,0,0,0,0,0,0,0
4,0,0,7,2,0,0,1,0,0,2,1,0,0,2,1,0,0,0
4,3,0,17,7,1,0,0,0,0,5,0,0,1,0,8,1,1,0
3,5,0,1,5,0,0,0,0,0,7,0,0,0,0,10,0,0,0
5,6,0,16,19,1,1,0,1,0,20,1,0,0,1,19,0,3,1
1,0,0,2,0,0,0,0,0,1,2,0,0,0,2,2,0,1,0
2,2,0,6,7,1,1,1,0,0,7,0,1,0,1,8,1,0,0
0,0,0,14,1,0,0,0,0,0,5,0,2,0,4,7,0,0,0
5,1,0,6,4,0,0,0,0,0,2,0,0,0,1,1,0,0,0
0,2,0,2,3,0,0,0,0,0,7,0,0,0,0,3,0,0,0
0,4,0,3,4,0,0,0,0,0,2,0,0,0,0,1,0,1,0
1,1,0,3,0,0,0,0,0,0,1,0,0,0,0,0,0,0,0
35,25,0,52,51,2,2,2,0,1,43,0,12,1,3,51,2,3,0
0,3,0,4,1,0,0,0,0,0,14,0,0,0,0,5,0,0,0
8,3,0,15,1,0,0,0,0,0,8,1,0,1,0,6,0,0,0
21,24,1,42,32,3,1,0,0,0,21,1,0,1,2,22,0,6,0
13,3,0,40,15,1,0,2,0,0,16,0,0,3,1,12,0,0,0
0,0,0,1,1,0,0,0,0,0,0,0,0,0,0,0,0,0,0
1,0,0,1,0,0,0,0,0,0,0,0,0,0,0,0,0,1,0
0,0,0,0,0,0,0,0,0,0,0,1,0,0,0,1,0,0,0
0,0,0,0,1,0,0,0,0,0,0,1,0,0,0,0,0,0,0
2,0,0,0,0,0,0,0,0,0,0,1,0,0,0,0,0,0,0
0,0,0,0,0,0,0,0,0,0,0,0,0,0,0,1,1,0,0
0,0,0,0,0,0,0,0,0,0,2,0,0,0,0,0,0,0,0
0,0,0,0,0,0,0,0,0,0,1,0,0,0,0,0,0,0,0
0,0,0,0,0,0,0,0,0,0,0,0,0,0,0,0,1,0,0
0,0,0,0,0,0,0,0,0,0,0,3,0,0,0,0,0,0,0
0,0,0,0,0,0,0,0,0,0,0,0,0,0,0,0,1,0,0
1,0,0,1,0,0,0,0,0,0,0,0,0,0,0,0,1,0,0
1,0,0,2,2,1,0,0,0,0,1,0,0,0,0,1,0,0,0
0,0,0,0,0,0,0,0,0,0,0,0,0,0,0,0,0,0,0
0,0,0,0,0,0,0,0,0,0,0,0,0,0,0,0,0,0,0
0,0,0,0,0,0,0,0,0,0,0,0,0,0,0,0,0,0,0
0,1,0,0,1,0,0,0,0,0,0,0,0,0,0,0,0,0,0
0,0,0,0,0,0,0,0,0,0,0,0,0,0,0,0,0,0,0
0,0,0,0,0,0,0,0,0,0,0,0,0,0,0,0,0,0,0
0,0,0,0,0,0,0,0,0,0,0,0,0,0,0,0,0,0,0
0,0,0,1,0,0,0,0,0,0,0,0,0,0,0,0,0,0,0
0,0,0,0,0,0,0,0,0,0,1,0,0,0,0,0,0,0,0
0,0,0,0,0,0,0,0,0,0,0,0,0,0,0,0,0,0,0
1,0,0,1,0,0,0,0,0,0,1,0,0,0,0,0,0,0,0
0,0,0,3,0,0,0,0,0,0,0,0,0,0,0,0,0,0,0
1,0,0,1,0,0,0,0,0,0,3,0,0,0,0,3,0,0,0
0,0,0,2,0,0,0,0,0,0,0,0,0,0,0,0,0,0,0
0,0,0,0,0,0,0,0,0,0,1,0,0,0,0,0,0,0,0
1,0,0,0,0,0,0,0,0,0,0,0,0,0,0,0,0,0,0
0,0,0,0,0,0,0,0,0,0,0,0,0,0,0,0,0,0,0
0,0,0,0,0,0,0,0,0,0,0,0,0,0,0,0,0,0,0
1,0,0,1,3,0,0,0,0,0,0,0,0,0,0,1,0,0,0
1,0,0,2,3,0,0,0,0,0,1,0,0,0,0,3,0,0,0
0,0,0,1,0,0,0,0,0,0,5,0,0,0,0,0,0,0,0
0,0,0,0,1,0,0,0,0,0,0,1,0,0,0,0,0,0,0
2,0,0,0,0,0,0,0,0,0,0,1,0,0,0,0,0,0,0
0,0,0,0,1,0,0,0,0,0,1,0,0,0,0,1,0,0,0
0,0,0,1,0,0,0,0,0,0,1,0,0,0,0,0,0,0,0
1,0,0,3,0,0,0,0,0,0,1,1,0,0,0,0,0,0,0
1,0,0,1,0,0,0,0,0,0,0,4,0,0,1,1,0,0,0
0,0,0,0,0,0,0,0,0,0,0,0,0,0,0,0,0,0,0
0,0,0,1,0,0,0,0,0,0,0,0,0,0,0,0,0,0,0
0,0,0,0,0,0,0,0,0,0,1,0,0,0,0,0,0,0,0
1,0,0,0,0,0,0,0,0,0,1,0,0,0,0,0,0,0,0
0,0,0,1,0,0,0,0,0,0,2,0,0,0,0,0,0,0,0
0,0,0,0,0,0,0,0,0,0,1,0,0,0,1,1,1,0,0
0,0,0,0,0,0,0,0,0,0,0,1,0,0,1,0,0,0,0
0,0,0,0,0,0,0,0,0,0,0,0,0,0,1,0,0,0,0
3,0,0,6,0,0,0,0,0,0,1,0,0,0,0,1,0,0,0
2,0,0,0,0,0,0,0,0,0,1,0,0,0,0,0,0,0,0
0,0,0,2,0,0,0,0,0,0,0,0,0,0,0,0,0,0,0
0,0,0,0,0,0,0,0,0,0,0,0,0,0,1,0,0,0,0
1,0,0,0,0,0,0,0,0,0,0,0,0,0,0,0,0,0,0
0,0,0,0,0,0,0,0,0,0,2,0,0,0,0,0,0,0,0
0,0,0,1,0,0,0,0,0,0,1,0,0,0,0,0,0,0,0
1,0,0,2,1,0,0,0,0,0,2,0,0,0,0,0,0,0,0
0,0,0,2,1,0,0,0,0,0,0,0,0,0,0,1,0,0,0
0,0,0,0,0,0,0,0,0,0,2,2,0,0,0,0,0,0,0
0,0,0,0,0,0,0,0,0,0,3,1,0,0,0,2,0,0,0
0,0,0,0,0,0,0,0,0,0,2,0,0,0,0,1,0,0,0
0,0,0,0,0,0,0,0,0,0,2,0,0,0,0,0,1,0,0
1,0,0,2,0,0,0,0,0,0,1,0,0,0,0,0,0,0,0
2,0,0,4,0,0,0,0,0,0,0,2,0,0,0,2,0,0,0
0,0,0,0,0,0,0,0,0,0,2,0,0,0,0,0,0,0,0
0,0,0,0,0,0,0,0,0,0,1,0,0,0,0,0,0,0,0
0,0,0,0,0,0,0,0,0,0,1,0,0,0,0,0,0,0,0
0,0,0,0,0,0,0,0,0,0,0,1,0,0,0,1,0,0,0
0,0,0,2,0,0,0,0,0,0,0,0,0,0,0,0,0,0,0
1,0,0,1,0,0,0,0,0,0,0,0,0,0,0,0,0,0,0
0,0,0,2,1,0,0,0,0,0,3,0,0,0,0,0,0,0,0
0,0,0,0,0,0,0,0,0,0,1,0,0,0,0,1,0,0,0
0,0,0,0,0,0,0,0,0,0,0,0,0,0,0,0,0,0,0
0,0,0,0,0,0,0,0,0,0,0,0,0,0,0,0,0,0,0
0,0,0,0,0,0,0,0,0,0,0,0,0,0,0,1,0,0,0
2,1,0,1,0,0,0,0,0,0,0,0,0,0,1,1,0,0,0
1,0,0,3,2,0,0,0,0,0,1,0,0,0,2,1,0,0,0
1,0,0,1,3,0,0,0,0,0,2,0,0,0,1,5,0,0,0
0,0,0,1,1,0,0,0,0,0,4,0,0,0,0,0,0,0,0
0,0,0,2,1,0,0,0,0,0,0,0,0,0,0,1,0,0,0
0,0,0,5,1,0,1,0,0,0,1,0,0,0,0,0,0,0,0
0,1,0,3,2,0,0,0,0,0,0,0,0,0,0,0,0,0,0
1,0,0,0,0,0,0,0,0,0,2,0,0,0,0,0,0,0,0
0,0,0,0,0,0,0,0,0,0,1,0,0,0,0,0,0,0,0
0,0,0,0,0,0,0,0,0,0,1,0,0,0,0,1,0,0,0
0,0,0,1,0,2,0,0,0,0,0,0,0,0,0,0,0,0,0
2,0,0,0,0,0,0,0,0,0,1,0,0,0,0,0,0,0,0
9,6,0,16,12,2,0,0,0,0,10,0,0,1,2,13,0,2,0
0,1,0,2,4,0,0,0,0,0,3,0,5,0,0,0,0,0,0
0,0,0,0,0,0,0,0,0,0,0,1,0,0,0,1,0,0,1
0,0,0,0,0,0,0,0,0,0,1,0,0,0,0,1,0,0,1
7,3,2,13,10,0,3,0,0,0,9,0,2,0,0,8,0,1,1
7,3,2,13,10,0,3,0,0,0,9,0,2,0,0,8,0,1,1
0,0,0,1,2,0,0,0,1,0,5,1,0,0,0,0,0,0,1
2,1,0,18,5,0,0,0,0,0,8,0,0,0,0,18,0,0,1
0,0,0,0,0,0,0,0,0,0,0,2,0,0,2,0,0,0,1
0,0,0,2,0,0,0,0,0,0,0,2,0,0,0,5,0,0,1
3,1,0,9,2,0,0,0,0,0,1,0,0,0,0,1,0,3,0
3,2,0,3,0,0,0,0,0,0,3,0,0,3,0,2,0,1,1
2,0,0,0,0,0,0,0,0,0,1,0,0,0,0,0,0,0,1
0,0,0,0,0,0,0,0,0,0,4,0,0,0,0,1,0,0,1
9,0,1,19,19,1,1,0,0,0,13,0,0,0,1,42,0,4,0
1,3,0,15,4,0,0,0,0,0,4,1,0,0,1,23,0,1,0
0,1,0,0,1,0,0,0,0,0,1,1,0,0,0,1,0,0,1
0,0,0,0,0,0,0,0,0,0,0,0,0,0,0,0,0,0,1
1,0,0,1,0,0,0,0,0,0,2,0,0,0,0,0,0,0,0
0,0,0,0,1,0,0,0,0,0,0,2,0,0,0,0,0,0,1
1,0,0,2,1,0,0,0,0,0,2,0,0,0,0,0,0,0,0
0,0,0,0,0,0,0,0,0,0,0,0,0,0,0,0,0,0,1
0,3,0,0,0,0,0,0,0,0,1,1,0,0,0,1,0,0,1
9,0,0,8,3,0,0,0,0,0,10,0,0,0,0,2,0,0,0
0,1,0,0,1,0,0,0,0,0,1,0,0,0,0,1,0,0,1
1,0,0,0,0,0,0,0,0,0,1,0,0,0,0,0,0,0,0
0,0,0,2,2,0,0,1,0,0,0,0,0,0,0,0,0,0,1
2,0,0,0,0,0,0,0,0,0,0,0,0,0,0,0,2,0,0
0,0,0,1,1,0,0,0,0,0,0,0,0,0,0,0,0,0,1
0,0,0,0,0,0,0,0,0,0,0,0,0,0,0,0,0,0,0
1,0,0,3,4,0,0,3,1,0,1,0,0,0,0,1,0,0,1
0,0,0,1,0,0,0,0,0,0,0,0,0,0,0,0,0,0,1
0,0,0,0,0,0,0,0,0,0,1,0,0,0,0,0,0,0,1
0,0,0,1,0,0,0,0,0,0,0,0,0,0,0,0,0,0,0
0,0,0,0,0,0,0,0,0,0,0,0,0,0,0,0,1,0,0
0,0,0,0,0,0,0,0,0,0,0,0,0,0,0,0,0,0,0
0,0,0,0,0,0,0,0,0,0,0,0,0,0,0,0,0,0,0
0,1,0,0,0,0,0,0,0,0,0,0,0,0,0,0,0,0,0
1,0,0,0,0,0,0,0,0,0,0,0,0,0,0,1,0,0,0
0,0,0,0,0,0,0,0,0,0,0,0,0,0,0,0,0,0,0
0,0,0,0,0,0,0,0,0,0,0,0,0,0,1,0,0,0,0
0,0,0,1,0,0,0,0,0,0,0,0,0,0,0,0,0,0,0
0,0,0,0,0,0,0,0,0,0,0,0,0,0,0,0,0,0,0
0,0,0,0,0,0,0,0,0,0,0,0,0,0,0,0,1,0,0
0,0,0,0,0,0,0,0,0,0,0,0,0,0,0,1,0,0,0
0,0,0,0,0,0,0,0,0,0,0,0,0,0,0,1,0,0,0
0,0,0,0,0,0,0,0,0,0,0,0,0,0,0,0,0,0,0
0,0,0,0,0,0,0,0,0,0,0,0,0,0,0,0,0,0,0
0,0,0,0,0,0,0,0,0,0,0,0,0,0,0,0,0,0,0
0,0,0,0,0,0,0,0,0,0,0,0,0,0,0,0,0,0,0
0,1,0,1,1,0,0,0,0,0,0,0,0,0,0,1,0,0,0
0,0,0,0,0,0,0,0,0,0,0,0,0,0,0,0,0,0,0
1,0,0,0,0,0,0,0,0,0,0,0,0,0,0,0,0,0,0
0,0,0,1,0,0,0,0,0,0,0,0,0,0,0,0,0,0,0
0,0,0,0,0,0,0,0,0,0,0,0,0,0,0,0,0,0,0
0,0,0,1,0,0,0,0,0,0,0,0,0,0,0,0,0,0,0
0,0,0,3,0,0,0,0,0,0,2,0,0,0,0,1,0,0,1
0,0,0,3,0,0,0,0,0,0,0,0,0,0,0,0,0,0,1
0,0,0,1,1,0,0,0,0,0,1,0,0,0,0,0,0,0,1
1,0,0,2,1,0,0,0,0,0,1,0,0,0,0,0,0,0,1
0,0,0,1,0,0,0,0,0,0,0,0,0,0,0,0,0,1,0
1,0,0,0,0,0,0,0,0,0,1,0,0,0,0,0,0,1,0
0,0,0,1,0,0,0,0,0,0,0,0,0,0,1,2,0,0,0
0,0,0,0,0,0,0,0,0,0,0,0,0,0,0,0,1,0,0
1,0,0,1,0,0,0,0,0,0,0,0,0,0,0,0,1,0,0
1,0,0,0,0,0,0,0,0,0,0,0,0,0,0,0,0,0,0
0,0,0,0,0,0,0,0,0,0,0,0,0,0,0,0,1,0,0
1,0,0,0,0,0,0,0,0,0,1,0,0,0,0,0,2,0,0
1,0,0,1,1,0,0,0,0,0,1,0,0,0,1,0,3,0,0
1,0,0,2,0,0,0,0,0,0,1,0,0,0,1,0,2,0,0
0,0,0,2,0,0,0,0,0,0,0,0,0,0,0,0,0,0,0
0,0,0,0,0,0,0,0,0,0,0,0,0,0,0,0,0,0,0
1,0,0,2,1,0,0,0,0,0,0,0,0,0,0,1,1,0,0
1,0,0,1,0,0,0,0,0,0,0,0,0,0,0,0,1,0,0
1,0,0,1,0,0,0,0,0,0,0,0,0,0,0,0,0,0,0
0,0,0,0,0,0,0,0,0,0,1,0,0,0,0,1,0,0,0
0,0,0,1,0,0,0,0,0,0,0,0,0,0,0,0,0,0,0
0,0,0,0,0,0,0,0,0,0,0,3,0,0,0,0,0,0,0
0,0,0,0,0,0,0,0,0,0,0,0,0,0,0,0,0,0,0
0,0,0,0,0,0,0,0,0,0,0,0,0,0,0,0,0,0,0
3,0,0,0,0,0,0,0,0,0,0,0,0,0,0,0,0,0,0
1,0,0,0,0,0,0,0,0,0,0,0,0,0,0,0,0,0,0
1,0,0,6,1,0,0,0,0,0,0,0,0,0,0,0,0,0,1
2,0,0,2,2,0,0,0,0,0,0,1,0,0,1,0,0,0,1
0,0,0,0,0,0,0,0,0,0,0,0,0,0,0,0,0,0,1
1,0,0,0,1,0,0,0,0,0,0,0,0,0,0,0,0,0,1
3,1,0,12,0,0,0,0,0,0,4,5,0,0,0,2,0,0,0
4,0,0,9,4,0,0,0,0,0,2,0,0,0,0,4,0,0,0
0,0,1,1,0,0,0,0,0,0,1,0,0,0,0,0,0,0,1
6,18,1,13,26,1,0,0,0,0,9,0,0,0,0,12,0,1,1
3,8,1,9,12,0,0,0,0,0,2,0,0,0,0,5,0,0,1
0,1,0,0,1,0,0,0,0,0,1,0,0,0,0,1,0,0,1
1,0,0,0,0,0,0,0,0,0,1,0,0,0,0,0,0,0,0
0,0,0,2,0,0,0,0,0,0,3,2,0,0,0,2,0,0,0
0,0,0,2,0,0,0,0,0,0,0,0,0,0,0,5,0,0,0
3,0,0,4,8,0,0,0,0,0,6,0,0,0,1,8,0,1,0
3,2,1,6,2,0,0,0,0,0,4,0,0,0,5,5,0,0,0
4,2,0,8,4,1,0,0,0,0,7,0,0,0,1,7,0,0,0
5,0,0,4,1,2,0,0,0,0,4,0,0,0,1,9,0,0,0
0,0,0,0,0,0,0,0,0,0,1,0,0,0,0,1,0,0,1
3,1,1,3,10,0,0,0,0,0,8,0,0,0,1,23,0,0,0
0,2,0,2,2,0,0,0,0,0,1,0,0,1,0,4,0,0,1
6,3,0,5,5,0,0,0,0,0,3,0,0,0,0,7,0,0,1
0,0,0,1,0,0,0,0,0,0,1,2,0,0,0,3,1,0,1
2,2,0,6,9,0,0,0,0,0,1,0,0,0,0,0,3,0,1
10,3,0,12,8,0,0,2,0,0,4,0,0,0,4,1,0,0,1
13,1,0,34,5,4,0,1,1,0,11,2,0,0,0,27,0,1,1
1,1,0,4,4,0,0,0,0,2,8,0,0,0,0,6,0,1,1
8,0,0,7,0,0,0,0,0,0,9,1,0,1,0,10,0,0,1
6,3,0,11,4,0,0,0,0,0,3,0,0,0,2,3,3,1,1
17,2,0,17,9,0,1,2,0,0,24,6,0,1,1,30,8,1,1
1,0,0,5,0,0,0,0,0,0,6,0,0,0,0,4,0,0,1
0,0,0,0,1,0,0,0,0,0,1,0,0,0,0,0,0,0,1
8,7,0,11,16,0,0,0,0,0,1,0,0,0,0,4,0,0,1
0,0,0,3,3,0,0,0,0,0,1,0,0,0,0,0,0,0,0
1,1,0,2,1,0,0,0,1,0,3,0,0,0,1,0,0,0,1
7,10,0,17,21,3,2,0,5,0,12,1,0,0,0,19,0,0,1
0,0,0,4,1,1,0,0,1,0,1,0,0,0,0,1,0,0,0
2,3,0,5,2,0,0,0,0,0,6,0,0,0,1,7,0,0,1
3,0,0,6,1,0,0,0,0,0,1,0,0,0,1,4,0,0,0
3,0,0,3,3,0,0,1,0,0,4,0,0,0,1,4,0,0,0
0,0,0,0,0,0,0,0,0,0,0,0,0,0,0,0,0,0,1
0,0,0,1,0,0,0,0,0,0,0,0,0,0,0,0,0,0,1
1,1,0,1,6,0,0,0,0,0,0,0,0,0,1,1,0,0,1
0,0,0,2,0,0,0,0,0,0,0,0,0,0,0,0,0,0,1
0,1,0,0,4,0,0,0,0,0,0,0,0,0,1,2,0,2,1
3,0,0,0,1,0,0,0,0,0,1,0,0,1,0,1,0,0,1
5,5,0,9,12,0,0,0,0,0,4,0,0,1,3,4,0,0,1
2,0,0,0,0,0,0,0,0,0,0,0,0,0,0,0,0,0,1
0,0,0,0,1,0,0,0,0,0,0,0,0,0,0,0,0,0,1
1,0,0,0,0,0,0,0,0,0,0,0,0,0,0,0,0,0,0
1,0,0,2,0,0,0,0,0,0,4,0,0,0,1,1,0,1,0
0,0,0,0,1,0,0,0,0,0,1,0,0,0,0,0,0,0,0
0,0,0,1,0,0,0,0,0,0,0,0,0,0,0,0,0,0,0
0,0,0,2,0,0,0,0,0,0,0,0,0,0,0,0,0,0,0
1,0,1,0,2,0,0,0,0,0,0,0,0,0,0,1,0,0,0
1,1,0,1,7,0,0,1,0,0,0,0,0,0,0,1,0,0,0
1,0,0,1,2,1,0,0,0,0,1,0,0,0,0,2,0,0,0
0,0,0,0,0,0,0,0,0,0,2,0,0,0,1,1,0,0,0
0,0,0,0,0,0,0,0,0,0,0,0,0,0,0,0,0,0,0
0,0,0,2,0,0,0,0,0,0,0,0,0,0,0,1,0,0,0
0,0,0,1,0,0,0,0,0,0,0,0,0,0,0,0,0,0,0
1,0,0,0,0,0,0,0,0,0,3,0,0,0,0,0,0,0,0
0,0,0,0,0,0,0,0,0,0,0,1,0,0,0,0,0,0,0
0,0,0,0,0,0,0,0,0,0,0,0,0,0,0,0,0,0,0
0,0,0,0,0,0,0,0,0,0,1,0,0,0,0,0,0,0,0
0,0,0,0,0,0,0,0,0,0,0,0,0,0,0,0,0,0,0
0,0,0,0,0,0,0,0,0,0,0,0,0,0,0,0,0,0,0
2,1,0,0,0,0,1,0,0,0,2,2,0,0,0,3,4,0,0
0,0,0,1,0,0,0,0,0,0,0,0,0,0,0,0,0,0,0
0,0,0,0,0,0,0,0,0,0,1,0,0,0,0,0,0,0,0
1,1,0,1,0,0,0,0,0,0,0,1,0,0,0,1,0,0,0
1,0,0,1,1,0,0,0,0,0,1,1,0,0,0,1,0,0,0
0,0,0,0,0,0,0,0,0,0,1,0,0,0,0,0,0,0,0
2,0,0,0,0,0,0,0,0,0,1,0,0,0,0,0,0,0,0
14,6,2,20,9,1,3,2,0,0,4,0,0,0,2,4,0,0,1
0,0,0,0,0,0,0,0,0,0,0,0,0,0,0,0,0,0,1
0,0,0,0,0,0,0,0,0,0,0,0,0,0,1,0,0,0,1
7,1,0,6,7,0,0,0,6,0,2,0,1,0,0,4,0,0,1
12,6,1,32,33,6,0,2,2,1,28,3,0,0,2,32,0,0,1
1,0,0,1,0,0,0,0,0,0,0,0,0,0,0,0,0,0,1
2,2,0,10,4,0,0,0,0,0,2,0,0,0,3,1,0,0,1
0,0,0,0,0,0,0,0,0,0,0,0,0,0,0,0,0,0,1
0,0,0,0,0,0,0,0,0,0,0,0,0,0,0,0,0,0,1
1,0,0,0,0,0,0,0,0,0,0,0,0,0,0,0,0,0,1
4,0,0,6,1,0,0,0,0,0,1,1,0,0,1,3,0,0,1
2,0,0,17,5,0,0,0,1,0,3,0,3,0,0,1,0,0,1
8,13,0,12,32,0,0,1,0,0,9,0,0,0,1,4,0,1,1
4,0,0,4,1,0,0,0,0,0,1,0,0,0,0,0,0,0,1
3,2,1,3,2,0,0,0,0,0,0,1,0,0,0,0,0,0,1
0,0,0,1,1,0,0,0,0,0,1,0,0,0,0,0,0,0,1
0,0,0,1,1,0,0,0,0,0,1,0,0,0,0,0,0,0,1
0,0,0,0,0,0,0,0,0,0,0,0,0,0,0,1,0,0,1
27,5,0,37,10,2,0,1,0,0,12,0,0,0,0,32,0,2,0
4,1,0,13,3,1,0,0,0,0,6,0,0,0,2,7,0,0,0
0,0,0,6,9,0,0,0,0,0,21,1,0,0,0,9,0,0,0
9,1,0,9,13,0,0,0,0,0,14,0,0,0,2,7,0,4,0
0,0,0,12,1,0,0,0,0,0,6,4,0,0,0,8,2,0,0
3,0,0,13,11,1,0,0,0,0,8,0,0,0,2,7,0,1,0
8,1,0,29,19,1,0,1,0,0,23,1,0,0,3,37,2,0,0
9,0,0,26,4,0,0,1,0,0,10,5,0,0,1,7,11,1,0
4,2,0,11,5,0,0,0,0,0,4,2,0,0,0,6,1,0,0
1,0,1,4,2,0,0,0,0,0,3,0,0,0,1,1,0,0,0
0,0,0,1,1,0,0,0,0,0,1,0,0,0,0,0,0,0,0
1,0,0,1,7,0,0,0,0,0,0,0,0,0,1,1,0,0,0
1,0,0,0,0,0,0,0,0,0,1,1,0,0,0,0,0,0,0
0,0,0,0,1,0,0,0,0,0,2,0,0,0,0,2,0,0,0
1,0,0,3,2,0,0,0,0,0,4,2,0,0,0,2,1,0,0
1,0,0,1,1,0,0,0,0,0,2,0,0,0,0,5,0,0,0
0,0,0,0,0,0,0,0,0,0,0,0,0,0,0,0,0,0,0
0,0,0,0,0,0,0,0,0,0,5,0,0,0,0,1,0,0,1
0,0,0,0,0,0,0,0,0,0,0,0,0,0,0,5,0,0,1
0,0,0,1,0,0,0,0,0,0,1,0,0,0,0,2,0,0,1
0,0,0,0,2,0,0,0,0,0,0,0,0,0,1,0,0,0,1
7,0,0,1,0,0,0,0,0,0,1,1,0,0,0,0,0,0,1
11,6,0,17,1,0,0,2,0,0,7,0,0,0,1,3,0,0,1
0,0,0,0,0,0,0,0,0,0,0,0,0,0,0,1,0,0,1
0,0,0,0,0,0,0,0,0,0,1,0,0,0,0,0,0,0,1
0,0,0,0,0,0,0,0,0,0,0,0,0,0,0,0,0,0,1
0,0,0,0,0,0,0,0,0,0,0,0,0,0,0,0,0,0,1
2,3,1,7,5,1,0,0,0,0,2,0,0,0,0,2,0,1,1
1,1,0,3,1,0,0,0,0,0,0,0,0,0,0,2,0,1,1
0,1,0,0,2,0,0,0,0,0,0,0,0,0,0,1,0,0,1
0,2,0,1,1,1,0,0,0,0,0,0,0,0,0,1,0,0,1
1,1,0,0,0,0,0,0,0,0,0,0,0,0,0,1,0,0,1
11,6,1,36,15,0,2,2,0,0,21,0,0,1,0,21,0,7,1
11,5,0,22,26,1,0,0,0,0,13,0,0,3,1,13,1,1,1
7,24,0,14,40,2,0,0,0,0,3,0,0,0,1,5,0,14,1
13,11,0,8,16,0,0,0,0,0,16,3,0,0,3,10,0,1,1
1,0,0,1,0,0,0,0,0,0,0,0,0,0,0,0,0,0,1
0,0,0,0,0,0,0,0,0,0,0,0,0,0,0,1,0,0,1
0,0,0,2,0,0,0,0,0,0,0,0,0,0,0,1,0,0,1
1,0,0,1,1,0,0,1,0,0,1,0,0,0,0,0,0,0,1
1,0,0,2,2,0,0,0,0,0,2,0,0,0,0,0,0,0,1
0,0,0,0,0,0,0,0,0,0,0,0,0,0,0,0,0,0,1
1,0,0,1,0,0,0,0,0,0,0,0,0,0,0,0,0,0,1
0,1,0,0,0,0,0,0,0,0,0,0,0,0,0,0,0,0,1
1,0,0,5,1,0,0,1,0,0,1,0,0,0,0,0,0,0,1
0,3,0,0,3,0,0,0,0,0,1,0,0,0,0,0,0,0,1
0,1,0,2,20,1,0,0,0,0,10,2,0,0,1,12,0,2,1
0,0,0,0,0,0,0,0,0,0,0,0,0,0,0,0,0,1,1
6,3,0,10,8,0,0,1,0,0,2,0,0,0,1,3,0,0,1
3,0,0,1,0,0,0,0,0,0,0,0,0,0,0,0,0,0,1
0,0,0,1,0,0,0,0,0,0,0,0,0,0,0,0,0,0,1
1,6,0,1,10,0,0,0,0,0,0,0,0,0,1,0,0,2,1
2,22,0,8,21,1,1,0,0,0,4,0,0,1,1,12,0,1,1
0,1,0,2,3,0,0,0,0,0,1,0,0,0,1,1,0,0,1
4,10,0,20,63,1,0,0,0,0,11,2,0,1,0,24,2,3,1
0,1,0,2,1,0,0,0,0,0,1,0,0,0,0,1,0,1,1
1,14,0,12,30,0,0,0,0,0,18,0,0,0,7,29,0,2,1
1,2,0,1,1,0,0,0,0,0,0,0,0,0,0,0,0,0,1
2,0,0,3,2,0,0,1,0,0,1,0,0,0,0,1,0,0,1
1,0,0,1,1,0,0,0,0,0,0,0,0,0,0,0,0,0,1
2,0,0,0,2,0,0,0,0,0,2,0,0,0,0,1,0,1,1
0,1,1,0,0,0,0,0,0,0,0,0,0,0,0,0,0,0,1
2,0,0,0,0,0,0,0,0,0,1,0,0,0,0,0,0,0,1
1,5,0,5,7,0,1,0,0,0,3,0,0,0,0,1,0,0,1
0,0,0,1,0,0,0,0,0,0,0,0,0,0,0,0,0,0,1
1,2,0,0,0,0,0,0,0,0,0,0,0,0,0,0,0,0,1
2,1,0,4,0,0,0,0,0,0,3,0,0,1,0,1,0,0,1
0,2,0,0,1,0,0,0,0,0,0,0,0,0,0,0,0,0,1
2,0,0,1,0,0,0,0,0,0,0,0,0,0,0,0,0,0,1
0,0,0,0,1,0,0,0,0,0,0,0,0,0,0,0,0,0,1
4,4,0,5,17,0,0,1,0,0,9,0,0,0,0,2,0,1,1
3,2,1,1,8,0,0,1,0,0,8,0,0,1,2,28,1,0,0
0,1,0,3,0,1,0,0,0,0,7,0,0,0,1,10,0,0,0
0,0,0,5,3,0,0,1,1,0,8,0,0,0,1,10,0,0,0
6,2,0,5,3,1,1,0,0,0,5,0,0,0,1,2,0,0,0
3,1,0,7,11,0,0,0,0,0,9,0,0,0,3,12,0,2,0
3,2,0,11,1,1,0,0,0,0,2,0,0,0,0,5,0,0,0
1,0,1,7,1,0,0,0,0,0,3,0,0,0,1,0,0,1,0
2,1,0,1,4,0,0,0,0,0,5,0,0,0,1,4,0,0,0
1,1,0,3,2,0,0,0,0,0,11,0,0,0,0,18,0,1,0
4,0,0,27,9,0,1,0,1,0,12,0,0,0,5,17,0,0,0
0,0,0,5,1,0,0,0,0,0,4,0,0,0,1,2,0,0,0
3,1,0,12,4,0,0,0,0,0,0,0,0,0,0,6,0,0,0
3,2,0,6,8,0,0,1,0,0,4,0,0,0,0,10,0,1,0
1,0,0,8,7,0,0,0,0,0,1,3,0,0,0,6,0,0,0
21,0,0,28,9,0,1,0,0,0,9,3,0,0,0,24,5,0,0
14,1,1,15,12,1,0,3,0,0,3,0,0,0,0,12,0,0,0
0,0,0,4,0,0,0,0,0,0,0,0,0,0,0,0,0,0,0
1,0,0,5,0,0,0,0,0,0,0,0,0,0,0,0,0,0,0
1,0,0,2,0,0,0,0,0,0,0,0,0,0,0,0,0,0,0
1,0,0,4,0,0,0,0,0,0,0,0,0,0,0,0,0,0,0
0,0,0,1,2,0,0,0,0,0,0,0,0,0,0,2,0,0,0
2,0,0,2,0,0,0,0,0,0,0,0,0,0,0,0,0,0,0
9,3,1,24,21,0,0,0,1,0,5,1,0,0,0,9,0,0,0
2,0,0,1,0,0,0,0,0,0,0,0,0,0,0,0,0,0,0
1,0,0,1,0,0,0,0,0,0,0,0,0,0,0,0,0,0,0
0,0,0,4,0,0,0,0,0,0,3,0,0,0,0,0,1,0,0
4,0,0,1,1,0,0,0,0,0,1,0,0,0,0,3,0,0,0
1,0,0,3,0,0,0,0,0,0,0,0,0,0,0,0,0,0,0
3,0,0,2,0,0,0,0,0,0,1,1,0,0,0,0,0,0,0
2,0,0,1,0,0,0,0,0,0,0,2,0,0,0,0,0,0,0
0,1,0,5,1,0,0,0,0,0,5,0,0,0,1,2,0,0,0
10,0,0,11,3,0,0,0,0,0,4,0,0,0,0,3,0,0,0
2,0,0,5,0,0,0,0,0,0,0,0,0,0,0,1,0,0,0
0,0,0,0,0,0,0,0,0,0,0,1,0,0,0,0,1,0,0
0,0,0,1,0,0,0,0,0,0,0,0,0,0,0,1,0,0,0
0,0,0,1,0,0,0,0,0,0,0,0,0,0,0,0,0,0,0
2,0,0,1,0,0,0,0,0,0,3,0,0,0,0,1,0,0,0
4,4,0,25,12,1,0,0,0,0,13,0,0,0,2,16,0,1,0
14,3,0,15,2,0,0,0,1,0,2,1,0,0,1,2,2,0,0
5,4,0,15,1,2,0,0,0,1,4,0,0,0,0,4,0,0,0
2,1,0,7,1,0,0,1,0,0,1,1,0,0,2,1,2,1,0
2,0,0,6,9,0,0,1,0,0,5,4,0,0,0,21,2,0,0
15,2,1,21,10,0,0,0,0,0,12,0,0,0,0,14,1,0,0
1,5,0,18,41,0,1,0,0,0,20,0,0,0,10,19,2,9,0
18,1,1,25,7,1,0,1,0,0,10,1,0,0,1,9,0,0,0
7,1,0,17,8,0,0,0,0,0,6,0,0,0,2,6,0,0,0
12,1,0,28,11,2,0,0,0,0,19,1,1,1,6,29,0,1,0
9,0,0,17,0,2,0,0,0,0,16,3,0,1,1,13,0,1,0
3,0,0,6,0,1,0,0,0,0,4,1,1,0,0,5,0,0,0
5,1,0,3,8,0,0,0,0,0,5,0,0,0,1,11,0,0,0
0,0,0,3,1,0,0,0,0,0,1,0,0,0,0,1,0,1,0
0,0,0,1,0,0,0,0,0,0,1,0,1,0,0,0,0,0,0
12,3,1,35,18,0,0,0,0,0,7,2,1,0,0,11,0,3,0
8,2,0,20,19,1,0,0,0,0,9,0,7,0,0,20,0,1,0
2,0,0,12,2,0,0,0,1,0,3,0,0,0,0,2,0,1,0
8,11,0,18,27,1,0,0,0,0,9,1,2,0,0,12,0,0,0
11,0,1,16,10,0,1,0,0,0,14,0,1,0,0,5,1,3,0
3,0,0,6,4,0,0,0,0,0,2,3,0,0,1,4,0,0,0
1,1,0,6,0,0,0,0,0,0,6,0,0,0,0,5,0,0,0
10,3,0,13,8,0,0,0,0,0,7,0,0,0,0,2,0,1,0
11,0,1,19,17,0,0,0,0,0,13,1,0,0,4,11,0,2,0
0,0,0,4,1,0,0,0,0,0,2,0,0,0,0,1,0,0,0
11,6,0,26,7,0,0,1,0,0,17,0,0,0,3,15,0,0,0
5,2,0,6,3,0,0,1,0,0,3,0,0,0,1,2,0,0,0
10,1,0,22,8,0,0,0,0,0,12,0,0,1,1,4,0,0,0
18,0,0,11,19,0,0,0,0,0,21,0,4,0,0,18,4,15,0
4,1,0,4,2,0,0,0,0,0,2,0,0,0,0,3,0,1,0
4,0,0,7,11,0,0,1,0,0,11,0,1,0,0,4,0,0,0
1,0,0,0,4,0,0,0,0,0,22,0,3,0,6,5,0,0,0
6,2,1,8,15,0,0,0,0,0,7,1,1,0,0,5,7,6,0
2,0,0,7,3,0,0,0,0,0,7,0,0,0,0,2,0,0,0
7,1,0,13,5,0,0,0,0,0,16,1,1,0,0,4,0,0,0
4,7,2,27,31,0,0,0,0,0,19,1,1,0,2,13,0,1,0
10,0,1,13,4,0,0,0,0,0,14,0,0,0,1,3,0,2,0
13,2,0,24,7,0,0,3,0,0,29,1,2,2,2,28,0,1,0
7,0,1,12,1,0,0,0,2,0,9,0,0,1,3,11,0,0,0
